rid,current_station,current_delay,date_of_service,final_delay
202401018101208,WEY,-1.0,2024-01-01,0.0
202401018101212,WEY,-1.0,2024-01-01,2.0
202401018101214,WEY,-1.0,2024-01-01,-1.0
202401018101216,WEY,0.0,2024-01-01,4.0
202401018101218,WEY,-1.0,2024-01-01,-2.0
202401018101220,WEY,-1.0,2024-01-01,-1.0
202401018102608,WEY,-1.0,2024-01-01,-3.0
202401018102610,WEY,-1.0,2024-01-01,-4.0
202401018102612,WEY,-1.0,2024-01-01,-3.0
202401018102614,WEY,-1.0,2024-01-01,-1.0
202401018102616,WEY,-1.0,2024-01-01,7.0
202401018102618,WEY,-1.0,2024-01-01,2.0
202401018142837,WEY,-1.0,2024-01-01,-3.0
202401018142838,WEY,0.0,2024-01-01,0.0
202401027622346,WEY,5.0,2024-01-02,
202401028901078,WEY,0.0,2024-01-02,
202401028901080,WEY,0.0,2024-01-02,
202401028901083,WEY,0.0,2024-01-02,
202401028901086,WEY,0.0,2024-01-02,
202401028901090,WEY,-1.0,2024-01-02,45.0
202401028901095,WEY,7.0,2024-01-02,
202401028901099,WEY,17.0,2024-01-02,
202401028901104,WEY,18.0,2024-01-02,
202401028901108,WEY,,2024-01-02,
202401028901113,WEY,,2024-01-02,
202401028901118,WEY,,2024-01-02,
202401028901123,WEY,,2024-01-02,
202401028901132,WEY,,2024-01-02,
202401028901147,WEY,-1.0,2024-01-02,
202401028901152,WEY,-1.0,2024-01-02,
202401028901157,WEY,0.0,2024-01-02,
202401028901162,WEY,1.0,2024-01-02,23.0
202401028901167,WEY,-1.0,2024-01-02,22.0
202401028901172,WEY,21.0,2024-01-02,
202401028901182,WEY,4.0,2024-01-02,
202401028901187,WEY,,2024-01-02,
202401028901192,WEY,,2024-01-02,
202401028901197,WEY,,2024-01-02,
202401028901203,WEY,,2024-01-02,
202401028901211,WEY,,2024-01-02,
202401037622346,WEY,0.0,2024-01-03,-1.0
202401038901078,WEY,-1.0,2024-01-03,-1.0
202401038901080,WEY,0.0,2024-01-03,0.0
202401038901083,WEY,1.0,2024-01-03,5.0
202401038901086,WEY,0.0,2024-01-03,-4.0
202401038901090,WEY,0.0,2024-01-03,-4.0
202401038901095,WEY,0.0,2024-01-03,19.0
202401038901099,WEY,0.0,2024-01-03,2.0
202401038901104,WEY,0.0,2024-01-03,-2.0
202401038901108,WEY,0.0,2024-01-03,9.0
202401038901113,WEY,0.0,2024-01-03,3.0
202401038901118,WEY,-1.0,2024-01-03,-1.0
202401038901123,WEY,9.0,2024-01-03,-6.0
202401038901132,WEY,0.0,2024-01-03,0.0
202401038901147,WEY,-1.0,2024-01-03,3.0
202401038901152,WEY,-1.0,2024-01-03,3.0
202401038901157,WEY,0.0,2024-01-03,2.0
202401038901162,WEY,0.0,2024-01-03,1.0
202401038901167,WEY,-1.0,2024-01-03,4.0
202401038901172,WEY,-1.0,2024-01-03,4.0
202401038901182,WEY,-1.0,2024-01-03,4.0
202401038901187,WEY,-1.0,2024-01-03,15.0
202401038901192,WEY,-1.0,2024-01-03,1.0
202401038901197,WEY,-1.0,2024-01-03,-5.0
202401038901203,WEY,0.0,2024-01-03,0.0
202401038901211,WEY,-1.0,2024-01-03,-1.0
202401047622346,WEY,-1.0,2024-01-04,18.0
202401048901078,WEY,-1.0,2024-01-04,-1.0
202401048901080,WEY,-1.0,2024-01-04,3.0
202401048901083,WEY,-1.0,2024-01-04,1.0
202401048901086,WEY,-1.0,2024-01-04,5.0
202401048901090,WEY,-1.0,2024-01-04,19.0
202401048901095,WEY,1.0,2024-01-04,22.0
202401048901099,WEY,2.0,2024-01-04,29.0
202401048901104,WEY,1.0,2024-01-04,44.0
202401048901108,WEY,2.0,2024-01-04,56.0
202401048901113,WEY,-1.0,2024-01-04,
202401048901118,WEY,1.0,2024-01-04,
202401048901123,WEY,4.0,2024-01-04,
202401048901132,WEY,,2024-01-04,
202401048901147,WEY,-1.0,2024-01-04,0.0
202401048901152,WEY,-1.0,2024-01-04,18.0
202401048901157,WEY,-1.0,2024-01-04,1.0
202401048901162,WEY,-1.0,2024-01-04,20.0
202401048901167,WEY,-1.0,2024-01-04,18.0
202401048901172,WEY,-1.0,2024-01-04,15.0
202401048901182,WEY,-1.0,2024-01-04,34.0
202401048901187,WEY,9.0,2024-01-04,
202401048901192,WEY,1.0,2024-01-04,
202401048901197,WEY,15.0,2024-01-04,
202401048901203,WEY,,2024-01-04,
202401048901211,WEY,,2024-01-04,
202401057622346,WEY,0.0,2024-01-05,8.0
202401058901078,WEY,0.0,2024-01-05,11.0
202401058901080,WEY,0.0,2024-01-05,5.0
202401058901083,WEY,-1.0,2024-01-05,3.0
202401058901086,WEY,-1.0,2024-01-05,1.0
202401058901090,WEY,1.0,2024-01-05,2.0
202401058901095,WEY,0.0,2024-01-05,3.0
202401058901099,WEY,0.0,2024-01-05,18.0
202401058901104,WEY,-1.0,2024-01-05,-5.0
202401058901108,WEY,-1.0,2024-01-05,-1.0
202401058901113,WEY,0.0,2024-01-05,0.0
202401058901118,WEY,-1.0,2024-01-05,14.0
202401058901123,WEY,0.0,2024-01-05,1.0
202401058901131,WEY,0.0,2024-01-05,14.0
202401058901147,WEY,-1.0,2024-01-05,4.0
202401058901152,WEY,7.0,2024-01-05,14.0
202401058901157,WEY,0.0,2024-01-05,0.0
202401058901162,WEY,-1.0,2024-01-05,3.0
202401058901167,WEY,0.0,2024-01-05,3.0
202401058901172,WEY,-1.0,2024-01-05,1.0
202401058901182,WEY,-1.0,2024-01-05,7.0
202401058901187,WEY,1.0,2024-01-05,4.0
202401058901192,WEY,-1.0,2024-01-05,-1.0
202401058901197,WEY,-1.0,2024-01-05,4.0
202401058901202,WEY,-1.0,2024-01-05,11.0
202401058901210,WEY,5.0,2024-01-05,-1.0
202401067622389,WEY,-1.0,2024-01-06,0.0
202401068901079,WEY,-1.0,2024-01-06,0.0
202401068901081,WEY,0.0,2024-01-06,
202401068901084,WEY,0.0,2024-01-06,
202401068901087,WEY,0.0,2024-01-06,
202401068901091,WEY,-1.0,2024-01-06,
202401068901096,WEY,0.0,2024-01-06,
202401068901100,WEY,,2024-01-06,
202401068901105,WEY,2.0,2024-01-06,-2.0
202401068901109,WEY,0.0,2024-01-06,1.0
202401068901114,WEY,0.0,2024-01-06,-2.0
202401068901119,WEY,0.0,2024-01-06,26.0
202401068901124,WEY,0.0,2024-01-06,0.0
202401068901229,WEY,-1.0,2024-01-06,-1.0
202401068901231,WEY,-1.0,2024-01-06,-1.0
202401078901115,WEY,-1.0,2024-01-07,30.0
202401078901125,WEY,-1.0,2024-01-07,3.0
202401078901133,WEY,-1.0,2024-01-07,0.0
202401078901137,WEY,0.0,2024-01-07,-1.0
202401078901139,WEY,0.0,2024-01-07,1.0
202401078901142,WEY,-3.0,2024-01-07,-1.0
202401078901149,WEY,-1.0,2024-01-07,3.0
202401078901159,WEY,-1.0,2024-01-07,1.0
202401078901169,WEY,1.0,2024-01-07,7.0
202401078901179,WEY,-1.0,2024-01-07,4.0
202401078901189,WEY,16.0,2024-01-07,6.0
202401078901199,WEY,-1.0,2024-01-07,-1.0
202401078901207,WEY,-1.0,2024-01-07,-8.0
202401078901215,WEY,-1.0,2024-01-07,1.0
202401087622346,WEY,0.0,2024-01-08,-1.0
202401088901078,WEY,-1.0,2024-01-08,-2.0
202401088901080,WEY,1.0,2024-01-08,0.0
202401088901083,WEY,4.0,2024-01-08,-3.0
202401088901086,WEY,0.0,2024-01-08,6.0
202401088901090,WEY,0.0,2024-01-08,-2.0
202401088901095,WEY,-1.0,2024-01-08,
202401088901099,WEY,0.0,2024-01-08,3.0
202401088901104,WEY,0.0,2024-01-08,5.0
202401088901108,WEY,-1.0,2024-01-08,9.0
202401088901113,WEY,0.0,2024-01-08,4.0
202401088901118,WEY,2.0,2024-01-08,11.0
202401088901123,WEY,0.0,2024-01-08,-6.0
202401088901132,WEY,0.0,2024-01-08,0.0
202401088901147,WEY,-1.0,2024-01-08,3.0
202401088901152,WEY,-1.0,2024-01-08,-1.0
202401088901157,WEY,0.0,2024-01-08,1.0
202401088901162,WEY,-1.0,2024-01-08,1.0
202401088901167,WEY,-1.0,2024-01-08,
202401088901172,WEY,-1.0,2024-01-08,14.0
202401088901182,WEY,0.0,2024-01-08,13.0
202401088901187,WEY,-1.0,2024-01-08,1.0
202401088901192,WEY,-2.0,2024-01-08,0.0
202401088901197,WEY,-1.0,2024-01-08,-1.0
202401088901203,WEY,0.0,2024-01-08,-1.0
202401088901211,WEY,0.0,2024-01-08,-2.0
202401097622346,WEY,-1.0,2024-01-09,1.0
202401098901078,WEY,-1.0,2024-01-09,7.0
202401098901080,WEY,-1.0,2024-01-09,0.0
202401098901083,WEY,1.0,2024-01-09,-1.0
202401098901086,WEY,0.0,2024-01-09,-2.0
202401098901090,WEY,-1.0,2024-01-09,-1.0
202401098901095,WEY,0.0,2024-01-09,-2.0
202401098901099,WEY,0.0,2024-01-09,0.0
202401098901104,WEY,0.0,2024-01-09,8.0
202401098901108,WEY,0.0,2024-01-09,0.0
202401098901113,WEY,0.0,2024-01-09,0.0
202401098901118,WEY,0.0,2024-01-09,-3.0
202401098901123,WEY,0.0,2024-01-09,-1.0
202401098901132,WEY,0.0,2024-01-09,-1.0
202401098901147,WEY,-1.0,2024-01-09,2.0
202401098901152,WEY,-1.0,2024-01-09,18.0
202401098901157,WEY,-1.0,2024-01-09,3.0
202401098901162,WEY,-1.0,2024-01-09,1.0
202401098901167,WEY,-1.0,2024-01-09,2.0
202401098901172,WEY,-1.0,2024-01-09,4.0
202401098901182,WEY,-1.0,2024-01-09,10.0
202401098901187,WEY,-1.0,2024-01-09,5.0
202401098901192,WEY,-1.0,2024-01-09,2.0
202401098901197,WEY,-1.0,2024-01-09,-4.0
202401098901203,WEY,0.0,2024-01-09,-1.0
202401098901211,WEY,-1.0,2024-01-09,-3.0
202401107622346,WEY,-1.0,2024-01-10,2.0
202401108901078,WEY,-1.0,2024-01-10,1.0
202401108901080,WEY,1.0,2024-01-10,0.0
202401108901083,WEY,0.0,2024-01-10,0.0
202401108901086,WEY,0.0,2024-01-10,-2.0
202401108901090,WEY,0.0,2024-01-10,-2.0
202401108901095,WEY,-1.0,2024-01-10,1.0
202401108901099,WEY,0.0,2024-01-10,0.0
202401108901104,WEY,0.0,2024-01-10,0.0
202401108901108,WEY,0.0,2024-01-10,-2.0
202401108901113,WEY,1.0,2024-01-10,1.0
202401108901118,WEY,2.0,2024-01-10,-3.0
202401108901123,WEY,0.0,2024-01-10,-3.0
202401108901132,WEY,-1.0,2024-01-10,2.0
202401108901147,WEY,-1.0,2024-01-10,6.0
202401108901152,WEY,-1.0,2024-01-10,1.0
202401108901157,WEY,0.0,2024-01-10,1.0
202401108901162,WEY,-1.0,2024-01-10,0.0
202401108901167,WEY,-1.0,2024-01-10,3.0
202401108901172,WEY,-1.0,2024-01-10,-1.0
202401108901182,WEY,-1.0,2024-01-10,0.0
202401108901187,WEY,-1.0,2024-01-10,6.0
202401108901192,WEY,-1.0,2024-01-10,1.0
202401108901197,WEY,0.0,2024-01-10,-1.0
202401108901203,WEY,-1.0,2024-01-10,0.0
202401108901211,WEY,-1.0,2024-01-10,-2.0
202401117622346,WEY,-1.0,2024-01-11,17.0
202401118901078,WEY,0.0,2024-01-11,2.0
202401118901080,WEY,0.0,2024-01-11,0.0
202401118901083,WEY,0.0,2024-01-11,1.0
202401118901086,WEY,0.0,2024-01-11,-5.0
202401118901090,WEY,0.0,2024-01-11,-2.0
202401118901095,WEY,0.0,2024-01-11,13.0
202401118901099,WEY,0.0,2024-01-11,3.0
202401118901104,WEY,0.0,2024-01-11,19.0
202401118901108,WEY,0.0,2024-01-11,16.0
202401118901113,WEY,0.0,2024-01-11,12.0
202401118901118,WEY,1.0,2024-01-11,-2.0
202401118901123,WEY,0.0,2024-01-11,-1.0
202401118901132,WEY,0.0,2024-01-11,16.0
202401118901147,WEY,-1.0,2024-01-11,4.0
202401118901152,WEY,-1.0,2024-01-11,8.0
202401118901157,WEY,-1.0,2024-01-11,3.0
202401118901162,WEY,0.0,2024-01-11,1.0
202401118901167,WEY,-1.0,2024-01-11,8.0
202401118901172,WEY,0.0,2024-01-11,4.0
202401118901182,WEY,0.0,2024-01-11,16.0
202401118901187,WEY,-1.0,2024-01-11,15.0
202401118901192,WEY,-1.0,2024-01-11,14.0
202401118901197,WEY,0.0,2024-01-11,-1.0
202401118901203,WEY,-1.0,2024-01-11,-1.0
202401118901211,WEY,-1.0,2024-01-11,2.0
202401127622346,WEY,1.0,2024-01-12,-1.0
202401128901078,WEY,0.0,2024-01-12,7.0
202401128901080,WEY,0.0,2024-01-12,-4.0
202401128901083,WEY,0.0,2024-01-12,-2.0
202401128901086,WEY,0.0,2024-01-12,1.0
202401128901090,WEY,0.0,2024-01-12,-5.0
202401128901095,WEY,-1.0,2024-01-12,1.0
202401128901099,WEY,14.0,2024-01-12,16.0
202401128901104,WEY,-1.0,2024-01-12,3.0
202401128901108,WEY,0.0,2024-01-12,2.0
202401128901113,WEY,0.0,2024-01-12,-2.0
202401128901118,WEY,0.0,2024-01-12,-1.0
202401128901123,WEY,0.0,2024-01-12,-3.0
202401128901131,WEY,0.0,2024-01-12,-1.0
202401128901147,WEY,-1.0,2024-01-12,2.0
202401128901152,WEY,-1.0,2024-01-12,14.0
202401128901157,WEY,-1.0,2024-01-12,1.0
202401128901162,WEY,0.0,2024-01-12,1.0
202401128901167,WEY,-1.0,2024-01-12,3.0
202401128901172,WEY,-1.0,2024-01-12,4.0
202401128901182,WEY,-1.0,2024-01-12,3.0
202401128901187,WEY,-1.0,2024-01-12,9.0
202401128901192,WEY,-1.0,2024-01-12,12.0
202401128901197,WEY,1.0,2024-01-12,-1.0
202401128901202,WEY,0.0,2024-01-12,9.0
202401128901210,WEY,-1.0,2024-01-12,0.0
202401137622389,WEY,-1.0,2024-01-13,3.0
202401138901079,WEY,0.0,2024-01-13,2.0
202401138901081,WEY,0.0,2024-01-13,1.0
202401138901084,WEY,0.0,2024-01-13,3.0
202401138901087,WEY,-1.0,2024-01-13,3.0
202401138901091,WEY,0.0,2024-01-13,1.0
202401138901096,WEY,0.0,2024-01-13,4.0
202401138901100,WEY,0.0,2024-01-13,2.0
202401138901105,WEY,0.0,2024-01-13,3.0
202401138901109,WEY,0.0,2024-01-13,3.0
202401138901114,WEY,-1.0,2024-01-13,2.0
202401138901119,WEY,0.0,2024-01-13,11.0
202401138901124,WEY,0.0,2024-01-13,13.0
202401138901212,WEY,-1.0,2024-01-13,-3.0
202401138901229,WEY,0.0,2024-01-13,15.0
202401138901231,WEY,-1.0,2024-01-13,1.0
202401148901115,WEY,0.0,2024-01-14,4.0
202401148901125,WEY,-1.0,2024-01-14,0.0
202401148901133,WEY,0.0,2024-01-14,2.0
202401148901137,WEY,-1.0,2024-01-14,1.0
202401148901139,WEY,-1.0,2024-01-14,1.0
202401148901142,WEY,-1.0,2024-01-14,0.0
202401148901149,WEY,0.0,2024-01-14,0.0
202401148901159,WEY,-1.0,2024-01-14,3.0
202401148901169,WEY,-1.0,2024-01-14,3.0
202401148901179,WEY,0.0,2024-01-14,0.0
202401148901189,WEY,-1.0,2024-01-14,26.0
202401148901199,WEY,-1.0,2024-01-14,1.0
202401148901207,WEY,0.0,2024-01-14,0.0
202401148901215,WEY,-1.0,2024-01-14,-1.0
202401157622346,WEY,-1.0,2024-01-15,-1.0
202401158901078,WEY,0.0,2024-01-15,16.0
202401158901080,WEY,0.0,2024-01-15,
202401158901083,WEY,0.0,2024-01-15,2.0
202401158901086,WEY,1.0,2024-01-15,-2.0
202401158901090,WEY,1.0,2024-01-15,2.0
202401158901095,WEY,0.0,2024-01-15,5.0
202401158901099,WEY,0.0,2024-01-15,-1.0
202401158901104,WEY,0.0,2024-01-15,-1.0
202401158901108,WEY,0.0,2024-01-15,7.0
202401158901113,WEY,1.0,2024-01-15,5.0
202401158901118,WEY,0.0,2024-01-15,9.0
202401158901123,WEY,13.0,2024-01-15,14.0
202401158901132,WEY,14.0,2024-01-15,0.0
202401158901147,WEY,-1.0,2024-01-15,5.0
202401158901152,WEY,-1.0,2024-01-15,
202401158901157,WEY,0.0,2024-01-15,18.0
202401158901162,WEY,-2.0,2024-01-15,1.0
202401158901167,WEY,-2.0,2024-01-15,3.0
202401158901172,WEY,-1.0,2024-01-15,4.0
202401158901182,WEY,-1.0,2024-01-15,6.0
202401158901187,WEY,-1.0,2024-01-15,15.0
202401158901192,WEY,1.0,2024-01-15,26.0
202401158901197,WEY,7.0,2024-01-15,0.0
202401158901203,WEY,6.0,2024-01-15,0.0
202401158901211,WEY,7.0,2024-01-15,-3.0
202401167622346,WEY,-1.0,2024-01-16,-1.0
202401168901078,WEY,-1.0,2024-01-16,1.0
202401168901080,WEY,0.0,2024-01-16,1.0
202401168901083,WEY,-1.0,2024-01-16,3.0
202401168901086,WEY,1.0,2024-01-16,7.0
202401168901090,WEY,0.0,2024-01-16,3.0
202401168901095,WEY,-1.0,2024-01-16,-1.0
202401168901099,WEY,0.0,2024-01-16,-1.0
202401168901104,WEY,0.0,2024-01-16,-2.0
202401168901108,WEY,-1.0,2024-01-16,6.0
202401168901113,WEY,0.0,2024-01-16,0.0
202401168901118,WEY,-1.0,2024-01-16,-2.0
202401168901123,WEY,1.0,2024-01-16,1.0
202401168901132,WEY,2.0,2024-01-16,3.0
202401168901147,WEY,-1.0,2024-01-16,6.0
202401168901152,WEY,-1.0,2024-01-16,2.0
202401168901157,WEY,-1.0,2024-01-16,5.0
202401168901162,WEY,1.0,2024-01-16,14.0
202401168901167,WEY,-1.0,2024-01-16,2.0
202401168901172,WEY,-1.0,2024-01-16,3.0
202401168901182,WEY,-1.0,2024-01-16,4.0
202401168901187,WEY,-1.0,2024-01-16,6.0
202401168901192,WEY,0.0,2024-01-16,1.0
202401168901197,WEY,-1.0,2024-01-16,0.0
202401168901203,WEY,0.0,2024-01-16,1.0
202401168901211,WEY,0.0,2024-01-16,-3.0
202401177622346,WEY,-1.0,2024-01-17,2.0
202401178901078,WEY,-1.0,2024-01-17,6.0
202401178901080,WEY,1.0,2024-01-17,5.0
202401178901083,WEY,-1.0,2024-01-17,-3.0
202401178901086,WEY,0.0,2024-01-17,-3.0
202401178901090,WEY,0.0,2024-01-17,-5.0
202401178901095,WEY,-1.0,2024-01-17,-1.0
202401178901099,WEY,0.0,2024-01-17,-1.0
202401178901104,WEY,0.0,2024-01-17,-1.0
202401178901108,WEY,4.0,2024-01-17,0.0
202401178901113,WEY,1.0,2024-01-17,-2.0
202401178901118,WEY,1.0,2024-01-17,1.0
202401178901123,WEY,0.0,2024-01-17,-6.0
202401178901132,WEY,1.0,2024-01-17,-2.0
202401178901147,WEY,-1.0,2024-01-17,5.0
202401178901152,WEY,-1.0,2024-01-17,2.0
202401178901157,WEY,-1.0,2024-01-17,5.0
202401178901162,WEY,-1.0,2024-01-17,5.0
202401178901167,WEY,-1.0,2024-01-17,8.0
202401178901172,WEY,-1.0,2024-01-17,2.0
202401178901182,WEY,0.0,2024-01-17,3.0
202401178901187,WEY,-1.0,2024-01-17,0.0
202401178901192,WEY,-1.0,2024-01-17,9.0
202401178901197,WEY,-1.0,2024-01-17,-6.0
202401178901203,WEY,-1.0,2024-01-17,-1.0
202401178901211,WEY,-1.0,2024-01-17,0.0
202401187622346,WEY,2.0,2024-01-18,2.0
202401188901078,WEY,0.0,2024-01-18,-3.0
202401188901080,WEY,0.0,2024-01-18,27.0
202401188901083,WEY,0.0,2024-01-18,-2.0
202401188901086,WEY,2.0,2024-01-18,-4.0
202401188901090,WEY,0.0,2024-01-18,3.0
202401188901095,WEY,-1.0,2024-01-18,1.0
202401188901099,WEY,1.0,2024-01-18,1.0
202401188901104,WEY,0.0,2024-01-18,-1.0
202401188901108,WEY,1.0,2024-01-18,5.0
202401188901113,WEY,7.0,2024-01-18,0.0
202401188901118,WEY,-1.0,2024-01-18,-1.0
202401188901123,WEY,-1.0,2024-01-18,1.0
202401188901132,WEY,1.0,2024-01-18,3.0
202401188901147,WEY,-1.0,2024-01-18,15.0
202401188901152,WEY,0.0,2024-01-18,7.0
202401188901157,WEY,-1.0,2024-01-18,3.0
202401188901162,WEY,-1.0,2024-01-18,6.0
202401188901167,WEY,0.0,2024-01-18,-2.0
202401188901172,WEY,0.0,2024-01-18,3.0
202401188901182,WEY,-1.0,2024-01-18,1.0
202401188901187,WEY,-1.0,2024-01-18,8.0
202401188901192,WEY,-1.0,2024-01-18,-1.0
202401188901197,WEY,-1.0,2024-01-18,-6.0
202401188901203,WEY,0.0,2024-01-18,-2.0
202401188901211,WEY,-1.0,2024-01-18,-1.0
202401197622346,WEY,-1.0,2024-01-19,11.0
202401198901078,WEY,-1.0,2024-01-19,16.0
202401198901080,WEY,3.0,2024-01-19,1.0
202401198901083,WEY,0.0,2024-01-19,-6.0
202401198901086,WEY,2.0,2024-01-19,6.0
202401198901090,WEY,0.0,2024-01-19,4.0
202401198901095,WEY,1.0,2024-01-19,2.0
202401198901099,WEY,1.0,2024-01-19,5.0
202401198901104,WEY,0.0,2024-01-19,6.0
202401198901108,WEY,0.0,2024-01-19,2.0
202401198901113,WEY,-1.0,2024-01-19,-2.0
202401198901118,WEY,1.0,2024-01-19,1.0
202401198901123,WEY,0.0,2024-01-19,3.0
202401198901131,WEY,2.0,2024-01-19,0.0
202401198901147,WEY,0.0,2024-01-19,12.0
202401198901152,WEY,-1.0,2024-01-19,3.0
202401198901157,WEY,-1.0,2024-01-19,3.0
202401198901162,WEY,0.0,2024-01-19,1.0
202401198901167,WEY,20.0,2024-01-19,20.0
202401198901172,WEY,-1.0,2024-01-19,0.0
202401198901182,WEY,-1.0,2024-01-19,15.0
202401198901187,WEY,-1.0,2024-01-19,9.0
202401198901192,WEY,0.0,2024-01-19,3.0
202401198901197,WEY,-2.0,2024-01-19,-1.0
202401198901202,WEY,0.0,2024-01-19,2.0
202401198901210,WEY,-1.0,2024-01-19,2.0
202401207622389,WEY,-1.0,2024-01-20,-2.0
202401208901079,WEY,-1.0,2024-01-20,-3.0
202401208901081,WEY,0.0,2024-01-20,10.0
202401208901084,WEY,0.0,2024-01-20,-3.0
202401208901087,WEY,-1.0,2024-01-20,13.0
202401208901091,WEY,0.0,2024-01-20,2.0
202401208901096,WEY,-1.0,2024-01-20,-3.0
202401208901105,WEY,0.0,2024-01-20,18.0
202401208901109,WEY,0.0,2024-01-20,-1.0
202401208901114,WEY,0.0,2024-01-20,3.0
202401208901119,WEY,0.0,2024-01-20,-3.0
202401208901124,WEY,0.0,2024-01-20,0.0
202401208901141,WEY,-1.0,2024-01-20,7.0
202401208901143,WEY,-1.0,2024-01-20,0.0
202401208901148,WEY,-1.0,2024-01-20,3.0
202401208901153,WEY,-1.0,2024-01-20,-6.0
202401208901158,WEY,-1.0,2024-01-20,0.0
202401208901163,WEY,-1.0,2024-01-20,12.0
202401208901168,WEY,-1.0,2024-01-20,1.0
202401208901173,WEY,-1.0,2024-01-20,-2.0
202401208901178,WEY,-1.0,2024-01-20,1.0
202401208901183,WEY,-1.0,2024-01-20,7.0
202401208901188,WEY,-1.0,2024-01-20,3.0
202401208901193,WEY,-1.0,2024-01-20,3.0
202401208901198,WEY,-1.0,2024-01-20,-3.0
202401208901204,WEY,-1.0,2024-01-20,-2.0
202401208901212,WEY,-1.0,2024-01-20,-1.0
202401208901229,WEY,-1.0,2024-01-20,-1.0
202401208901231,WEY,-1.0,2024-01-20,0.0
202401218901125,WEY,-1.0,2024-01-21,15.0
202401218901133,WEY,-1.0,2024-01-21,10.0
202401218901137,WEY,-1.0,2024-01-21,10.0
202401218901139,WEY,-1.0,2024-01-21,-1.0
202401218901142,WEY,-1.0,2024-01-21,-1.0
202401218901149,WEY,2.0,2024-01-21,-1.0
202401218901159,WEY,3.0,2024-01-21,6.0
202401218901169,WEY,-1.0,2024-01-21,
202401218901179,WEY,-1.0,2024-01-21,
202401218901189,WEY,0.0,2024-01-21,
202401218901199,WEY,0.0,2024-01-21,
202401218901207,WEY,-1.0,2024-01-21,-1377.0
202401218901215,WEY,3.0,2024-01-21,12.0
202401228901078,WEY,0.0,2024-01-22,2.0
202401228901080,WEY,-1.0,2024-01-22,24.0
202401228901083,WEY,-1.0,2024-01-22,6.0
202401228901086,WEY,1.0,2024-01-22,-1.0
202401228901090,WEY,-1.0,2024-01-22,
202401228901095,WEY,0.0,2024-01-22,23.0
202401228901123,WEY,,2024-01-22,
202401228901147,WEY,-1.0,2024-01-22,9.0
202401228901152,WEY,0.0,2024-01-22,17.0
202401228901157,WEY,-1.0,2024-01-22,1.0
202401228901162,WEY,-1.0,2024-01-22,1.0
202401228901167,WEY,1.0,2024-01-22,3.0
202401237622346,WEY,-1.0,2024-01-23,0.0
202401238901078,WEY,0.0,2024-01-23,4.0
202401238901080,WEY,0.0,2024-01-23,-3.0
202401238901083,WEY,0.0,2024-01-23,-1.0
202401238901086,WEY,1.0,2024-01-23,10.0
202401238901090,WEY,0.0,2024-01-23,-4.0
202401238901095,WEY,1.0,2024-01-23,-5.0
202401238901099,WEY,-1.0,2024-01-23,1.0
202401238901104,WEY,0.0,2024-01-23,-5.0
202401238901108,WEY,0.0,2024-01-23,-4.0
202401238901113,WEY,0.0,2024-01-23,2.0
202401238901118,WEY,-1.0,2024-01-23,-2.0
202401238901123,WEY,0.0,2024-01-23,-1.0
202401238901132,WEY,0.0,2024-01-23,5.0
202401238901147,WEY,-1.0,2024-01-23,1.0
202401238901152,WEY,-1.0,2024-01-23,14.0
202401238901157,WEY,-1.0,2024-01-23,1.0
202401238901162,WEY,-1.0,2024-01-23,1.0
202401238901167,WEY,-1.0,2024-01-23,0.0
202401238901172,WEY,-1.0,2024-01-23,1.0
202401238901182,WEY,-1.0,2024-01-23,-2.0
202401238901187,WEY,0.0,2024-01-23,4.0
202401238901192,WEY,0.0,2024-01-23,4.0
202401238901197,WEY,-2.0,2024-01-23,-1.0
202401238901203,WEY,-1.0,2024-01-23,-2.0
202401238901211,WEY,-1.0,2024-01-23,7.0
202401247622346,WEY,-1.0,2024-01-24,2.0
202401248901090,WEY,0.0,2024-01-24,-2.0
202401248901095,WEY,-1.0,2024-01-24,-1.0
202401248901099,WEY,0.0,2024-01-24,8.0
202401248901104,WEY,-1.0,2024-01-24,-4.0
202401248901108,WEY,1.0,2024-01-24,-2.0
202401248901113,WEY,0.0,2024-01-24,-2.0
202401248901118,WEY,0.0,2024-01-24,-1.0
202401248901123,WEY,-1.0,2024-01-24,1.0
202401248901132,WEY,-1.0,2024-01-24,1.0
202401248901162,WEY,0.0,2024-01-24,0.0
202401248901167,WEY,-1.0,2024-01-24,1.0
202401248901172,WEY,-1.0,2024-01-24,4.0
202401248901182,WEY,-1.0,2024-01-24,5.0
202401248901187,WEY,0.0,2024-01-24,-1.0
202401248901192,WEY,0.0,2024-01-24,4.0
202401248901197,WEY,1.0,2024-01-24,-3.0
202401248901203,WEY,-1.0,2024-01-24,5.0
202401248901211,WEY,-1.0,2024-01-24,-3.0
202401257622346,WEY,-1.0,2024-01-25,15.0
202401258901078,WEY,-1.0,2024-01-25,
202401258901080,WEY,1.0,2024-01-25,
202401258901083,WEY,53.0,2024-01-25,
202401258901086,WEY,,2024-01-25,
202401258901090,WEY,,2024-01-25,
202401258901095,WEY,11.0,2024-01-25,33.0
202401258901099,WEY,57.0,2024-01-25,61.0
202401258901104,WEY,,2024-01-25,
202401258901108,WEY,0.0,2024-01-25,13.0
202401258901113,WEY,-1.0,2024-01-25,9.0
202401258901118,WEY,0.0,2024-01-25,0.0
202401258901123,WEY,4.0,2024-01-25,-3.0
202401258901132,WEY,-1.0,2024-01-25,-2.0
202401258901147,WEY,-1.0,2024-01-25,
202401258901152,WEY,-1.0,2024-01-25,
202401258901157,WEY,,2024-01-25,
202401258901162,WEY,,2024-01-25,
202401258901167,WEY,,2024-01-25,
202401258901172,WEY,,2024-01-25,
202401258901182,WEY,7.0,2024-01-25,14.0
202401258901187,WEY,15.0,2024-01-25,32.0
202401258901192,WEY,-1.0,2024-01-25,6.0
202401258901197,WEY,0.0,2024-01-25,-4.0
202401258901203,WEY,-1.0,2024-01-25,-1.0
202401258901211,WEY,1.0,2024-01-25,-2.0
202401267622346,WEY,0.0,2024-01-26,11.0
202401268901078,WEY,0.0,2024-01-26,-1.0
202401268901080,WEY,0.0,2024-01-26,8.0
202401268901083,WEY,0.0,2024-01-26,4.0
202401268901086,WEY,0.0,2024-01-26,
202401268901090,WEY,0.0,2024-01-26,
202401268901095,WEY,0.0,2024-01-26,17.0
202401268901099,WEY,3.0,2024-01-26,-1.0
202401268901104,WEY,2.0,2024-01-26,-2.0
202401268901108,WEY,0.0,2024-01-26,6.0
202401268901113,WEY,0.0,2024-01-26,-1.0
202401268901118,WEY,0.0,2024-01-26,-1.0
202401268901123,WEY,0.0,2024-01-26,-5.0
202401268901131,WEY,0.0,2024-01-26,1.0
202401268901147,WEY,2.0,2024-01-26,13.0
202401268901152,WEY,-1.0,2024-01-26,6.0
202401268901157,WEY,-1.0,2024-01-26,1.0
202401268901162,WEY,-1.0,2024-01-26,
202401268901167,WEY,,2024-01-26,
202401268901172,WEY,9.0,2024-01-26,15.0
202401268901182,WEY,-1.0,2024-01-26,20.0
202401268901187,WEY,-1.0,2024-01-26,3.0
202401268901192,WEY,-1.0,2024-01-26,13.0
202401268901197,WEY,-1.0,2024-01-26,-1.0
202401268901202,WEY,-1.0,2024-01-26,7.0
202401268901210,WEY,-1.0,2024-01-26,17.0
202401277622389,WEY,1.0,2024-01-27,-3.0
202401278901079,WEY,0.0,2024-01-27,-2.0
202401278901081,WEY,0.0,2024-01-27,4.0
202401278901084,WEY,-1.0,2024-01-27,-1.0
202401278901087,WEY,-1.0,2024-01-27,0.0
202401278901091,WEY,-1.0,2024-01-27,-3.0
202401278901096,WEY,-1.0,2024-01-27,
202401278901100,WEY,0.0,2024-01-27,21.0
202401278901105,WEY,0.0,2024-01-27,20.0
202401278901109,WEY,4.0,2024-01-27,2.0
202401278901114,WEY,6.0,2024-01-27,-3.0
202401278901119,WEY,-1.0,2024-01-27,-4.0
202401278901124,WEY,0.0,2024-01-27,-2.0
202401278901141,WEY,-1.0,2024-01-27,6.0
202401278901143,WEY,0.0,2024-01-27,1.0
202401278901148,WEY,-2.0,2024-01-27,7.0
202401278901153,WEY,-1.0,2024-01-27,3.0
202401278901158,WEY,-1.0,2024-01-27,12.0
202401278901163,WEY,-1.0,2024-01-27,3.0
202401278901168,WEY,-1.0,2024-01-27,
202401278901173,WEY,-1.0,2024-01-27,
202401278901178,WEY,20.0,2024-01-27,25.0
202401278901183,WEY,16.0,2024-01-27,18.0
202401278901188,WEY,16.0,2024-01-27,16.0
202401278901193,WEY,3.0,2024-01-27,4.0
202401278901198,WEY,1.0,2024-01-27,0.0
202401278901204,WEY,7.0,2024-01-27,7.0
202401278901212,WEY,-1.0,2024-01-27,-3.0
202401278901229,WEY,0.0,2024-01-27,-2.0
202401278901231,WEY,-1.0,2024-01-27,-2.0
202401288901115,WEY,0.0,2024-01-28,-7.0
202401288901125,WEY,-1.0,2024-01-28,-9.0
202401288901133,WEY,-1.0,2024-01-28,-6.0
202401288901137,WEY,-1.0,2024-01-28,-1.0
202401288901139,WEY,0.0,2024-01-28,19.0
202401288901142,WEY,-1.0,2024-01-28,0.0
202401288901149,WEY,-1.0,2024-01-28,1.0
202401288901159,WEY,-1.0,2024-01-28,1.0
202401288901169,WEY,-1.0,2024-01-28,1.0
202401288901179,WEY,-1.0,2024-01-28,-1.0
202401288901189,WEY,-1.0,2024-01-28,0.0
202401288901199,WEY,-1.0,2024-01-28,1.0
202401288901207,WEY,-1.0,2024-01-28,-4.0
202401288901215,WEY,-1.0,2024-01-28,3.0
202401297622346,WEY,-1.0,2024-01-29,4.0
202401298901078,WEY,-1.0,2024-01-29,
202401298901080,WEY,0.0,2024-01-29,12.0
202401298901083,WEY,-1.0,2024-01-29,7.0
202401298901086,WEY,-1.0,2024-01-29,-1.0
202401298901090,WEY,0.0,2024-01-29,1.0
202401298901095,WEY,0.0,2024-01-29,-1.0
202401298901099,WEY,1.0,2024-01-29,
202401298901108,WEY,0.0,2024-01-29,0.0
202401298901113,WEY,-1.0,2024-01-29,2.0
202401298901118,WEY,-1.0,2024-01-29,0.0
202401298901123,WEY,-1.0,2024-01-29,-6.0
202401298901132,WEY,-1.0,2024-01-29,4.0
202401298901147,WEY,-1.0,2024-01-29,13.0
202401298901152,WEY,-2.0,2024-01-29,6.0
202401298901157,WEY,-1.0,2024-01-29,0.0
202401298901167,WEY,-1.0,2024-01-29,7.0
202401298901172,WEY,-1.0,2024-01-29,9.0
202401298901182,WEY,-1.0,2024-01-29,4.0
202401298901187,WEY,-2.0,2024-01-29,2.0
202401298901192,WEY,-1.0,2024-01-29,2.0
202401298901203,WEY,2.0,2024-01-29,-1.0
202401298901211,WEY,0.0,2024-01-29,-2.0
202401317622346,WEY,1.0,2024-01-31,2.0
202401318901080,WEY,0.0,2024-01-31,2.0
202401318901083,WEY,0.0,2024-01-31,2.0
202401318901086,WEY,1.0,2024-01-31,-2.0
202401318901090,WEY,-1.0,2024-01-31,-2.0
202401318901095,WEY,-1.0,2024-01-31,1.0
202401318901108,WEY,1.0,2024-01-31,-1.0
202401318901113,WEY,0.0,2024-01-31,0.0
202401318901118,WEY,0.0,2024-01-31,-2.0
202401318901123,WEY,-1.0,2024-01-31,-2.0
202401318901132,WEY,0.0,2024-01-31,0.0
202401318901147,WEY,-1.0,2024-01-31,4.0
202401318901152,WEY,-2.0,2024-01-31,4.0
202401318901157,WEY,-1.0,2024-01-31,-4.0
202401318901167,WEY,-1.0,2024-01-31,0.0
202401318901172,WEY,-1.0,2024-01-31,3.0
202401318901182,WEY,2.0,2024-01-31,0.0
202401318901187,WEY,-1.0,2024-01-31,3.0
202401318901192,WEY,-1.0,2024-01-31,0.0
202401318901203,WEY,-1.0,2024-01-31,9.0
202401318901211,WEY,-1.0,2024-01-31,-2.0
202402017622346,WEY,-1.0,2024-02-01,0.0
202402018901078,WEY,-1.0,2024-02-01,1.0
202402018901080,WEY,0.0,2024-02-01,-3.0
202402018901083,WEY,0.0,2024-02-01,9.0
202402018901086,WEY,,2024-02-01,
202402018901090,WEY,0.0,2024-02-01,-4.0
202402018901095,WEY,0.0,2024-02-01,4.0
202402018901108,WEY,0.0,2024-02-01,-2.0
202402018901113,WEY,0.0,2024-02-01,1.0
202402018901118,WEY,,2024-02-01,
202402018901123,WEY,0.0,2024-02-01,-3.0
202402018901132,WEY,0.0,2024-02-01,0.0
202402018901147,WEY,-1.0,2024-02-01,15.0
202402018901152,WEY,-2.0,2024-02-01,3.0
202402018901157,WEY,-1.0,2024-02-01,-3.0
202402018901167,WEY,-1.0,2024-02-01,4.0
202402018901172,WEY,2.0,2024-02-01,4.0
202402018901182,WEY,-1.0,2024-02-01,5.0
202402018901187,WEY,0.0,2024-02-01,0.0
202402018901192,WEY,-1.0,2024-02-01,2.0
202402018901203,WEY,-1.0,2024-02-01,5.0
202402018901211,WEY,1.0,2024-02-01,-3.0
202402028901080,WEY,-1.0,2024-02-02,0.0
202402028901083,WEY,5.0,2024-02-02,10.0
202402028901086,WEY,4.0,2024-02-02,7.0
202402028901090,WEY,-1.0,2024-02-02,1.0
202402028901095,WEY,-1.0,2024-02-02,-6.0
202402028901099,WEY,0.0,2024-02-02,-4.0
202402028901104,WEY,-1.0,2024-02-02,4.0
202402028901108,WEY,-1.0,2024-02-02,0.0
202402028901113,WEY,-1.0,2024-02-02,-2.0
202402028901118,WEY,0.0,2024-02-02,-2.0
202402028901123,WEY,2.0,2024-02-02,38.0
202402028901210,WEY,-1.0,2024-02-02,0.0
202402028901227,WEY,-1.0,2024-02-02,3.0
202402028901232,WEY,-1.0,2024-02-02,-2.0
202402057622346,WEY,-1.0,2024-02-05,14.0
202402058901078,WEY,1.0,2024-02-05,2.0
202402058901080,WEY,-1.0,2024-02-05,11.0
202402058901083,WEY,0.0,2024-02-05,44.0
202402058901086,WEY,0.0,2024-02-05,4.0
202402058901090,WEY,0.0,2024-02-05,10.0
202402058901095,WEY,-1.0,2024-02-05,
202402058901108,WEY,0.0,2024-02-05,0.0
202402058901113,WEY,2.0,2024-02-05,-1.0
202402058901118,WEY,-1.0,2024-02-05,-2.0
202402058901123,WEY,0.0,2024-02-05,1.0
202402058901132,WEY,-1.0,2024-02-05,0.0
202402058901147,WEY,1.0,2024-02-05,4.0
202402058901152,WEY,-1.0,2024-02-05,38.0
202402058901157,WEY,0.0,2024-02-05,20.0
202402058901167,WEY,-1.0,2024-02-05,0.0
202402058901172,WEY,-1.0,2024-02-05,
202402058901182,WEY,-2.0,2024-02-05,-3.0
202402058901187,WEY,-1.0,2024-02-05,1.0
202402058901192,WEY,0.0,2024-02-05,1.0
202402058901203,WEY,-1.0,2024-02-05,-1.0
202402058901211,WEY,-1.0,2024-02-05,-1.0
202402067622346,WEY,-1.0,2024-02-06,-1.0
202402068901078,WEY,-1.0,2024-02-06,-2.0
202402068901080,WEY,1.0,2024-02-06,-3.0
202402068901083,WEY,-1.0,2024-02-06,-2.0
202402068901086,WEY,0.0,2024-02-06,2.0
202402068901090,WEY,-1.0,2024-02-06,-4.0
202402068901095,WEY,1.0,2024-02-06,1.0
202402068901108,WEY,0.0,2024-02-06,-1.0
202402068901113,WEY,0.0,2024-02-06,1.0
202402068901118,WEY,0.0,2024-02-06,16.0
202402068901123,WEY,3.0,2024-02-06,11.0
202402068901132,WEY,-1.0,2024-02-06,16.0
202402068901147,WEY,-1.0,2024-02-06,3.0
202402068901152,WEY,-1.0,2024-02-06,-3.0
202402068901157,WEY,-1.0,2024-02-06,-1.0
202402068901167,WEY,-1.0,2024-02-06,2.0
202402068901172,WEY,-1.0,2024-02-06,10.0
202402068901182,WEY,-1.0,2024-02-06,0.0
202402068901187,WEY,0.0,2024-02-06,2.0
202402068901192,WEY,-1.0,2024-02-06,2.0
202402068901203,WEY,-1.0,2024-02-06,13.0
202402068901211,WEY,13.0,2024-02-06,15.0
202402077622346,WEY,-1.0,2024-02-07,-1.0
202402078901078,WEY,0.0,2024-02-07,-2.0
202402078901080,WEY,-1.0,2024-02-07,-2.0
202402078901083,WEY,0.0,2024-02-07,0.0
202402078901086,WEY,-1.0,2024-02-07,3.0
202402078901090,WEY,0.0,2024-02-07,-1.0
202402078901095,WEY,0.0,2024-02-07,-1.0
202402078901099,WEY,0.0,2024-02-07,0.0
202402078901104,WEY,0.0,2024-02-07,-2.0
202402078901108,WEY,0.0,2024-02-07,-2.0
202402078901113,WEY,0.0,2024-02-07,-1.0
202402078901118,WEY,1.0,2024-02-07,-1.0
202402078901123,WEY,-1.0,2024-02-07,-3.0
202402078901132,WEY,-1.0,2024-02-07,-1.0
202402078901147,WEY,-1.0,2024-02-07,4.0
202402078901152,WEY,-1.0,2024-02-07,1.0
202402078901157,WEY,-1.0,2024-02-07,0.0
202402078901162,WEY,0.0,2024-02-07,2.0
202402078901167,WEY,1.0,2024-02-07,1.0
202402078901172,WEY,-1.0,2024-02-07,3.0
202402078901182,WEY,-1.0,2024-02-07,2.0
202402078901187,WEY,-1.0,2024-02-07,4.0
202402078901192,WEY,-1.0,2024-02-07,2.0
202402078901197,WEY,-1.0,2024-02-07,-5.0
202402078901203,WEY,-1.0,2024-02-07,-2.0
202402078901211,WEY,-1.0,2024-02-07,-2.0
202402087622346,WEY,-1.0,2024-02-08,-2.0
202402088901078,WEY,-1.0,2024-02-08,2.0
202402088901080,WEY,-1.0,2024-02-08,-1.0
202402088901083,WEY,1.0,2024-02-08,3.0
202402088901086,WEY,-1.0,2024-02-08,1.0
202402088901090,WEY,-1.0,2024-02-08,-4.0
202402088901095,WEY,0.0,2024-02-08,-1.0
202402088901099,WEY,0.0,2024-02-08,-5.0
202402088901104,WEY,-1.0,2024-02-08,-3.0
202402088901108,WEY,-1.0,2024-02-08,12.0
202402088901113,WEY,0.0,2024-02-08,0.0
202402088901118,WEY,1.0,2024-02-08,-1.0
202402088901123,WEY,-1.0,2024-02-08,-5.0
202402088901132,WEY,1.0,2024-02-08,0.0
202402088901147,WEY,-1.0,2024-02-08,0.0
202402088901152,WEY,-1.0,2024-02-08,-1.0
202402088901157,WEY,-1.0,2024-02-08,3.0
202402088901162,WEY,-1.0,2024-02-08,1.0
202402088901167,WEY,-1.0,2024-02-08,3.0
202402088901172,WEY,0.0,2024-02-08,2.0
202402088901182,WEY,1.0,2024-02-08,3.0
202402088901187,WEY,-1.0,2024-02-08,3.0
202402088901192,WEY,-1.0,2024-02-08,3.0
202402088901197,WEY,-1.0,2024-02-08,1.0
202402088901203,WEY,-1.0,2024-02-08,-2.0
202402088901211,WEY,-1.0,2024-02-08,2.0
202402097622346,WEY,-1.0,2024-02-09,0.0
202402098901078,WEY,14.0,2024-02-09,4.0
202402098901080,WEY,0.0,2024-02-09,0.0
202402098901083,WEY,3.0,2024-02-09,1.0
202402098901086,WEY,0.0,2024-02-09,-1.0
202402098901090,WEY,0.0,2024-02-09,-1.0
202402098901095,WEY,-1.0,2024-02-09,4.0
202402098901099,WEY,0.0,2024-02-09,1.0
202402098901104,WEY,0.0,2024-02-09,-2.0
202402098901108,WEY,-1.0,2024-02-09,9.0
202402098901113,WEY,-1.0,2024-02-09,1.0
202402098901118,WEY,0.0,2024-02-09,-1.0
202402098901123,WEY,0.0,2024-02-09,-4.0
202402098901131,WEY,0.0,2024-02-09,1.0
202402098901147,WEY,-1.0,2024-02-09,6.0
202402098901152,WEY,0.0,2024-02-09,8.0
202402098901157,WEY,0.0,2024-02-09,2.0
202402098901162,WEY,-1.0,2024-02-09,1.0
202402098901167,WEY,-1.0,2024-02-09,6.0
202402098901172,WEY,0.0,2024-02-09,0.0
202402098901182,WEY,-1.0,2024-02-09,4.0
202402098901187,WEY,-1.0,2024-02-09,-1.0
202402098901192,WEY,0.0,2024-02-09,-2.0
202402098901197,WEY,0.0,2024-02-09,3.0
202402098901202,WEY,-1.0,2024-02-09,-1.0
202402098901210,WEY,16.0,2024-02-09,1.0
202402107622389,WEY,-1.0,2024-02-10,-1.0
202402108901079,WEY,-1.0,2024-02-10,5.0
202402108901081,WEY,-1.0,2024-02-10,6.0
202402108901084,WEY,0.0,2024-02-10,4.0
202402108901087,WEY,1.0,2024-02-10,2.0
202402108901091,WEY,-1.0,2024-02-10,1.0
202402108901096,WEY,0.0,2024-02-10,4.0
202402108901100,WEY,-1.0,2024-02-10,5.0
202402108901105,WEY,0.0,2024-02-10,-2.0
202402108901109,WEY,-1.0,2024-02-10,1.0
202402108901114,WEY,-1.0,2024-02-10,-1.0
202402108901119,WEY,-1.0,2024-02-10,-6.0
202402108901124,WEY,1.0,2024-02-10,-1.0
202402108901141,WEY,-1.0,2024-02-10,3.0
202402108901143,WEY,-1.0,2024-02-10,4.0
202402108901148,WEY,-1.0,2024-02-10,9.0
202402108901153,WEY,-1.0,2024-02-10,0.0
202402108901158,WEY,0.0,2024-02-10,4.0
202402108901163,WEY,-1.0,2024-02-10,7.0
202402108901168,WEY,-1.0,2024-02-10,23.0
202402108901173,WEY,-1.0,2024-02-10,12.0
202402108901178,WEY,-1.0,2024-02-10,0.0
202402108901183,WEY,-1.0,2024-02-10,0.0
202402108901188,WEY,-1.0,2024-02-10,2.0
202402108901193,WEY,-1.0,2024-02-10,0.0
202402108901198,WEY,-1.0,2024-02-10,-3.0
202402108901204,WEY,-1.0,2024-02-10,8.0
202402108901212,WEY,-1.0,2024-02-10,0.0
202402108901229,WEY,0.0,2024-02-10,-2.0
202402108901231,WEY,-1.0,2024-02-10,1.0
202402118901115,WEY,-1.0,2024-02-11,-3.0
202402118901125,WEY,-1.0,2024-02-11,-5.0
202402118901133,WEY,-1.0,2024-02-11,-3.0
202402118901137,WEY,-1.0,2024-02-11,-2.0
202402118901139,WEY,-1.0,2024-02-11,1.0
202402118901142,WEY,-1.0,2024-02-11,-3.0
202402118901149,WEY,-1.0,2024-02-11,-2.0
202402118901159,WEY,-1.0,2024-02-11,-3.0
202402118901169,WEY,-1.0,2024-02-11,-4.0
202402118901179,WEY,-1.0,2024-02-11,-2.0
202402118901189,WEY,-1.0,2024-02-11,6.0
202402118901199,WEY,-1.0,2024-02-11,1.0
202402118901207,WEY,-1.0,2024-02-11,-1431.0
202402118901215,WEY,-1.0,2024-02-11,1.0
202402127622346,WEY,-1.0,2024-02-12,1.0
202402128901078,WEY,-1.0,2024-02-12,2.0
202402128901080,WEY,2.0,2024-02-12,1.0
202402128901083,WEY,0.0,2024-02-12,2.0
202402128901086,WEY,-1.0,2024-02-12,5.0
202402128901090,WEY,-1.0,2024-02-12,3.0
202402128901095,WEY,-1.0,2024-02-12,-2.0
202402128901099,WEY,0.0,2024-02-12,1.0
202402128901104,WEY,-1.0,2024-02-12,-3.0
202402128901108,WEY,0.0,2024-02-12,-1.0
202402128901113,WEY,0.0,2024-02-12,3.0
202402128901118,WEY,-1.0,2024-02-12,-3.0
202402128901123,WEY,0.0,2024-02-12,-2.0
202402128901132,WEY,0.0,2024-02-12,1.0
202402128901147,WEY,-1.0,2024-02-12,2.0
202402128901152,WEY,-1.0,2024-02-12,18.0
202402128901157,WEY,-1.0,2024-02-12,1.0
202402128901162,WEY,-1.0,2024-02-12,6.0
202402128901167,WEY,-1.0,2024-02-12,8.0
202402128901172,WEY,0.0,2024-02-12,5.0
202402128901182,WEY,-1.0,2024-02-12,6.0
202402128901187,WEY,-1.0,2024-02-12,5.0
202402128901192,WEY,-1.0,2024-02-12,-1.0
202402128901197,WEY,-1.0,2024-02-12,1.0
202402128901203,WEY,-1.0,2024-02-12,1.0
202402128901211,WEY,1.0,2024-02-12,0.0
202402137622346,WEY,7.0,2024-02-13,10.0
202402138901078,WEY,-1.0,2024-02-13,94.0
202402138901080,WEY,0.0,2024-02-13,55.0
202402138901083,WEY,0.0,2024-02-13,8.0
202402138901086,WEY,-1.0,2024-02-13,
202402138901090,WEY,0.0,2024-02-13,41.0
202402138901095,WEY,,2024-02-13,
202402138901099,WEY,12.0,2024-02-13,27.0
202402138901104,WEY,,2024-02-13,
202402138901108,WEY,24.0,2024-02-13,37.0
202402138901113,WEY,,2024-02-13,
202402138901118,WEY,4.0,2024-02-13,-2.0
202402138901123,WEY,7.0,2024-02-13,40.0
202402138901132,WEY,-1.0,2024-02-13,21.0
202402138901147,WEY,-1.0,2024-02-13,
202402138901152,WEY,0.0,2024-02-13,43.0
202402138901157,WEY,-1.0,2024-02-13,22.0
202402138901162,WEY,-1.0,2024-02-13,42.0
202402138901167,WEY,74.0,2024-02-13,
202402138901172,WEY,22.0,2024-02-13,60.0
202402138901182,WEY,32.0,2024-02-13,
202402138901187,WEY,14.0,2024-02-13,
202402138901192,WEY,1.0,2024-02-13,8.0
202402138901197,WEY,24.0,2024-02-13,52.0
202402138901203,WEY,4.0,2024-02-13,23.0
202402138901211,WEY,-1.0,2024-02-13,15.0
202402147622346,WEY,-1.0,2024-02-14,-1.0
202402148901078,WEY,-1.0,2024-02-14,-1.0
202402148901080,WEY,-1.0,2024-02-14,-1.0
202402148901083,WEY,-1.0,2024-02-14,-1.0
202402148901086,WEY,0.0,2024-02-14,6.0
202402148901090,WEY,0.0,2024-02-14,4.0
202402148901095,WEY,0.0,2024-02-14,0.0
202402148901099,WEY,1.0,2024-02-14,6.0
202402148901104,WEY,1.0,2024-02-14,-3.0
202402148901108,WEY,0.0,2024-02-14,3.0
202402148901113,WEY,0.0,2024-02-14,1.0
202402148901118,WEY,-1.0,2024-02-14,-3.0
202402148901123,WEY,0.0,2024-02-14,-1.0
202402148901132,WEY,1.0,2024-02-14,3.0
202402148901147,WEY,0.0,2024-02-14,12.0
202402148901152,WEY,-1.0,2024-02-14,0.0
202402148901157,WEY,-1.0,2024-02-14,0.0
202402148901162,WEY,-1.0,2024-02-14,0.0
202402148901167,WEY,-1.0,2024-02-14,4.0
202402148901172,WEY,-1.0,2024-02-14,18.0
202402148901182,WEY,2.0,2024-02-14,12.0
202402148901187,WEY,-1.0,2024-02-14,18.0
202402148901192,WEY,1.0,2024-02-14,9.0
202402148901197,WEY,1.0,2024-02-14,-1.0
202402148901203,WEY,-1.0,2024-02-14,9.0
202402148901211,WEY,-1.0,2024-02-14,-4.0
202402157622346,WEY,1.0,2024-02-15,10.0
202402158901078,WEY,-1.0,2024-02-15,14.0
202402158901083,WEY,-1.0,2024-02-15,2.0
202402158901086,WEY,0.0,2024-02-15,1.0
202402158901090,WEY,0.0,2024-02-15,4.0
202402158901095,WEY,0.0,2024-02-15,0.0
202402158901099,WEY,0.0,2024-02-15,-4.0
202402158901104,WEY,0.0,2024-02-15,1.0
202402158901108,WEY,0.0,2024-02-15,12.0
202402158901113,WEY,-1.0,2024-02-15,4.0
202402158901118,WEY,0.0,2024-02-15,0.0
202402158901123,WEY,-1.0,2024-02-15,-8.0
202402158901132,WEY,-1.0,2024-02-15,4.0
202402158901147,WEY,0.0,2024-02-15,15.0
202402158901152,WEY,-1.0,2024-02-15,10.0
202402158901157,WEY,0.0,2024-02-15,2.0
202402158901162,WEY,-1.0,2024-02-15,1.0
202402158901167,WEY,-1.0,2024-02-15,3.0
202402158901172,WEY,-1.0,2024-02-15,0.0
202402158901182,WEY,2.0,2024-02-15,11.0
202402158901187,WEY,-2.0,2024-02-15,10.0
202402158901192,WEY,-1.0,2024-02-15,0.0
202402158901197,WEY,-1.0,2024-02-15,11.0
202402158901203,WEY,-1.0,2024-02-15,3.0
202402158901211,WEY,-1.0,2024-02-15,-3.0
202402167622346,WEY,-1.0,2024-02-16,1.0
202402168901078,WEY,-1.0,2024-02-16,3.0
202402168901080,WEY,-1.0,2024-02-16,1.0
202402168901083,WEY,0.0,2024-02-16,-6.0
202402168901086,WEY,-1.0,2024-02-16,0.0
202402168901090,WEY,0.0,2024-02-16,1.0
202402168901095,WEY,0.0,2024-02-16,0.0
202402168901099,WEY,0.0,2024-02-16,4.0
202402168901104,WEY,-1.0,2024-02-16,0.0
202402168901108,WEY,1.0,2024-02-16,18.0
202402168901113,WEY,-1.0,2024-02-16,12.0
202402168901118,WEY,-1.0,2024-02-16,-1.0
202402168901123,WEY,-1.0,2024-02-16,-2.0
202402168901131,WEY,0.0,2024-02-16,0.0
202402168901147,WEY,-1.0,2024-02-16,14.0
202402168901152,WEY,-1.0,2024-02-16,3.0
202402168901157,WEY,-1.0,2024-02-16,-1.0
202402168901162,WEY,-1.0,2024-02-16,2.0
202402168901167,WEY,-1.0,2024-02-16,1.0
202402168901172,WEY,-1.0,2024-02-16,3.0
202402168901182,WEY,-1.0,2024-02-16,40.0
202402168901187,WEY,-1.0,2024-02-16,20.0
202402168901192,WEY,-1.0,2024-02-16,1.0
202402168901197,WEY,-1.0,2024-02-16,6.0
202402168901202,WEY,-1.0,2024-02-16,18.0
202402168901210,WEY,-1.0,2024-02-16,-5.0
202402177622389,WEY,-1.0,2024-02-17,1.0
202402178901079,WEY,-1.0,2024-02-17,-2.0
202402178901081,WEY,-1.0,2024-02-17,13.0
202402178901084,WEY,0.0,2024-02-17,-2.0
202402178901087,WEY,0.0,2024-02-17,7.0
202402178901091,WEY,0.0,2024-02-17,25.0
202402178901096,WEY,17.0,2024-02-17,28.0
202402178901100,WEY,5.0,2024-02-17,4.0
202402178901105,WEY,1.0,2024-02-17,2.0
202402178901109,WEY,-1.0,2024-02-17,2.0
202402178901114,WEY,0.0,2024-02-17,2.0
202402178901119,WEY,0.0,2024-02-17,9.0
202402178901124,WEY,2.0,2024-02-17,5.0
202402178901141,WEY,-1.0,2024-02-17,21.0
202402178901143,WEY,-1.0,2024-02-17,1.0
202402178901148,WEY,-1.0,2024-02-17,4.0
202402178901153,WEY,0.0,2024-02-17,8.0
202402178901158,WEY,-1.0,2024-02-17,0.0
202402178901163,WEY,-1.0,2024-02-17,-4.0
202402178901168,WEY,-1.0,2024-02-17,0.0
202402178901173,WEY,3.0,2024-02-17,4.0
202402178901178,WEY,6.0,2024-02-17,1.0
202402178901183,WEY,2.0,2024-02-17,1.0
202402178901188,WEY,-1.0,2024-02-17,-1.0
202402178901193,WEY,-1.0,2024-02-17,5.0
202402178901198,WEY,-1.0,2024-02-17,4.0
202402178901204,WEY,-1.0,2024-02-17,2.0
202402178901212,WEY,-1.0,2024-02-17,-5.0
202402178901229,WEY,-1.0,2024-02-17,-1.0
202402178901231,WEY,-1.0,2024-02-17,5.0
202402188901115,WEY,0.0,2024-02-18,24.0
202402188901125,WEY,-1.0,2024-02-18,-2.0
202402188901133,WEY,10.0,2024-02-18,24.0
202402188901137,WEY,6.0,2024-02-18,2.0
202402188901139,WEY,1.0,2024-02-18,0.0
202402188901142,WEY,-1.0,2024-02-18,5.0
202402188901149,WEY,-1.0,2024-02-18,6.0
202402188901159,WEY,-1.0,2024-02-18,3.0
202402188901169,WEY,-1.0,2024-02-18,0.0
202402188901179,WEY,-1.0,2024-02-18,1.0
202402188901189,WEY,-1.0,2024-02-18,-1.0
202402188901199,WEY,-1.0,2024-02-18,3.0
202402188901207,WEY,-1.0,2024-02-18,-3.0
202402188901215,WEY,-1.0,2024-02-18,-4.0
202402197622346,WEY,-1.0,2024-02-19,-4.0
202402198901078,WEY,-1.0,2024-02-19,0.0
202402198901080,WEY,0.0,2024-02-19,-2.0
202402198901083,WEY,0.0,2024-02-19,12.0
202402198901086,WEY,0.0,2024-02-19,-2.0
202402198901090,WEY,0.0,2024-02-19,1.0
202402198901095,WEY,0.0,2024-02-19,4.0
202402198901099,WEY,0.0,2024-02-19,-1.0
202402198901104,WEY,0.0,2024-02-19,-2.0
202402198901108,WEY,0.0,2024-02-19,-2.0
202402198901113,WEY,0.0,2024-02-19,1.0
202402198901118,WEY,0.0,2024-02-19,1.0
202402198901123,WEY,-1.0,2024-02-19,1.0
202402198901132,WEY,0.0,2024-02-19,
202402198901147,WEY,-1.0,2024-02-19,4.0
202402198901152,WEY,-1.0,2024-02-19,4.0
202402198901157,WEY,-1.0,2024-02-19,5.0
202402198901162,WEY,-1.0,2024-02-19,1.0
202402198901167,WEY,-1.0,2024-02-19,2.0
202402198901172,WEY,0.0,2024-02-19,0.0
202402198901182,WEY,-1.0,2024-02-19,3.0
202402198901187,WEY,-1.0,2024-02-19,2.0
202402198901192,WEY,0.0,2024-02-19,-1.0
202402198901197,WEY,-1.0,2024-02-19,-4.0
202402198901203,WEY,-1.0,2024-02-19,-2.0
202402198901211,WEY,0.0,2024-02-19,-1375.0
202402207622346,WEY,-1.0,2024-02-20,1.0
202402208901078,WEY,-1.0,2024-02-20,1.0
202402208901080,WEY,0.0,2024-02-20,-2.0
202402208901083,WEY,1.0,2024-02-20,1.0
202402208901086,WEY,-1.0,2024-02-20,-2.0
202402208901090,WEY,-1.0,2024-02-20,-1.0
202402208901095,WEY,0.0,2024-02-20,-1.0
202402208901099,WEY,0.0,2024-02-20,2.0
202402208901104,WEY,-1.0,2024-02-20,-3.0
202402208901108,WEY,0.0,2024-02-20,10.0
202402208901113,WEY,-1.0,2024-02-20,0.0
202402208901118,WEY,-1.0,2024-02-20,-1.0
202402208901123,WEY,-1.0,2024-02-20,1.0
202402208901132,WEY,0.0,2024-02-20,-1.0
202402208901147,WEY,-1.0,2024-02-20,1.0
202402208901152,WEY,-1.0,2024-02-20,6.0
202402208901157,WEY,0.0,2024-02-20,-1.0
202402208901162,WEY,-1.0,2024-02-20,1.0
202402208901167,WEY,-1.0,2024-02-20,0.0
202402208901172,WEY,-1.0,2024-02-20,1.0
202402208901182,WEY,-1.0,2024-02-20,1.0
202402208901187,WEY,-1.0,2024-02-20,3.0
202402208901192,WEY,-1.0,2024-02-20,-1.0
202402208901197,WEY,-1.0,2024-02-20,-5.0
202402208901203,WEY,-1.0,2024-02-20,7.0
202402208901211,WEY,-1.0,2024-02-20,7.0
202402217622346,WEY,-1.0,2024-02-21,-1.0
202402218901078,WEY,-1.0,2024-02-21,0.0
202402218901080,WEY,0.0,2024-02-21,-1.0
202402218901083,WEY,2.0,2024-02-21,2.0
202402218901086,WEY,-1.0,2024-02-21,10.0
202402218901090,WEY,0.0,2024-02-21,1.0
202402218901095,WEY,-1.0,2024-02-21,2.0
202402218901099,WEY,0.0,2024-02-21,-1.0
202402218901104,WEY,-1.0,2024-02-21,26.0
202402218901108,WEY,-1.0,2024-02-21,6.0
202402218901113,WEY,-1.0,2024-02-21,4.0
202402218901118,WEY,0.0,2024-02-21,2.0
202402218901123,WEY,0.0,2024-02-21,3.0
202402218901132,WEY,-1.0,2024-02-21,0.0
202402218901147,WEY,-1.0,2024-02-21,5.0
202402218901152,WEY,-1.0,2024-02-21,4.0
202402218901157,WEY,-1.0,2024-02-21,4.0
202402218901162,WEY,-1.0,2024-02-21,4.0
202402218901167,WEY,-1.0,2024-02-21,4.0
202402218901172,WEY,-1.0,2024-02-21,3.0
202402218901182,WEY,-1.0,2024-02-21,24.0
202402218901187,WEY,-1.0,2024-02-21,1.0
202402218901192,WEY,-1.0,2024-02-21,-2.0
202402218901197,WEY,0.0,2024-02-21,-6.0
202402218901203,WEY,-1.0,2024-02-21,-1.0
202402227622346,WEY,-1.0,2024-02-22,3.0
202402228901078,WEY,-1.0,2024-02-22,2.0
202402228901080,WEY,0.0,2024-02-22,0.0
202402228901083,WEY,1.0,2024-02-22,0.0
202402228901086,WEY,-1.0,2024-02-22,3.0
202402228901090,WEY,0.0,2024-02-22,18.0
202402228901095,WEY,0.0,2024-02-22,-1.0
202402228901099,WEY,0.0,2024-02-22,0.0
202402228901104,WEY,-1.0,2024-02-22,-3.0
202402228901108,WEY,0.0,2024-02-22,1.0
202402228901113,WEY,0.0,2024-02-22,0.0
202402228901118,WEY,-1.0,2024-02-22,-1.0
202402228901123,WEY,-1.0,2024-02-22,2.0
202402228901132,WEY,0.0,2024-02-22,4.0
202402228901147,WEY,-1.0,2024-02-22,4.0
202402228901152,WEY,0.0,2024-02-22,1.0
202402228901157,WEY,-1.0,2024-02-22,5.0
202402228901162,WEY,-1.0,2024-02-22,
202402228901167,WEY,-1.0,2024-02-22,3.0
202402228901172,WEY,0.0,2024-02-22,-1.0
202402228901182,WEY,-1.0,2024-02-22,5.0
202402228901187,WEY,-1.0,2024-02-22,6.0
202402228901192,WEY,-1.0,2024-02-22,2.0
202402228901197,WEY,1.0,2024-02-22,-6.0
202402228901203,WEY,-1.0,2024-02-22,4.0
202402228901211,WEY,-1.0,2024-02-22,-2.0
202402237622346,WEY,-1.0,2024-02-23,11.0
202402238901078,WEY,-1.0,2024-02-23,4.0
202402238901080,WEY,0.0,2024-02-23,0.0
202402238901083,WEY,0.0,2024-02-23,-2.0
202402238901086,WEY,-1.0,2024-02-23,1.0
202402238901090,WEY,0.0,2024-02-23,0.0
202402238901095,WEY,0.0,2024-02-23,-1.0
202402238901099,WEY,0.0,2024-02-23,1.0
202402238901104,WEY,-1.0,2024-02-23,30.0
202402238901108,WEY,-1.0,2024-02-23,17.0
202402238901113,WEY,0.0,2024-02-23,1.0
202402238901118,WEY,4.0,2024-02-23,31.0
202402238901123,WEY,0.0,2024-02-23,-1.0
202402238901131,WEY,5.0,2024-02-23,0.0
202402238901147,WEY,-1.0,2024-02-23,1.0
202402238901152,WEY,-1.0,2024-02-23,4.0
202402238901157,WEY,-1.0,2024-02-23,3.0
202402238901162,WEY,-1.0,2024-02-23,1.0
202402238901167,WEY,-1.0,2024-02-23,2.0
202402238901172,WEY,-1.0,2024-02-23,5.0
202402238901182,WEY,-1.0,2024-02-23,22.0
202402238901187,WEY,0.0,2024-02-23,5.0
202402238901192,WEY,-1.0,2024-02-23,6.0
202402238901197,WEY,-1.0,2024-02-23,-4.0
202402238901202,WEY,0.0,2024-02-23,5.0
202402238901210,WEY,22.0,2024-02-23,11.0
202402247622389,WEY,0.0,2024-02-24,2.0
202402248901079,WEY,,2024-02-24,
202402248901081,WEY,-2.0,2024-02-24,1.0
202402248901084,WEY,0.0,2024-02-24,1.0
202402248901087,WEY,0.0,2024-02-24,1.0
202402248901091,WEY,0.0,2024-02-24,1.0
202402248901096,WEY,0.0,2024-02-24,31.0
202402248901100,WEY,-1.0,2024-02-24,11.0
202402248901105,WEY,0.0,2024-02-24,1.0
202402248901109,WEY,0.0,2024-02-24,1.0
202402248901114,WEY,0.0,2024-02-24,21.0
202402248901119,WEY,0.0,2024-02-24,1.0
202402248901124,WEY,0.0,2024-02-24,14.0
202402248901141,WEY,-1.0,2024-02-24,-1.0
202402248901143,WEY,-1.0,2024-02-24,
202402248901148,WEY,13.0,2024-02-24,18.0
202402248901153,WEY,62.0,2024-02-24,
202402248901158,WEY,5.0,2024-02-24,10.0
202402248901163,WEY,-1.0,2024-02-24,0.0
202402248901168,WEY,22.0,2024-02-24,16.0
202402248901173,WEY,18.0,2024-02-24,5.0
202402248901178,WEY,22.0,2024-02-24,27.0
202402248901183,WEY,-1.0,2024-02-24,9.0
202402248901188,WEY,13.0,2024-02-24,35.0
202402248901193,WEY,-3.0,2024-02-24,10.0
202402248901198,WEY,7.0,2024-02-24,9.0
202402248901204,WEY,-1.0,2024-02-24,1.0
202402248901212,WEY,8.0,2024-02-24,-1434.0
202402248901229,WEY,0.0,2024-02-24,0.0
202402248901231,WEY,-1.0,2024-02-24,
202402258901115,WEY,-1.0,2024-02-25,-2.0
202402258901125,WEY,-1.0,2024-02-25,0.0
202402258901133,WEY,-1.0,2024-02-25,-3.0
202402258901137,WEY,-1.0,2024-02-25,0.0
202402258901139,WEY,-1.0,2024-02-25,6.0
202402258901142,WEY,-1.0,2024-02-25,5.0
202402258901149,WEY,-1.0,2024-02-25,-3.0
202402258901159,WEY,-1.0,2024-02-25,15.0
202402258901169,WEY,-1.0,2024-02-25,13.0
202402258901179,WEY,0.0,2024-02-25,1.0
202402258901189,WEY,16.0,2024-02-25,23.0
202402258901199,WEY,0.0,2024-02-25,0.0
202402258901207,WEY,-1.0,2024-02-25,-2.0
202402258901215,WEY,-1.0,2024-02-25,-1.0
202402267622346,WEY,1.0,2024-02-26,1.0
202402268901078,WEY,0.0,2024-02-26,1.0
202402268901080,WEY,1.0,2024-02-26,14.0
202402268901083,WEY,0.0,2024-02-26,1.0
202402268901086,WEY,0.0,2024-02-26,3.0
202402268901090,WEY,1.0,2024-02-26,1.0
202402268901095,WEY,0.0,2024-02-26,2.0
202402268901099,WEY,1.0,2024-02-26,0.0
202402268901104,WEY,0.0,2024-02-26,-3.0
202402268901108,WEY,0.0,2024-02-26,6.0
202402268901113,WEY,0.0,2024-02-26,0.0
202402268901118,WEY,0.0,2024-02-26,-4.0
202402268901123,WEY,0.0,2024-02-26,-6.0
202402268901132,WEY,0.0,2024-02-26,1.0
202402268901147,WEY,-1.0,2024-02-26,6.0
202402268901152,WEY,-1.0,2024-02-26,4.0
202402268901157,WEY,-1.0,2024-02-26,2.0
202402268901162,WEY,0.0,2024-02-26,-2.0
202402268901167,WEY,-1.0,2024-02-26,0.0
202402268901172,WEY,-1.0,2024-02-26,7.0
202402268901182,WEY,0.0,2024-02-26,7.0
202402268901187,WEY,-1.0,2024-02-26,3.0
202402268901192,WEY,0.0,2024-02-26,10.0
202402268901197,WEY,-1.0,2024-02-26,-4.0
202402268901203,WEY,1.0,2024-02-26,-1.0
202402268901211,WEY,-1.0,2024-02-26,-1.0
202402277622346,WEY,5.0,2024-02-27,12.0
202402278901078,WEY,-1.0,2024-02-27,-1.0
202402278901080,WEY,0.0,2024-02-27,2.0
202402278901083,WEY,1.0,2024-02-27,-2.0
202402278901086,WEY,0.0,2024-02-27,46.0
202402278901090,WEY,0.0,2024-02-27,5.0
202402278901095,WEY,-1.0,2024-02-27,19.0
202402278901099,WEY,4.0,2024-02-27,-1.0
202402278901104,WEY,0.0,2024-02-27,-1.0
202402278901108,WEY,1.0,2024-02-27,-1.0
202402278901113,WEY,0.0,2024-02-27,1.0
202402278901118,WEY,0.0,2024-02-27,0.0
202402278901123,WEY,-1.0,2024-02-27,0.0
202402278901132,WEY,-1.0,2024-02-27,0.0
202402278901147,WEY,-1.0,2024-02-27,2.0
202402278901152,WEY,-1.0,2024-02-27,0.0
202402278901157,WEY,-1.0,2024-02-27,4.0
202402278901162,WEY,-1.0,2024-02-27,2.0
202402278901167,WEY,-1.0,2024-02-27,3.0
202402278901172,WEY,-1.0,2024-02-27,1.0
202402278901182,WEY,3.0,2024-02-27,1.0
202402278901187,WEY,0.0,2024-02-27,1.0
202402278901192,WEY,-1.0,2024-02-27,0.0
202402278901197,WEY,-1.0,2024-02-27,-6.0
202402278901203,WEY,-1.0,2024-02-27,-1.0
202402278901211,WEY,1.0,2024-02-27,-2.0
202402287622346,WEY,-1.0,2024-02-28,4.0
202402288901078,WEY,-1.0,2024-02-28,-1.0
202402288901080,WEY,0.0,2024-02-28,1.0
202402288901083,WEY,-1.0,2024-02-28,0.0
202402288901086,WEY,0.0,2024-02-28,-1.0
202402288901090,WEY,0.0,2024-02-28,-2.0
202402288901095,WEY,-1.0,2024-02-28,-1.0
202402288901099,WEY,0.0,2024-02-28,-1.0
202402288901104,WEY,0.0,2024-02-28,0.0
202402288901108,WEY,0.0,2024-02-28,-1.0
202402288901113,WEY,-1.0,2024-02-28,-1.0
202402288901118,WEY,0.0,2024-02-28,
202402288901123,WEY,-1.0,2024-02-28,7.0
202402288901132,WEY,-1.0,2024-02-28,-1.0
202402288901147,WEY,-1.0,2024-02-28,1.0
202402288901152,WEY,-1.0,2024-02-28,2.0
202402288901157,WEY,-1.0,2024-02-28,1.0
202402288901162,WEY,-1.0,2024-02-28,0.0
202402288901167,WEY,-1.0,2024-02-28,1.0
202402288901172,WEY,0.0,2024-02-28,0.0
202402288901182,WEY,-1.0,2024-02-28,3.0
202402288901187,WEY,-1.0,2024-02-28,6.0
202402288901192,WEY,-1.0,2024-02-28,5.0
202402288901197,WEY,-1.0,2024-02-28,22.0
202402288901203,WEY,-1.0,2024-02-28,9.0
202402288901211,WEY,0.0,2024-02-28,0.0
202402297622346,WEY,-1.0,2024-02-29,-1.0
202402298901078,WEY,0.0,2024-02-29,7.0
202402298901080,WEY,0.0,2024-02-29,12.0
202402298901083,WEY,0.0,2024-02-29,2.0
202402298901086,WEY,0.0,2024-02-29,3.0
202402298901090,WEY,0.0,2024-02-29,1.0
202402298901095,WEY,38.0,2024-02-29,29.0
202402298901099,WEY,-1.0,2024-02-29,1.0
202402298901104,WEY,0.0,2024-02-29,-1.0
202402298901108,WEY,-1.0,2024-02-29,3.0
202402298901113,WEY,0.0,2024-02-29,0.0
202402298901118,WEY,-1.0,2024-02-29,-1.0
202402298901123,WEY,0.0,2024-02-29,-1.0
202402298901132,WEY,-1.0,2024-02-29,0.0
202402298901147,WEY,-1.0,2024-02-29,1.0
202402298901152,WEY,-1.0,2024-02-29,4.0
202402298901157,WEY,-1.0,2024-02-29,4.0
202402298901162,WEY,-1.0,2024-02-29,6.0
202402298901167,WEY,-2.0,2024-02-29,8.0
202402298901172,WEY,0.0,2024-02-29,7.0
202402298901182,WEY,-1.0,2024-02-29,2.0
202402298901187,WEY,-1.0,2024-02-29,5.0
202402298901192,WEY,-1.0,2024-02-29,0.0
202402298901197,WEY,0.0,2024-02-29,-4.0
202402298901203,WEY,-1.0,2024-02-29,-1.0
202402298901211,WEY,1.0,2024-02-29,-3.0
202403017622346,WEY,-1.0,2024-03-01,3.0
202403018901078,WEY,0.0,2024-03-01,-1.0
202403018901080,WEY,0.0,2024-03-01,2.0
202403018901083,WEY,-1.0,2024-03-01,-1.0
202403018901086,WEY,0.0,2024-03-01,1.0
202403018901090,WEY,9.0,2024-03-01,-2.0
202403018901095,WEY,0.0,2024-03-01,0.0
202403018901099,WEY,0.0,2024-03-01,15.0
202403018901104,WEY,-1.0,2024-03-01,-1.0
202403018901108,WEY,0.0,2024-03-01,-1.0
202403018901113,WEY,-1.0,2024-03-01,-1.0
202403018901118,WEY,-1.0,2024-03-01,2.0
202403018901123,WEY,-1.0,2024-03-01,3.0
202403018901131,WEY,-1.0,2024-03-01,3.0
202403018901147,WEY,-1.0,2024-03-01,3.0
202403018901152,WEY,-1.0,2024-03-01,5.0
202403018901157,WEY,-1.0,2024-03-01,6.0
202403018901162,WEY,-1.0,2024-03-01,-1.0
202403018901167,WEY,-1.0,2024-03-01,6.0
202403018901172,WEY,-1.0,2024-03-01,1.0
202403018901182,WEY,-1.0,2024-03-01,4.0
202403018901187,WEY,-1.0,2024-03-01,4.0
202403018901192,WEY,-1.0,2024-03-01,0.0
202403018901197,WEY,4.0,2024-03-01,-5.0
202403018901202,WEY,-1.0,2024-03-01,0.0
202403018901210,WEY,0.0,2024-03-01,-1.0
202403027622389,WEY,-1.0,2024-03-02,-8.0
202403028901079,WEY,0.0,2024-03-02,2.0
202403028901081,WEY,0.0,2024-03-02,4.0
202403028901084,WEY,-1.0,2024-03-02,0.0
202403028901087,WEY,2.0,2024-03-02,4.0
202403028901091,WEY,0.0,2024-03-02,3.0
202403028901096,WEY,1.0,2024-03-02,2.0
202403028901100,WEY,0.0,2024-03-02,2.0
202403028901105,WEY,-1.0,2024-03-02,-1.0
202403028901109,WEY,0.0,2024-03-02,2.0
202403028901114,WEY,0.0,2024-03-02,1.0
202403028901119,WEY,0.0,2024-03-02,4.0
202403028901124,WEY,0.0,2024-03-02,4.0
202403028901141,WEY,-1.0,2024-03-02,-2.0
202403028901143,WEY,0.0,2024-03-02,2.0
202403028901148,WEY,-1.0,2024-03-02,5.0
202403028901153,WEY,-1.0,2024-03-02,3.0
202403028901158,WEY,-1.0,2024-03-02,-4.0
202403028901163,WEY,0.0,2024-03-02,-2.0
202403028901168,WEY,2.0,2024-03-02,0.0
202403028901173,WEY,1.0,2024-03-02,1.0
202403028901178,WEY,-1.0,2024-03-02,-1.0
202403028901183,WEY,-1.0,2024-03-02,-4.0
202403028901188,WEY,-1.0,2024-03-02,-1.0
202403028901193,WEY,-1.0,2024-03-02,-2.0
202403028901198,WEY,-1.0,2024-03-02,-5.0
202403028901204,WEY,0.0,2024-03-02,-4.0
202403028901212,WEY,-1.0,2024-03-02,3.0
202403028901229,WEY,0.0,2024-03-02,-6.0
202403028901231,WEY,-1.0,2024-03-02,8.0
202403038901115,WEY,0.0,2024-03-03,-1.0
202403038901125,WEY,-1.0,2024-03-03,1.0
202403038901133,WEY,-1.0,2024-03-03,7.0
202403038901137,WEY,-1.0,2024-03-03,4.0
202403038901139,WEY,0.0,2024-03-03,-3.0
202403038901142,WEY,-1.0,2024-03-03,3.0
202403038901149,WEY,-1.0,2024-03-03,-1.0
202403038901159,WEY,-1.0,2024-03-03,1.0
202403038901169,WEY,0.0,2024-03-03,26.0
202403038901179,WEY,-1.0,2024-03-03,0.0
202403038901189,WEY,-1.0,2024-03-03,5.0
202403038901199,WEY,-1.0,2024-03-03,2.0
202403038901207,WEY,-1.0,2024-03-03,-3.0
202403038901215,WEY,-1.0,2024-03-03,-1.0
202403047622346,WEY,,2024-03-04,
202403048901078,WEY,-1.0,2024-03-04,
202403048901080,WEY,20.0,2024-03-04,
202403048901083,WEY,29.0,2024-03-04,
202403048901086,WEY,1.0,2024-03-04,
202403048901090,WEY,,2024-03-04,
202403048901095,WEY,,2024-03-04,
202403048901099,WEY,,2024-03-04,
202403048901104,WEY,,2024-03-04,
202403048901108,WEY,1.0,2024-03-04,
202403048901113,WEY,,2024-03-04,
202403048901118,WEY,2.0,2024-03-04,
202403048901123,WEY,3.0,2024-03-04,
202403048901132,WEY,,2024-03-04,
202403048901147,WEY,4.0,2024-03-04,
202403048901152,WEY,11.0,2024-03-04,
202403048901157,WEY,3.0,2024-03-04,59.0
202403048901162,WEY,3.0,2024-03-04,
202403048901167,WEY,,2024-03-04,
202403048901172,WEY,,2024-03-04,
202403048901182,WEY,,2024-03-04,
202403048901187,WEY,5.0,2024-03-04,
202403048901192,WEY,,2024-03-04,
202403048901197,WEY,-1.0,2024-03-04,
202403048901203,WEY,,2024-03-04,
202403048901211,WEY,,2024-03-04,
202403057622346,WEY,-1.0,2024-03-05,1.0
202403058901078,WEY,-1.0,2024-03-05,7.0
202403058901080,WEY,2.0,2024-03-05,2.0
202403058901090,WEY,5.0,2024-03-05,1.0
202403058901095,WEY,2.0,2024-03-05,2.0
202403058901099,WEY,5.0,2024-03-05,16.0
202403058901104,WEY,2.0,2024-03-05,-1.0
202403058901108,WEY,0.0,2024-03-05,1.0
202403058901113,WEY,0.0,2024-03-05,1.0
202403058901118,WEY,-1.0,2024-03-05,-3.0
202403058901123,WEY,-1.0,2024-03-05,-2.0
202403058901132,WEY,1.0,2024-03-05,1.0
202403058901147,WEY,0.0,2024-03-05,4.0
202403058901167,WEY,-1.0,2024-03-05,4.0
202403058901172,WEY,0.0,2024-03-05,-1.0
202403058901182,WEY,-1.0,2024-03-05,2.0
202403058901187,WEY,-1.0,2024-03-05,1.0
202403058901192,WEY,0.0,2024-03-05,0.0
202403058901197,WEY,-1.0,2024-03-05,-3.0
202403058901203,WEY,-1.0,2024-03-05,-1.0
202403058901211,WEY,-9.0,2024-03-05,2.0
202403067622346,WEY,-1.0,2024-03-06,1.0
202403068901078,WEY,-1.0,2024-03-06,-1.0
202403068901080,WEY,1.0,2024-03-06,-1.0
202403068901083,WEY,0.0,2024-03-06,-1.0
202403068901086,WEY,-1.0,2024-03-06,-4.0
202403068901090,WEY,-1.0,2024-03-06,1.0
202403068901095,WEY,0.0,2024-03-06,2.0
202403068901099,WEY,0.0,2024-03-06,-1.0
202403068901104,WEY,-1.0,2024-03-06,-4.0
202403068901108,WEY,-1.0,2024-03-06,2.0
202403068901113,WEY,-1.0,2024-03-06,1.0
202403068901118,WEY,0.0,2024-03-06,1.0
202403068901123,WEY,-1.0,2024-03-06,-3.0
202403068901132,WEY,-1.0,2024-03-06,0.0
202403068901147,WEY,-1.0,2024-03-06,3.0
202403068901152,WEY,-1.0,2024-03-06,1.0
202403068901157,WEY,-1.0,2024-03-06,1.0
202403068901162,WEY,0.0,2024-03-06,1.0
202403068901167,WEY,-1.0,2024-03-06,1.0
202403068901172,WEY,-1.0,2024-03-06,1.0
202403068901182,WEY,-1.0,2024-03-06,1.0
202403068901187,WEY,-1.0,2024-03-06,0.0
202403068901192,WEY,-1.0,2024-03-06,-1.0
202403068901197,WEY,0.0,2024-03-06,-5.0
202403068901203,WEY,-1.0,2024-03-06,-2.0
202403068901211,WEY,-1.0,2024-03-06,-3.0
202403077622346,WEY,-1.0,2024-03-07,-1.0
202403078901078,WEY,-1.0,2024-03-07,-1.0
202403078901080,WEY,0.0,2024-03-07,29.0
202403078901083,WEY,-1.0,2024-03-07,11.0
202403078901086,WEY,,2024-03-07,
202403078901090,WEY,-1.0,2024-03-07,0.0
202403078901095,WEY,-1.0,2024-03-07,-2.0
202403078901099,WEY,0.0,2024-03-07,-1.0
202403078901104,WEY,0.0,2024-03-07,1.0
202403078901108,WEY,-1.0,2024-03-07,21.0
202403078901113,WEY,0.0,2024-03-07,0.0
202403078901118,WEY,0.0,2024-03-07,-2.0
202403078901123,WEY,0.0,2024-03-07,-4.0
202403078901132,WEY,0.0,2024-03-07,1.0
202403078901147,WEY,-1.0,2024-03-07,0.0
202403078901152,WEY,-1.0,2024-03-07,12.0
202403078901157,WEY,-1.0,2024-03-07,12.0
202403078901162,WEY,2.0,2024-03-07,12.0
202403078901167,WEY,-1.0,2024-03-07,1.0
202403078901172,WEY,-1.0,2024-03-07,-1.0
202403078901182,WEY,-1.0,2024-03-07,1.0
202403078901187,WEY,-1.0,2024-03-07,3.0
202403078901192,WEY,-1.0,2024-03-07,-1.0
202403078901197,WEY,-1.0,2024-03-07,-6.0
202403078901203,WEY,-1.0,2024-03-07,-2.0
202403078901211,WEY,-1.0,2024-03-07,-1.0
202403087622346,WEY,-1.0,2024-03-08,0.0
202403088901078,WEY,-1.0,2024-03-08,1.0
202403088901080,WEY,0.0,2024-03-08,-1.0
202403088901083,WEY,0.0,2024-03-08,-2.0
202403088901086,WEY,0.0,2024-03-08,-1.0
202403088901090,WEY,0.0,2024-03-08,2.0
202403088901095,WEY,-1.0,2024-03-08,4.0
202403088901099,WEY,0.0,2024-03-08,17.0
202403088901104,WEY,0.0,2024-03-08,11.0
202403088901108,WEY,0.0,2024-03-08,4.0
202403088901113,WEY,0.0,2024-03-08,-1.0
202403088901118,WEY,-1.0,2024-03-08,-2.0
202403088901123,WEY,-1.0,2024-03-08,1.0
202403088901131,WEY,0.0,2024-03-08,2.0
202403088901147,WEY,-1.0,2024-03-08,2.0
202403088901152,WEY,0.0,2024-03-08,0.0
202403088901157,WEY,0.0,2024-03-08,-2.0
202403088901162,WEY,-1.0,2024-03-08,0.0
202403088901167,WEY,-1.0,2024-03-08,0.0
202403088901172,WEY,-1.0,2024-03-08,-1.0
202403088901182,WEY,-1.0,2024-03-08,6.0
202403088901187,WEY,0.0,2024-03-08,7.0
202403088901192,WEY,0.0,2024-03-08,-2.0
202403088901197,WEY,-1.0,2024-03-08,-6.0
202403088901202,WEY,0.0,2024-03-08,2.0
202403088901210,WEY,0.0,2024-03-08,4.0
202403117622346,WEY,1.0,2024-03-11,3.0
202403118901078,WEY,-1.0,2024-03-11,3.0
202403118901080,WEY,0.0,2024-03-11,1.0
202403118901083,WEY,0.0,2024-03-11,2.0
202403118901086,WEY,0.0,2024-03-11,2.0
202403118901090,WEY,-1.0,2024-03-11,0.0
202403118901095,WEY,-1.0,2024-03-11,-2.0
202403118901099,WEY,1.0,2024-03-11,0.0
202403118901104,WEY,-1.0,2024-03-11,2.0
202403118901108,WEY,0.0,2024-03-11,2.0
202403118901113,WEY,-1.0,2024-03-11,3.0
202403118901118,WEY,0.0,2024-03-11,0.0
202403118901123,WEY,-1.0,2024-03-11,-3.0
202403118901132,WEY,-1.0,2024-03-11,-1.0
202403118901147,WEY,-1.0,2024-03-11,13.0
202403118901152,WEY,-1.0,2024-03-11,3.0
202403118901157,WEY,-1.0,2024-03-11,2.0
202403118901162,WEY,2.0,2024-03-11,6.0
202403118901167,WEY,-1.0,2024-03-11,5.0
202403118901172,WEY,-1.0,2024-03-11,-1.0
202403118901182,WEY,-1.0,2024-03-11,4.0
202403118901187,WEY,-1.0,2024-03-11,5.0
202403118901192,WEY,-1.0,2024-03-11,-1.0
202403118901197,WEY,1.0,2024-03-11,-4.0
202403118901203,WEY,-1.0,2024-03-11,0.0
202403118901211,WEY,1.0,2024-03-11,-3.0
202403127622346,WEY,-1.0,2024-03-12,0.0
202403128901078,WEY,-1.0,2024-03-12,2.0
202403128901080,WEY,0.0,2024-03-12,1.0
202403128901083,WEY,1.0,2024-03-12,18.0
202403128901086,WEY,-1.0,2024-03-12,-1.0
202403128901090,WEY,0.0,2024-03-12,3.0
202403128901095,WEY,0.0,2024-03-12,-2.0
202403128901099,WEY,1.0,2024-03-12,-1.0
202403128901104,WEY,5.0,2024-03-12,-2.0
202403128901108,WEY,0.0,2024-03-12,11.0
202403128901113,WEY,-1.0,2024-03-12,0.0
202403128901118,WEY,0.0,2024-03-12,-2.0
202403128901123,WEY,-1.0,2024-03-12,3.0
202403128901132,WEY,-1.0,2024-03-12,0.0
202403128901147,WEY,-1.0,2024-03-12,4.0
202403128901152,WEY,0.0,2024-03-12,18.0
202403128901157,WEY,0.0,2024-03-12,5.0
202403128901162,WEY,0.0,2024-03-12,0.0
202403128901167,WEY,-1.0,2024-03-12,0.0
202403128901172,WEY,-1.0,2024-03-12,0.0
202403128901182,WEY,-1.0,2024-03-12,3.0
202403128901187,WEY,-1.0,2024-03-12,0.0
202403128901192,WEY,-1.0,2024-03-12,-2.0
202403128901197,WEY,-1.0,2024-03-12,-6.0
202403128901203,WEY,-1.0,2024-03-12,-1.0
202403128901211,WEY,0.0,2024-03-12,-3.0
202403137622346,WEY,-1.0,2024-03-13,-1.0
202403138901078,WEY,0.0,2024-03-13,-1.0
202403138901080,WEY,0.0,2024-03-13,-2.0
202403138901083,WEY,0.0,2024-03-13,-1.0
202403138901086,WEY,-1.0,2024-03-13,7.0
202403138901090,WEY,0.0,2024-03-13,1.0
202403138901095,WEY,0.0,2024-03-13,11.0
202403138901099,WEY,0.0,2024-03-13,-1.0
202403138901104,WEY,0.0,2024-03-13,10.0
202403138901108,WEY,0.0,2024-03-13,1.0
202403138901113,WEY,0.0,2024-03-13,3.0
202403138901118,WEY,-1.0,2024-03-13,16.0
202403138901123,WEY,0.0,2024-03-13,-1.0
202403138901132,WEY,3.0,2024-03-13,3.0
202403138901147,WEY,-1.0,2024-03-13,2.0
202403138901152,WEY,-1.0,2024-03-13,3.0
202403138901157,WEY,-1.0,2024-03-13,13.0
202403138901162,WEY,-1.0,2024-03-13,15.0
202403138901167,WEY,-1.0,2024-03-13,7.0
202403138901172,WEY,-1.0,2024-03-13,2.0
202403138901182,WEY,-1.0,2024-03-13,1.0
202403138901187,WEY,-1.0,2024-03-13,2.0
202403138901192,WEY,-1.0,2024-03-13,3.0
202403138901197,WEY,2.0,2024-03-13,-2.0
202403138901203,WEY,-1.0,2024-03-13,-2.0
202403138901211,WEY,0.0,2024-03-13,-1.0
202403147622346,WEY,-1.0,2024-03-14,-1.0
202403148901080,WEY,0.0,2024-03-14,16.0
202403148901083,WEY,-1.0,2024-03-14,11.0
202403148901086,WEY,-1.0,2024-03-14,1.0
202403148901090,WEY,-1.0,2024-03-14,13.0
202403148901095,WEY,-1.0,2024-03-14,-1.0
202403148901099,WEY,-1.0,2024-03-14,-1.0
202403148901104,WEY,0.0,2024-03-14,-3.0
202403148901108,WEY,-1.0,2024-03-14,-2.0
202403148901113,WEY,0.0,2024-03-14,1.0
202403148901118,WEY,0.0,2024-03-14,-1.0
202403148901123,WEY,-1.0,2024-03-14,-2.0
202403148901132,WEY,2.0,2024-03-14,3.0
202403148901147,WEY,-1.0,2024-03-14,2.0
202403148901152,WEY,-1.0,2024-03-14,8.0
202403148901157,WEY,-1.0,2024-03-14,4.0
202403148901162,WEY,-1.0,2024-03-14,13.0
202403148901167,WEY,-1.0,2024-03-14,0.0
202403148901172,WEY,1.0,2024-03-14,0.0
202403148901182,WEY,-1.0,2024-03-14,2.0
202403148901187,WEY,-1.0,2024-03-14,0.0
202403148901192,WEY,-1.0,2024-03-14,-1.0
202403148901197,WEY,-1.0,2024-03-14,-5.0
202403148901203,WEY,0.0,2024-03-14,0.0
202403148901211,WEY,1.0,2024-03-14,-3.0
202403157622346,WEY,-1.0,2024-03-15,0.0
202403158901078,WEY,-1.0,2024-03-15,-2.0
202403158901080,WEY,0.0,2024-03-15,-3.0
202403158901083,WEY,0.0,2024-03-15,-2.0
202403158901086,WEY,0.0,2024-03-15,-2.0
202403158901090,WEY,-1.0,2024-03-15,2.0
202403158901095,WEY,0.0,2024-03-15,1.0
202403158901099,WEY,-1.0,2024-03-15,4.0
202403158901104,WEY,0.0,2024-03-15,-3.0
202403158901108,WEY,0.0,2024-03-15,-1.0
202403158901113,WEY,-1.0,2024-03-15,4.0
202403158901118,WEY,-1.0,2024-03-15,0.0
202403158901123,WEY,-1.0,2024-03-15,-1.0
202403158901131,WEY,-1.0,2024-03-15,0.0
202403158901147,WEY,-1.0,2024-03-15,1.0
202403158901152,WEY,-1.0,2024-03-15,1.0
202403158901157,WEY,-1.0,2024-03-15,0.0
202403158901162,WEY,-1.0,2024-03-15,1.0
202403158901167,WEY,-1.0,2024-03-15,3.0
202403158901172,WEY,-1.0,2024-03-15,0.0
202403158901182,WEY,-1.0,2024-03-15,4.0
202403158901187,WEY,-1.0,2024-03-15,3.0
202403158901192,WEY,-1.0,2024-03-15,-3.0
202403158901197,WEY,0.0,2024-03-15,-5.0
202403158901202,WEY,-1.0,2024-03-15,0.0
202403158901210,WEY,0.0,2024-03-15,-3.0
202403167622389,WEY,-1.0,2024-03-16,-2.0
202403168901079,WEY,0.0,2024-03-16,1.0
202403168901081,WEY,0.0,2024-03-16,2.0
202403168901084,WEY,0.0,2024-03-16,-3.0
202403168901087,WEY,0.0,2024-03-16,1.0
202403168901091,WEY,0.0,2024-03-16,-1.0
202403168901096,WEY,0.0,2024-03-16,-1.0
202403168901100,WEY,0.0,2024-03-16,2.0
202403168901105,WEY,1.0,2024-03-16,1.0
202403168901109,WEY,1.0,2024-03-16,0.0
202403168901114,WEY,-1.0,2024-03-16,1.0
202403168901119,WEY,0.0,2024-03-16,-1.0
202403168901124,WEY,-1.0,2024-03-16,-1.0
202403168901141,WEY,-1.0,2024-03-16,3.0
202403168901143,WEY,0.0,2024-03-16,8.0
202403168901148,WEY,-1.0,2024-03-16,2.0
202403168901153,WEY,-1.0,2024-03-16,-1.0
202403168901158,WEY,0.0,2024-03-16,0.0
202403168901163,WEY,-1.0,2024-03-16,1.0
202403168901168,WEY,0.0,2024-03-16,1.0
202403168901173,WEY,0.0,2024-03-16,1.0
202403168901178,WEY,0.0,2024-03-16,0.0
202403168901183,WEY,0.0,2024-03-16,2.0
202403168901188,WEY,0.0,2024-03-16,2.0
202403168901193,WEY,-1.0,2024-03-16,0.0
202403168901198,WEY,0.0,2024-03-16,0.0
202403168901204,WEY,-1.0,2024-03-16,0.0
202403168901212,WEY,0.0,2024-03-16,-2.0
202403168901229,WEY,-1.0,2024-03-16,-3.0
202403168901231,WEY,-1.0,2024-03-16,-2.0
202403217622346,WEY,-1.0,2024-03-21,-1.0
202403218901078,WEY,0.0,2024-03-21,-1.0
202403218901080,WEY,-1.0,2024-03-21,2.0
202403218901083,WEY,0.0,2024-03-21,12.0
202403218901086,WEY,0.0,2024-03-21,0.0
202403218901090,WEY,0.0,2024-03-21,3.0
202403218901095,WEY,0.0,2024-03-21,1.0
202403218901099,WEY,-1.0,2024-03-21,3.0
202403218901104,WEY,-1.0,2024-03-21,-3.0
202403218901108,WEY,0.0,2024-03-21,6.0
202403218901113,WEY,0.0,2024-03-21,-1.0
202403218901118,WEY,0.0,2024-03-21,-1.0
202403218901123,WEY,0.0,2024-03-21,-1.0
202403218901132,WEY,4.0,2024-03-21,5.0
202403218901147,WEY,-1.0,2024-03-21,8.0
202403218901152,WEY,2.0,2024-03-21,1.0
202403218901157,WEY,0.0,2024-03-21,1.0
202403218901162,WEY,0.0,2024-03-21,6.0
202403218901167,WEY,-1.0,2024-03-21,0.0
202403218901172,WEY,-1.0,2024-03-21,2.0
202403218901182,WEY,-1.0,2024-03-21,0.0
202403218901187,WEY,-1.0,2024-03-21,4.0
202403218901192,WEY,-1.0,2024-03-21,-1.0
202403218901197,WEY,-1.0,2024-03-21,-3.0
202403218901203,WEY,-1.0,2024-03-21,2.0
202403218901211,WEY,-1.0,2024-03-21,-1.0
202403227622346,WEY,0.0,2024-03-22,-2.0
202403228901078,WEY,-1.0,2024-03-22,1.0
202403228901080,WEY,0.0,2024-03-22,-3.0
202403228901083,WEY,-1.0,2024-03-22,-6.0
202403228901086,WEY,0.0,2024-03-22,2.0
202403228901090,WEY,-1.0,2024-03-22,-2.0
202403228901095,WEY,0.0,2024-03-22,-5.0
202403228901099,WEY,-1.0,2024-03-22,-1.0
202403228901104,WEY,0.0,2024-03-22,-4.0
202403228901108,WEY,0.0,2024-03-22,-2.0
202403228901113,WEY,-1.0,2024-03-22,2.0
202403228901118,WEY,-1.0,2024-03-22,-3.0
202403228901123,WEY,0.0,2024-03-22,-4.0
202403228901131,WEY,0.0,2024-03-22,3.0
202403228901147,WEY,0.0,2024-03-22,8.0
202403228901152,WEY,-1.0,2024-03-22,0.0
202403228901157,WEY,0.0,2024-03-22,1.0
202403228901162,WEY,-1.0,2024-03-22,5.0
202403228901167,WEY,-1.0,2024-03-22,-2.0
202403228901172,WEY,-1.0,2024-03-22,-4.0
202403228901182,WEY,-1.0,2024-03-22,4.0
202403228901187,WEY,-1.0,2024-03-22,1.0
202403228901192,WEY,-1.0,2024-03-22,-2.0
202403228901197,WEY,-1.0,2024-03-22,-3.0
202403228901202,WEY,-1.0,2024-03-22,0.0
202403228901210,WEY,-1.0,2024-03-22,-4.0
202403257622346,WEY,1.0,2024-03-25,-1.0
202403258901078,WEY,-1.0,2024-03-25,12.0
202403258901080,WEY,0.0,2024-03-25,1.0
202403258901083,WEY,3.0,2024-03-25,8.0
202403258901086,WEY,-1.0,2024-03-25,-1.0
202403258901090,WEY,0.0,2024-03-25,0.0
202403258901095,WEY,-1.0,2024-03-25,1.0
202403258901099,WEY,0.0,2024-03-25,-1.0
202403258901104,WEY,0.0,2024-03-25,-3.0
202403258901108,WEY,-3.0,2024-03-25,7.0
202403258901113,WEY,1.0,2024-03-25,4.0
202403258901118,WEY,0.0,2024-03-25,-1.0
202403258901123,WEY,0.0,2024-03-25,-3.0
202403258901132,WEY,0.0,2024-03-25,3.0
202403258901147,WEY,-1.0,2024-03-25,13.0
202403258901152,WEY,-1.0,2024-03-25,0.0
202403258901157,WEY,-1.0,2024-03-25,0.0
202403258901162,WEY,-1.0,2024-03-25,-1.0
202403258901167,WEY,-1.0,2024-03-25,1.0
202403258901172,WEY,-1.0,2024-03-25,-2.0
202403258901182,WEY,-1.0,2024-03-25,2.0
202403258901187,WEY,0.0,2024-03-25,0.0
202403258901192,WEY,-1.0,2024-03-25,16.0
202403258901197,WEY,-1.0,2024-03-25,-3.0
202403258901203,WEY,-1.0,2024-03-25,0.0
202403258901211,WEY,-1.0,2024-03-25,-1.0
202403267622346,WEY,-1.0,2024-03-26,10.0
202403268901078,WEY,0.0,2024-03-26,11.0
202403268901080,WEY,-1.0,2024-03-26,1.0
202403268901083,WEY,0.0,2024-03-26,-2.0
202403268901086,WEY,-1.0,2024-03-26,-1.0
202403268901090,WEY,-1.0,2024-03-26,0.0
202403268901095,WEY,0.0,2024-03-26,1.0
202403268901099,WEY,0.0,2024-03-26,0.0
202403268901104,WEY,0.0,2024-03-26,3.0
202403268901108,WEY,0.0,2024-03-26,16.0
202403268901113,WEY,0.0,2024-03-26,8.0
202403268901118,WEY,7.0,2024-03-26,28.0
202403268901123,WEY,0.0,2024-03-26,7.0
202403268901132,WEY,2.0,2024-03-26,18.0
202403268901147,WEY,-1.0,2024-03-26,1.0
202403268901152,WEY,-1.0,2024-03-26,3.0
202403268901157,WEY,-1.0,2024-03-26,1.0
202403268901162,WEY,0.0,2024-03-26,4.0
202403268901167,WEY,-1.0,2024-03-26,4.0
202403268901172,WEY,-1.0,2024-03-26,3.0
202403268901182,WEY,-1.0,2024-03-26,3.0
202403268901187,WEY,-1.0,2024-03-26,18.0
202403268901192,WEY,1.0,2024-03-26,20.0
202403268901197,WEY,-1.0,2024-03-26,17.0
202403268901203,WEY,0.0,2024-03-26,14.0
202403268901211,WEY,0.0,2024-03-26,-1.0
202403277622346,WEY,3.0,2024-03-27,1.0
202403278901078,WEY,7.0,2024-03-27,1.0
202403278901080,WEY,3.0,2024-03-27,1.0
202403278901083,WEY,5.0,2024-03-27,-1.0
202403278901086,WEY,3.0,2024-03-27,1.0
202403278901090,WEY,1.0,2024-03-27,0.0
202403278901095,WEY,6.0,2024-03-27,2.0
202403278901099,WEY,2.0,2024-03-27,-1.0
202403278901104,WEY,0.0,2024-03-27,-2.0
202403278901108,WEY,1.0,2024-03-27,-2.0
202403278901113,WEY,4.0,2024-03-27,0.0
202403278901118,WEY,1.0,2024-03-27,-3.0
202403278901123,WEY,0.0,2024-03-27,-3.0
202403278901132,WEY,0.0,2024-03-27,-1.0
202403278901147,WEY,1.0,2024-03-27,1.0
202403278901152,WEY,-1.0,2024-03-27,0.0
202403278901157,WEY,0.0,2024-03-27,0.0
202403278901162,WEY,-1.0,2024-03-27,-1.0
202403278901167,WEY,-1.0,2024-03-27,1.0
202403278901172,WEY,-1.0,2024-03-27,-2.0
202403278901182,WEY,3.0,2024-03-27,0.0
202403278901187,WEY,-1.0,2024-03-27,1.0
202403278901192,WEY,0.0,2024-03-27,0.0
202403278901197,WEY,-1.0,2024-03-27,-4.0
202403278901203,WEY,2.0,2024-03-27,-2.0
202403278901211,WEY,-1.0,2024-03-27,-2.0
202403287622346,WEY,5.0,2024-03-28,10.0
202403288901078,WEY,-1.0,2024-03-28,-3.0
202403288901080,WEY,0.0,2024-03-28,0.0
202403288901083,WEY,0.0,2024-03-28,1.0
202403288901086,WEY,4.0,2024-03-28,1.0
202403288901090,WEY,2.0,2024-03-28,9.0
202403288901095,WEY,-1.0,2024-03-28,11.0
202403288901099,WEY,-1.0,2024-03-28,14.0
202403288901104,WEY,0.0,2024-03-28,13.0
202403288901108,WEY,1.0,2024-03-28,19.0
202403288901113,WEY,-1.0,2024-03-28,23.0
202403288901118,WEY,-1.0,2024-03-28,-4.0
202403288901123,WEY,-1.0,2024-03-28,-1.0
202403288901132,WEY,3.0,2024-03-28,5.0
202403288901147,WEY,-1.0,2024-03-28,2.0
202403288901152,WEY,-1.0,2024-03-28,2.0
202403288901157,WEY,0.0,2024-03-28,1.0
202403288901162,WEY,-1.0,2024-03-28,4.0
202403288901167,WEY,-1.0,2024-03-28,2.0
202403288901172,WEY,0.0,2024-03-28,-1.0
202403288901182,WEY,-2.0,2024-03-28,13.0
202403288901187,WEY,0.0,2024-03-28,23.0
202403288901192,WEY,2.0,2024-03-28,5.0
202403288901197,WEY,-1.0,2024-03-28,5.0
202403288901203,WEY,-1.0,2024-03-28,7.0
202403288901211,WEY,0.0,2024-03-28,7.0
202403298118093,WEY,-1.0,2024-03-29,-2.0
202403298118096,WEY,-2.0,2024-03-29,-1394.0
202403298118099,WEY,6.0,2024-03-29,88.0
202403298118104,WEY,43.0,2024-03-29,74.0
202403298118108,WEY,26.0,2024-03-29,
202403298118110,WEY,61.0,2024-03-29,
202403298118112,WEY,6.0,2024-03-29,14.0
202403298118113,WEY,-1.0,2024-03-29,28.0
202403298118115,WEY,-1.0,2024-03-29,0.0
202403298118116,WEY,14.0,2024-03-29,44.0
202403298118118,WEY,0.0,2024-03-29,32.0
202403298118120,WEY,-2.0,2024-03-29,7.0
202403298118122,WEY,14.0,2024-03-29,19.0
202403298118123,WEY,0.0,2024-03-29,23.0
202403298118124,WEY,-1.0,2024-03-29,
202403298119689,WEY,0.0,2024-03-29,12.0
202403298119691,WEY,-1.0,2024-03-29,28.0
202403298122257,WEY,5.0,2024-03-29,50.0
202403298155990,WEY,-1.0,2024-03-29,1.0
202403298156000,WEY,9.0,2024-03-29,46.0
202403298156002,WEY,8.0,2024-03-29,46.0
202403298156004,WEY,10.0,2024-03-29,30.0
202403298156010,WEY,16.0,2024-03-29,14.0
202403298156020,WEY,-1.0,2024-03-29,
202403298156027,WEY,5.0,2024-03-29,50.0
202403298156033,WEY,7.0,2024-03-29,49.0
202403298156035,WEY,1.0,2024-03-29,30.0
202403298156039,WEY,,2024-03-29,
202403298156041,WEY,39.0,2024-03-29,
202403298156045,WEY,-1.0,2024-03-29,32.0
202403307622389,WEY,-1.0,2024-03-30,16.0
202403308901079,WEY,-1.0,2024-03-30,32.0
202403308901081,WEY,6.0,2024-03-30,34.0
202403308901084,WEY,7.0,2024-03-30,31.0
202403308901087,WEY,5.0,2024-03-30,50.0
202403308901091,WEY,-1.0,2024-03-30,21.0
202403308901096,WEY,2.0,2024-03-30,18.0
202403308901100,WEY,0.0,2024-03-30,28.0
202403308901105,WEY,-1.0,2024-03-30,16.0
202403308901109,WEY,0.0,2024-03-30,18.0
202403308901114,WEY,-1.0,2024-03-30,19.0
202403308901119,WEY,-1.0,2024-03-30,21.0
202403308901124,WEY,-1.0,2024-03-30,28.0
202403308901141,WEY,-1.0,2024-03-30,13.0
202403308901143,WEY,-1.0,2024-03-30,11.0
202403308901148,WEY,-1.0,2024-03-30,13.0
202403308901153,WEY,6.0,2024-03-30,29.0
202403308901158,WEY,1.0,2024-03-30,17.0
202403308901163,WEY,16.0,2024-03-30,40.0
202403308901168,WEY,-1.0,2024-03-30,15.0
202403308901173,WEY,-1.0,2024-03-30,11.0
202403308901178,WEY,0.0,2024-03-30,23.0
202403308901183,WEY,4.0,2024-03-30,28.0
202403308901188,WEY,-1.0,2024-03-30,22.0
202403308901193,WEY,-1.0,2024-03-30,18.0
202403308901198,WEY,2.0,2024-03-30,14.0
202403308901204,WEY,4.0,2024-03-30,14.0
202403308901212,WEY,-1.0,2024-03-30,-1407.0
202403308901229,WEY,-1.0,2024-03-30,13.0
202403308901231,WEY,-1.0,2024-03-30,15.0
202404018101169,WEY,-1.0,2024-04-01,1.0
202404018101174,WEY,-1.0,2024-04-01,-1.0
202404018119306,WEY,0.0,2024-04-01,-4.0
202404018119307,WEY,-1.0,2024-04-01,-1.0
202404018119312,WEY,-1.0,2024-04-01,-1.0
202404018119314,WEY,-1.0,2024-04-01,0.0
202404018119316,WEY,-1.0,2024-04-01,0.0
202404018119320,WEY,-1.0,2024-04-01,6.0
202404018119321,WEY,-1.0,2024-04-01,3.0
202404018119322,WEY,-1.0,2024-04-01,1.0
202404018119324,WEY,-1.0,2024-04-01,3.0
202404018119327,WEY,0.0,2024-04-01,-2.0
202404018130358,WEY,0.0,2024-04-01,-1.0
202404018130359,WEY,-1.0,2024-04-01,-7.0
202404018130360,WEY,-1.0,2024-04-01,0.0
202404018130362,WEY,0.0,2024-04-01,2.0
202404018130364,WEY,-1.0,2024-04-01,5.0
202404018130366,WEY,-1.0,2024-04-01,2.0
202404018130368,WEY,0.0,2024-04-01,-2.0
202404018130372,WEY,0.0,2024-04-01,27.0
202404018130374,WEY,-1.0,2024-04-01,-4.0
202404018130376,WEY,0.0,2024-04-01,-3.0
202404018130380,WEY,-1.0,2024-04-01,-1.0
202404018130387,WEY,-1.0,2024-04-01,-1.0
202404018130391,WEY,-1.0,2024-04-01,1.0
202404018130393,WEY,-1.0,2024-04-01,0.0
202404018130395,WEY,-1.0,2024-04-01,2.0
202404018130397,WEY,-1.0,2024-04-01,2.0
202404018130401,WEY,-1.0,2024-04-01,7.0
202404027622346,WEY,-1.0,2024-04-02,0.0
202404028901078,WEY,-1.0,2024-04-02,3.0
202404028901080,WEY,0.0,2024-04-02,-2.0
202404028901083,WEY,-1.0,2024-04-02,-2.0
202404028901086,WEY,0.0,2024-04-02,1.0
202404028901090,WEY,-1.0,2024-04-02,
202404028901095,WEY,0.0,2024-04-02,31.0
202404028901099,WEY,-1.0,2024-04-02,6.0
202404028901104,WEY,0.0,2024-04-02,-5.0
202404028901108,WEY,-3.0,2024-04-02,3.0
202404028901113,WEY,11.0,2024-04-02,2.0
202404028901118,WEY,6.0,2024-04-02,19.0
202404028901123,WEY,-1.0,2024-04-02,-2.0
202404028901132,WEY,7.0,2024-04-02,0.0
202404028901147,WEY,-1.0,2024-04-02,4.0
202404028901152,WEY,-1.0,2024-04-02,3.0
202404028901157,WEY,-1.0,2024-04-02,0.0
202404028901162,WEY,-1.0,2024-04-02,2.0
202404028901167,WEY,-1.0,2024-04-02,55.0
202404028901172,WEY,-1.0,2024-04-02,
202404028901182,WEY,0.0,2024-04-02,15.0
202404028901187,WEY,-2.0,2024-04-02,2.0
202404028901192,WEY,-1.0,2024-04-02,-1.0
202404028901197,WEY,4.0,2024-04-02,1.0
202404028901203,WEY,-1.0,2024-04-02,8.0
202404028901211,WEY,12.0,2024-04-02,0.0
202404037622346,WEY,-1.0,2024-04-03,2.0
202404038901078,WEY,-1.0,2024-04-03,
202404038901080,WEY,0.0,2024-04-03,31.0
202404038901083,WEY,0.0,2024-04-03,0.0
202404038901086,WEY,0.0,2024-04-03,6.0
202404038901090,WEY,,2024-04-03,
202404038901095,WEY,3.0,2024-04-03,11.0
202404038901099,WEY,0.0,2024-04-03,-1.0
202404038901104,WEY,,2024-04-03,
202404038901108,WEY,0.0,2024-04-03,2.0
202404038901113,WEY,0.0,2024-04-03,-2.0
202404038901118,WEY,0.0,2024-04-03,-1.0
202404038901123,WEY,-1.0,2024-04-03,-7.0
202404038901132,WEY,-1.0,2024-04-03,2.0
202404038901147,WEY,-1.0,2024-04-03,29.0
202404038901152,WEY,-1.0,2024-04-03,20.0
202404038901157,WEY,-1.0,2024-04-03,4.0
202404038901162,WEY,-1.0,2024-04-03,15.0
202404038901167,WEY,40.0,2024-04-03,18.0
202404038901172,WEY,37.0,2024-04-03,1.0
202404038901182,WEY,-2.0,2024-04-03,0.0
202404038901187,WEY,16.0,2024-04-03,5.0
202404038901192,WEY,0.0,2024-04-03,1.0
202404038901197,WEY,-1.0,2024-04-03,10.0
202404038901203,WEY,2.0,2024-04-03,-1.0
202404038901211,WEY,1.0,2024-04-03,16.0
202404048901080,WEY,-1.0,2024-04-04,1.0
202404048901083,WEY,-1.0,2024-04-04,1.0
202404048901086,WEY,-1.0,2024-04-04,-2.0
202404048901090,WEY,0.0,2024-04-04,1.0
202404048901095,WEY,-1.0,2024-04-04,-4.0
202404048901099,WEY,-1.0,2024-04-04,32.0
202404048901104,WEY,-1.0,2024-04-04,15.0
202404048901108,WEY,-1.0,2024-04-04,-1.0
202404048901113,WEY,0.0,2024-04-04,-1.0
202404048901118,WEY,0.0,2024-04-04,25.0
202404048901123,WEY,5.0,2024-04-04,-2.0
202404048901211,WEY,-1.0,2024-04-04,-2.0
202404048901227,WEY,-1.0,2024-04-04,4.0
202404048901232,WEY,-1.0,2024-04-04,6.0
202404058901080,WEY,-1.0,2024-04-05,2.0
202404058901083,WEY,-1.0,2024-04-05,2.0
202404058901086,WEY,-1.0,2024-04-05,8.0
202404058901090,WEY,-1.0,2024-04-05,6.0
202404058901095,WEY,-1.0,2024-04-05,0.0
202404058901099,WEY,-1.0,2024-04-05,6.0
202404058901104,WEY,-1.0,2024-04-05,2.0
202404058901108,WEY,-1.0,2024-04-05,3.0
202404058901113,WEY,-1.0,2024-04-05,0.0
202404058901118,WEY,-1.0,2024-04-05,-1.0
202404058901123,WEY,-1.0,2024-04-05,-3.0
202404058901210,WEY,-1.0,2024-04-05,-1.0
202404058901227,WEY,-1.0,2024-04-05,1.0
202404058901232,WEY,0.0,2024-04-05,1.0
202404098901080,WEY,-1.0,2024-04-09,23.0
202404098901083,WEY,-1.0,2024-04-09,-4.0
202404098901086,WEY,-1.0,2024-04-09,-3.0
202404098901090,WEY,0.0,2024-04-09,14.0
202404098901095,WEY,-1.0,2024-04-09,-1.0
202404098901099,WEY,0.0,2024-04-09,5.0
202404098901104,WEY,0.0,2024-04-09,2.0
202404098901108,WEY,0.0,2024-04-09,0.0
202404098901113,WEY,-1.0,2024-04-09,-1.0
202404098901118,WEY,-1.0,2024-04-09,-1.0
202404098901123,WEY,-1.0,2024-04-09,-2.0
202404098901211,WEY,-1.0,2024-04-09,-1.0
202404098901232,WEY,0.0,2024-04-09,5.0
202404107622346,WEY,-1.0,2024-04-10,-4.0
202404108901078,WEY,0.0,2024-04-10,0.0
202404108901080,WEY,0.0,2024-04-10,2.0
202404108901083,WEY,0.0,2024-04-10,10.0
202404108901086,WEY,-1.0,2024-04-10,10.0
202404108901090,WEY,1.0,2024-04-10,2.0
202404108901095,WEY,0.0,2024-04-10,-1.0
202404108901099,WEY,0.0,2024-04-10,5.0
202404108901104,WEY,0.0,2024-04-10,0.0
202404108901108,WEY,-1.0,2024-04-10,-3.0
202404108901113,WEY,-1.0,2024-04-10,1.0
202404108901118,WEY,-1.0,2024-04-10,-1.0
202404108901123,WEY,-1.0,2024-04-10,2.0
202404108901132,WEY,0.0,2024-04-10,4.0
202404108901147,WEY,0.0,2024-04-10,7.0
202404108901152,WEY,-1.0,2024-04-10,9.0
202404108901157,WEY,-1.0,2024-04-10,1.0
202404108901162,WEY,-1.0,2024-04-10,5.0
202404108901167,WEY,0.0,2024-04-10,1.0
202404108901172,WEY,-1.0,2024-04-10,2.0
202404108901182,WEY,-1.0,2024-04-10,5.0
202404108901187,WEY,1.0,2024-04-10,0.0
202404108901192,WEY,-1.0,2024-04-10,3.0
202404108901197,WEY,1.0,2024-04-10,-7.0
202404108901203,WEY,-1.0,2024-04-10,9.0
202404108901211,WEY,-1.0,2024-04-10,-3.0
202404117622346,WEY,-1.0,2024-04-11,-5.0
202404118901078,WEY,-1.0,2024-04-11,0.0
202404118901080,WEY,0.0,2024-04-11,-3.0
202404118901083,WEY,-1.0,2024-04-11,1.0
202404118901086,WEY,-1.0,2024-04-11,7.0
202404118901090,WEY,-1.0,2024-04-11,1.0
202404118901095,WEY,-1.0,2024-04-11,-1.0
202404118901099,WEY,0.0,2024-04-11,2.0
202404118901104,WEY,-1.0,2024-04-11,30.0
202404118901108,WEY,1.0,2024-04-11,1.0
202404118901113,WEY,0.0,2024-04-11,-1.0
202404118901118,WEY,0.0,2024-04-11,-1.0
202404118901123,WEY,4.0,2024-04-11,0.0
202404118901132,WEY,-1.0,2024-04-11,5.0
202404118901147,WEY,-1.0,2024-04-11,3.0
202404118901152,WEY,-1.0,2024-04-11,13.0
202404118901157,WEY,-1.0,2024-04-11,0.0
202404118901162,WEY,-1.0,2024-04-11,16.0
202404118901167,WEY,-1.0,2024-04-11,2.0
202404118901172,WEY,0.0,2024-04-11,1.0
202404118901182,WEY,-1.0,2024-04-11,18.0
202404118901187,WEY,-1.0,2024-04-11,-1.0
202404118901192,WEY,10.0,2024-04-11,-1.0
202404118901197,WEY,2.0,2024-04-11,-9.0
202404118901203,WEY,-1.0,2024-04-11,0.0
202404118901211,WEY,2.0,2024-04-11,-4.0
202404127622346,WEY,-1.0,2024-04-12,6.0
202404128901078,WEY,-1.0,2024-04-12,-3.0
202404128901080,WEY,0.0,2024-04-12,0.0
202404128901083,WEY,1.0,2024-04-12,19.0
202404128901086,WEY,0.0,2024-04-12,24.0
202404128901095,WEY,0.0,2024-04-12,23.0
202404128901099,WEY,0.0,2024-04-12,24.0
202404128901104,WEY,-1.0,2024-04-12,12.0
202404128901108,WEY,-1.0,2024-04-12,27.0
202404128901113,WEY,19.0,2024-04-12,23.0
202404128901118,WEY,2.0,2024-04-12,11.0
202404128901123,WEY,0.0,2024-04-12,18.0
202404128901131,WEY,3.0,2024-04-12,8.0
202404128901147,WEY,-1.0,2024-04-12,4.0
202404128901152,WEY,-1.0,2024-04-12,13.0
202404128901157,WEY,-1.0,2024-04-12,24.0
202404128901162,WEY,-3.0,2024-04-12,12.0
202404128901167,WEY,1.0,2024-04-12,30.0
202404128901172,WEY,-1.0,2024-04-12,27.0
202404128901182,WEY,-1.0,2024-04-12,35.0
202404128901187,WEY,-1.0,2024-04-12,18.0
202404128901192,WEY,-2.0,2024-04-12,10.0
202404128901197,WEY,20.0,2024-04-12,18.0
202404128901202,WEY,-2.0,2024-04-12,15.0
202404128901210,WEY,7.0,2024-04-12,16.0
202404157622346,WEY,-1.0,2024-04-15,6.0
202404158901078,WEY,-1.0,2024-04-15,12.0
202404158901080,WEY,0.0,2024-04-15,-1.0
202404158901083,WEY,-1.0,2024-04-15,22.0
202404158901086,WEY,0.0,2024-04-15,65.0
202404158901090,WEY,0.0,2024-04-15,24.0
202404158901095,WEY,0.0,2024-04-15,47.0
202404158901099,WEY,0.0,2024-04-15,9.0
202404158901104,WEY,0.0,2024-04-15,7.0
202404158901108,WEY,52.0,2024-04-15,41.0
202404158901113,WEY,7.0,2024-04-15,26.0
202404158901118,WEY,10.0,2024-04-15,
202404158901123,WEY,-1.0,2024-04-15,13.0
202404158901132,WEY,2.0,2024-04-15,4.0
202404158901147,WEY,-1.0,2024-04-15,18.0
202404158901152,WEY,-1.0,2024-04-15,13.0
202404158901157,WEY,-1.0,2024-04-15,20.0
202404158901162,WEY,-1.0,2024-04-15,
202404158901167,WEY,-1.0,2024-04-15,42.0
202404158901172,WEY,0.0,2024-04-15,30.0
202404158901182,WEY,,2024-04-15,
202404158901187,WEY,47.0,2024-04-15,53.0
202404158901192,WEY,10.0,2024-04-15,14.0
202404158901197,WEY,-1.0,2024-04-15,18.0
202404158901203,WEY,17.0,2024-04-15,18.0
202404158901211,WEY,,2024-04-15,
202404167622346,WEY,0.0,2024-04-16,2.0
202404168901078,WEY,-1.0,2024-04-16,0.0
202404168901080,WEY,0.0,2024-04-16,2.0
202404168901083,WEY,-1.0,2024-04-16,-2.0
202404168901086,WEY,0.0,2024-04-16,3.0
202404168901090,WEY,0.0,2024-04-16,-1.0
202404168901095,WEY,-1.0,2024-04-16,3.0
202404168901099,WEY,0.0,2024-04-16,-1.0
202404168901104,WEY,1.0,2024-04-16,4.0
202404168901108,WEY,0.0,2024-04-16,0.0
202404168901113,WEY,-1.0,2024-04-16,2.0
202404168901118,WEY,-1.0,2024-04-16,-3.0
202404168901123,WEY,0.0,2024-04-16,-3.0
202404168901132,WEY,-1.0,2024-04-16,-1.0
202404168901147,WEY,-1.0,2024-04-16,0.0
202404168901152,WEY,0.0,2024-04-16,5.0
202404168901157,WEY,-1.0,2024-04-16,2.0
202404168901162,WEY,-1.0,2024-04-16,0.0
202404168901167,WEY,1.0,2024-04-16,-1.0
202404168901172,WEY,-1.0,2024-04-16,3.0
202404168901182,WEY,-1.0,2024-04-16,2.0
202404168901187,WEY,0.0,2024-04-16,1.0
202404168901192,WEY,-1.0,2024-04-16,-3.0
202404168901197,WEY,-1.0,2024-04-16,-7.0
202404168901203,WEY,-1.0,2024-04-16,-1.0
202404168901211,WEY,-1.0,2024-04-16,-4.0
202404177622346,WEY,-1.0,2024-04-17,-1.0
202404178901078,WEY,-1.0,2024-04-17,10.0
202404178901080,WEY,0.0,2024-04-17,-1.0
202404178901083,WEY,0.0,2024-04-17,-3.0
202404178901086,WEY,0.0,2024-04-17,3.0
202404178901090,WEY,-1.0,2024-04-17,1.0
202404178901095,WEY,0.0,2024-04-17,-1.0
202404178901099,WEY,0.0,2024-04-17,1.0
202404178901104,WEY,-1.0,2024-04-17,-3.0
202404178901108,WEY,0.0,2024-04-17,1.0
202404178901113,WEY,-1.0,2024-04-17,1.0
202404178901118,WEY,2.0,2024-04-17,2.0
202404178901123,WEY,0.0,2024-04-17,-1.0
202404178901132,WEY,-1.0,2024-04-17,4.0
202404178901147,WEY,-1.0,2024-04-17,2.0
202404178901152,WEY,-1.0,2024-04-17,4.0
202404178901157,WEY,0.0,2024-04-17,0.0
202404178901162,WEY,-1.0,2024-04-17,1.0
202404178901167,WEY,-1.0,2024-04-17,0.0
202404178901172,WEY,1.0,2024-04-17,0.0
202404178901182,WEY,-1.0,2024-04-17,3.0
202404178901187,WEY,-1.0,2024-04-17,2.0
202404178901192,WEY,-1.0,2024-04-17,5.0
202404178901197,WEY,0.0,2024-04-17,-2.0
202404178901203,WEY,-1.0,2024-04-17,0.0
202404178901211,WEY,-1.0,2024-04-17,-3.0
202404187622346,WEY,-1.0,2024-04-18,2.0
202404188901078,WEY,-1.0,2024-04-18,-1.0
202404188901080,WEY,59.0,2024-04-18,
202404188901083,WEY,12.0,2024-04-18,16.0
202404188901086,WEY,0.0,2024-04-18,17.0
202404188901090,WEY,0.0,2024-04-18,0.0
202404188901095,WEY,0.0,2024-04-18,-1.0
202404188901099,WEY,0.0,2024-04-18,5.0
202404188901104,WEY,1.0,2024-04-18,-3.0
202404188901108,WEY,-1.0,2024-04-18,-4.0
202404188901113,WEY,-1.0,2024-04-18,-1.0
202404188901118,WEY,5.0,2024-04-18,0.0
202404188901123,WEY,0.0,2024-04-18,-3.0
202404188901132,WEY,-1.0,2024-04-18,-1.0
202404188901147,WEY,-1.0,2024-04-18,1.0
202404188901152,WEY,45.0,2024-04-18,
202404188901157,WEY,9.0,2024-04-18,5.0
202404188901162,WEY,-1.0,2024-04-18,-2.0
202404188901167,WEY,-1.0,2024-04-18,-2.0
202404188901172,WEY,2.0,2024-04-18,9.0
202404188901182,WEY,-1.0,2024-04-18,-1.0
202404188901187,WEY,-1.0,2024-04-18,0.0
202404188901192,WEY,-1.0,2024-04-18,1.0
202404188901197,WEY,-1.0,2024-04-18,-5.0
202404188901203,WEY,-1.0,2024-04-18,0.0
202404188901211,WEY,-1.0,2024-04-18,-2.0
202404197622346,WEY,-1.0,2024-04-19,-1.0
202404198901078,WEY,-1.0,2024-04-19,-2.0
202404198901080,WEY,0.0,2024-04-19,-2.0
202404198901083,WEY,0.0,2024-04-19,0.0
202404198901086,WEY,0.0,2024-04-19,-2.0
202404198901090,WEY,0.0,2024-04-19,-1.0
202404198901095,WEY,0.0,2024-04-19,-2.0
202404198901099,WEY,1.0,2024-04-19,-4.0
202404198901104,WEY,0.0,2024-04-19,-7.0
202404198901108,WEY,0.0,2024-04-19,-3.0
202404198901113,WEY,0.0,2024-04-19,-1.0
202404198901118,WEY,0.0,2024-04-19,-1.0
202404198901123,WEY,0.0,2024-04-19,4.0
202404198901131,WEY,0.0,2024-04-19,0.0
202404198901147,WEY,-1.0,2024-04-19,3.0
202404198901152,WEY,0.0,2024-04-19,7.0
202404198901157,WEY,-1.0,2024-04-19,1.0
202404198901162,WEY,-1.0,2024-04-19,6.0
202404198901167,WEY,-1.0,2024-04-19,1.0
202404198901172,WEY,-1.0,2024-04-19,2.0
202404198901182,WEY,-1.0,2024-04-19,2.0
202404198901187,WEY,0.0,2024-04-19,0.0
202404198901192,WEY,-1.0,2024-04-19,-3.0
202404198901197,WEY,-1.0,2024-04-19,-6.0
202404198901202,WEY,-1.0,2024-04-19,-2.0
202404198901210,WEY,0.0,2024-04-19,-3.0
202404227622346,WEY,-1.0,2024-04-22,-1.0
202404228901078,WEY,-1.0,2024-04-22,-2.0
202404228901080,WEY,1.0,2024-04-22,1.0
202404228901083,WEY,0.0,2024-04-22,-2.0
202404228901086,WEY,0.0,2024-04-22,-1.0
202404228901090,WEY,0.0,2024-04-22,-1.0
202404228901095,WEY,-1.0,2024-04-22,15.0
202404228901099,WEY,0.0,2024-04-22,3.0
202404228901104,WEY,0.0,2024-04-22,6.0
202404228901108,WEY,1.0,2024-04-22,-1.0
202404228901113,WEY,0.0,2024-04-22,-2.0
202404228901118,WEY,0.0,2024-04-22,-1.0
202404228901123,WEY,-1.0,2024-04-22,-1.0
202404228901132,WEY,0.0,2024-04-22,0.0
202404228901147,WEY,-1.0,2024-04-22,3.0
202404228901152,WEY,-1.0,2024-04-22,3.0
202404228901157,WEY,-1.0,2024-04-22,-1.0
202404228901162,WEY,-1.0,2024-04-22,1.0
202404228901167,WEY,-1.0,2024-04-22,0.0
202404228901172,WEY,-1.0,2024-04-22,9.0
202404228901182,WEY,-1.0,2024-04-22,-2.0
202404228901187,WEY,3.0,2024-04-22,-1.0
202404228901192,WEY,-1.0,2024-04-22,-1.0
202404228901197,WEY,-1.0,2024-04-22,
202404228901203,WEY,-1.0,2024-04-22,-1.0
202404228901211,WEY,-1.0,2024-04-22,-1.0
202404237622346,WEY,0.0,2024-04-23,-1.0
202404238901078,WEY,-1.0,2024-04-23,-1.0
202404238901080,WEY,0.0,2024-04-23,-1.0
202404238901083,WEY,-1.0,2024-04-23,-1.0
202404238901086,WEY,0.0,2024-04-23,2.0
202404238901090,WEY,-1.0,2024-04-23,1.0
202404238901095,WEY,-1.0,2024-04-23,-1.0
202404238901099,WEY,0.0,2024-04-23,0.0
202404238901104,WEY,0.0,2024-04-23,14.0
202404238901108,WEY,0.0,2024-04-23,-6.0
202404238901113,WEY,0.0,2024-04-23,56.0
202404238901118,WEY,1.0,2024-04-23,23.0
202404238901123,WEY,-1.0,2024-04-23,
202404238901132,WEY,,2024-04-23,
202404238901147,WEY,-1.0,2024-04-23,3.0
202404238901152,WEY,-1.0,2024-04-23,-1.0
202404238901157,WEY,-1.0,2024-04-23,-1.0
202404238901162,WEY,-1.0,2024-04-23,7.0
202404238901167,WEY,-1.0,2024-04-23,2.0
202404238901172,WEY,-1.0,2024-04-23,-1.0
202404238901182,WEY,-1.0,2024-04-23,17.0
202404238901187,WEY,-1.0,2024-04-23,68.0
202404238901192,WEY,-1.0,2024-04-23,34.0
202404238901197,WEY,0.0,2024-04-23,7.0
202404238901203,WEY,-1.0,2024-04-23,18.0
202404238901211,WEY,-1.0,2024-04-23,7.0
202404247622346,WEY,0.0,2024-04-24,0.0
202404248901078,WEY,0.0,2024-04-24,3.0
202404248901080,WEY,-1.0,2024-04-24,-2.0
202404248901083,WEY,0.0,2024-04-24,1.0
202404248901086,WEY,-1.0,2024-04-24,9.0
202404248901090,WEY,0.0,2024-04-24,1.0
202404248901095,WEY,-1.0,2024-04-24,1.0
202404248901099,WEY,0.0,2024-04-24,3.0
202404248901104,WEY,0.0,2024-04-24,-3.0
202404248901108,WEY,0.0,2024-04-24,3.0
202404248901113,WEY,0.0,2024-04-24,0.0
202404248901118,WEY,-1.0,2024-04-24,-1.0
202404248901123,WEY,0.0,2024-04-24,-1.0
202404248901132,WEY,-1.0,2024-04-24,0.0
202404248901147,WEY,-1.0,2024-04-24,0.0
202404248901152,WEY,-1.0,2024-04-24,14.0
202404248901157,WEY,0.0,2024-04-24,2.0
202404248901162,WEY,-1.0,2024-04-24,-1.0
202404248901167,WEY,1.0,2024-04-24,1.0
202404248901172,WEY,-1.0,2024-04-24,-1.0
202404248901182,WEY,-1.0,2024-04-24,0.0
202404248901187,WEY,-1.0,2024-04-24,1.0
202404248901192,WEY,-1.0,2024-04-24,-1.0
202404248901197,WEY,-1.0,2024-04-24,-4.0
202404248901203,WEY,-1.0,2024-04-24,-1.0
202404248901211,WEY,0.0,2024-04-24,-1.0
202404257622346,WEY,0.0,2024-04-25,0.0
202404258901078,WEY,-1.0,2024-04-25,-1.0
202404258901080,WEY,0.0,2024-04-25,-5.0
202404258901083,WEY,-1.0,2024-04-25,1.0
202404258901086,WEY,0.0,2024-04-25,-1.0
202404258901090,WEY,0.0,2024-04-25,-1.0
202404258901095,WEY,0.0,2024-04-25,10.0
202404258901099,WEY,0.0,2024-04-25,-1.0
202404258901104,WEY,0.0,2024-04-25,-2.0
202404258901108,WEY,0.0,2024-04-25,-2.0
202404258901113,WEY,1.0,2024-04-25,-1.0
202404258901118,WEY,-1.0,2024-04-25,-1.0
202404258901123,WEY,0.0,2024-04-25,-1.0
202404258901132,WEY,-1.0,2024-04-25,0.0
202404258901147,WEY,-1.0,2024-04-25,3.0
202404258901152,WEY,-1.0,2024-04-25,1.0
202404258901157,WEY,-1.0,2024-04-25,2.0
202404258901162,WEY,-1.0,2024-04-25,-1.0
202404258901167,WEY,-1.0,2024-04-25,2.0
202404258901172,WEY,-1.0,2024-04-25,3.0
202404258901182,WEY,-1.0,2024-04-25,-1.0
202404258901187,WEY,-1.0,2024-04-25,0.0
202404258901192,WEY,-1.0,2024-04-25,2.0
202404258901197,WEY,0.0,2024-04-25,-6.0
202404258901203,WEY,-1.0,2024-04-25,-2.0
202404258901211,WEY,-1.0,2024-04-25,-3.0
202404267622346,WEY,,2024-04-26,
202404268901078,WEY,7.0,2024-04-26,3.0
202404268901080,WEY,0.0,2024-04-26,9.0
202404268901083,WEY,19.0,2024-04-26,17.0
202404268901086,WEY,-1.0,2024-04-26,14.0
202404268901090,WEY,0.0,2024-04-26,34.0
202404268901095,WEY,0.0,2024-04-26,4.0
202404268901099,WEY,26.0,2024-04-26,61.0
202404268901104,WEY,-1.0,2024-04-26,13.0
202404268901108,WEY,0.0,2024-04-26,1.0
202404268901113,WEY,-1.0,2024-04-26,13.0
202404268901118,WEY,-1.0,2024-04-26,-1.0
202404268901123,WEY,0.0,2024-04-26,0.0
202404268901131,WEY,0.0,2024-04-26,27.0
202404268901147,WEY,-1.0,2024-04-26,22.0
202404268901152,WEY,0.0,2024-04-26,34.0
202404268901157,WEY,-1.0,2024-04-26,
202404268901162,WEY,-2.0,2024-04-26,3.0
202404268901167,WEY,,2024-04-26,
202404268901172,WEY,,2024-04-26,
202404268901182,WEY,-2.0,2024-04-26,23.0
202404268901187,WEY,14.0,2024-04-26,29.0
202404268901192,WEY,-2.0,2024-04-26,12.0
202404268901197,WEY,2.0,2024-04-26,-9.0
202404268901202,WEY,-1.0,2024-04-26,6.0
202404268901210,WEY,-1.0,2024-04-26,-2.0
202404277622389,WEY,-1.0,2024-04-27,-4.0
202404278901079,WEY,0.0,2024-04-27,-1.0
202404278901081,WEY,-1.0,2024-04-27,-1.0
202404278901084,WEY,0.0,2024-04-27,-2.0
202404278901087,WEY,0.0,2024-04-27,1.0
202404278901091,WEY,-1.0,2024-04-27,-1.0
202404278901096,WEY,-1.0,2024-04-27,-1.0
202404278901100,WEY,-1.0,2024-04-27,-4.0
202404278901105,WEY,0.0,2024-04-27,1.0
202404278901109,WEY,0.0,2024-04-27,-5.0
202404278901114,WEY,-1.0,2024-04-27,2.0
202404278901119,WEY,-1.0,2024-04-27,-1.0
202404278901124,WEY,0.0,2024-04-27,-4.0
202404278901141,WEY,-1.0,2024-04-27,0.0
202404278901143,WEY,-1.0,2024-04-27,14.0
202404278901148,WEY,-1.0,2024-04-27,1.0
202404278901153,WEY,-1.0,2024-04-27,12.0
202404278901158,WEY,-1.0,2024-04-27,0.0
202404278901163,WEY,-1.0,2024-04-27,5.0
202404278901168,WEY,-1.0,2024-04-27,2.0
202404278901173,WEY,-1.0,2024-04-27,1.0
202404278901178,WEY,-1.0,2024-04-27,1.0
202404278901183,WEY,-1.0,2024-04-27,1.0
202404278901188,WEY,-1.0,2024-04-27,3.0
202404278901193,WEY,-1.0,2024-04-27,3.0
202404278901198,WEY,-1.0,2024-04-27,0.0
202404278901204,WEY,-1.0,2024-04-27,-1.0
202404278901212,WEY,-1.0,2024-04-27,-4.0
202404278901229,WEY,-1.0,2024-04-27,-1.0
202404278901231,WEY,-1.0,2024-04-27,-2.0
202404297622346,WEY,-1.0,2024-04-29,-1.0
202404298901078,WEY,-1.0,2024-04-29,4.0
202404298901080,WEY,2.0,2024-04-29,-4.0
202404298901083,WEY,-1.0,2024-04-29,-2.0
202404298901086,WEY,-1.0,2024-04-29,-6.0
202404298901090,WEY,1.0,2024-04-29,-1.0
202404298901095,WEY,0.0,2024-04-29,-1.0
202404298901099,WEY,-1.0,2024-04-29,12.0
202404298901104,WEY,0.0,2024-04-29,4.0
202404298901108,WEY,-1.0,2024-04-29,-3.0
202404298901113,WEY,0.0,2024-04-29,-1.0
202404298901118,WEY,0.0,2024-04-29,-1.0
202404298901123,WEY,-1.0,2024-04-29,-4.0
202404298901132,WEY,-1.0,2024-04-29,1.0
202404298901147,WEY,-1.0,2024-04-29,1.0
202404298901152,WEY,-1.0,2024-04-29,4.0
202404298901157,WEY,-1.0,2024-04-29,4.0
202404298901162,WEY,-1.0,2024-04-29,4.0
202404298901167,WEY,-1.0,2024-04-29,1.0
202404298901172,WEY,-1.0,2024-04-29,3.0
202404298901182,WEY,-1.0,2024-04-29,1.0
202404298901187,WEY,4.0,2024-04-29,5.0
202404298901192,WEY,-1.0,2024-04-29,-4.0
202404298901197,WEY,-1.0,2024-04-29,-3.0
202404298901203,WEY,-1.0,2024-04-29,-1.0
202404298901211,WEY,-1.0,2024-04-29,5.0
202404307622346,WEY,-1.0,2024-04-30,-1.0
202404308901078,WEY,-1.0,2024-04-30,3.0
202404308901080,WEY,0.0,2024-04-30,3.0
202404308901083,WEY,-1.0,2024-04-30,0.0
202404308901086,WEY,-1.0,2024-04-30,1.0
202404308901090,WEY,1.0,2024-04-30,19.0
202404308901095,WEY,3.0,2024-04-30,0.0
202404308901099,WEY,-1.0,2024-04-30,-1.0
202404308901104,WEY,0.0,2024-04-30,-2.0
202404308901108,WEY,0.0,2024-04-30,0.0
202404308901113,WEY,0.0,2024-04-30,4.0
202404308901118,WEY,0.0,2024-04-30,-1.0
202404308901123,WEY,-1.0,2024-04-30,-1.0
202404308901132,WEY,0.0,2024-04-30,-1.0
202404308901147,WEY,-1.0,2024-04-30,2.0
202404308901152,WEY,-1.0,2024-04-30,6.0
202404308901157,WEY,-1.0,2024-04-30,5.0
202404308901162,WEY,-1.0,2024-04-30,0.0
202404308901167,WEY,-1.0,2024-04-30,1.0
202404308901172,WEY,1.0,2024-04-30,3.0
202404308901182,WEY,-1.0,2024-04-30,1.0
202404308901187,WEY,-1.0,2024-04-30,1.0
202404308901192,WEY,-1.0,2024-04-30,10.0
202404308901197,WEY,-1.0,2024-04-30,-5.0
202404308901203,WEY,-1.0,2024-04-30,-2.0
202404308901211,WEY,-1.0,2024-04-30,-2.0
202405017622346,WEY,-1.0,2024-05-01,15.0
202405018901078,WEY,-1.0,2024-05-01,19.0
202405018901080,WEY,0.0,2024-05-01,7.0
202405018901083,WEY,0.0,2024-05-01,4.0
202405018901086,WEY,-1.0,2024-05-01,17.0
202405018901090,WEY,0.0,2024-05-01,23.0
202405018901095,WEY,-1.0,2024-05-01,12.0
202405018901099,WEY,-1.0,2024-05-01,22.0
202405018901104,WEY,-1.0,2024-05-01,0.0
202405018901108,WEY,0.0,2024-05-01,1.0
202405018901113,WEY,-1.0,2024-05-01,12.0
202405018901118,WEY,-1.0,2024-05-01,16.0
202405018901123,WEY,-1.0,2024-05-01,0.0
202405018901132,WEY,4.0,2024-05-01,20.0
202405018901147,WEY,-1.0,2024-05-01,12.0
202405018901152,WEY,-1.0,2024-05-01,13.0
202405018901157,WEY,-1.0,2024-05-01,3.0
202405018901162,WEY,0.0,2024-05-01,17.0
202405018901167,WEY,-1.0,2024-05-01,13.0
202405018901172,WEY,-1.0,2024-05-01,-1.0
202405018901182,WEY,0.0,2024-05-01,2.0
202405018901187,WEY,-1.0,2024-05-01,5.0
202405018901192,WEY,-1.0,2024-05-01,6.0
202405018901197,WEY,-1.0,2024-05-01,-5.0
202405018901203,WEY,-1.0,2024-05-01,-2.0
202405018901211,WEY,-1.0,2024-05-01,0.0
202405027622346,WEY,-1.0,2024-05-02,15.0
202405028901078,WEY,0.0,2024-05-02,14.0
202405028901080,WEY,0.0,2024-05-02,3.0
202405028901083,WEY,0.0,2024-05-02,0.0
202405028901086,WEY,0.0,2024-05-02,14.0
202405028901090,WEY,-1.0,2024-05-02,13.0
202405028901095,WEY,0.0,2024-05-02,-2.0
202405028901099,WEY,-1.0,2024-05-02,18.0
202405028901104,WEY,0.0,2024-05-02,8.0
202405028901108,WEY,-1.0,2024-05-02,1.0
202405028901113,WEY,-1.0,2024-05-02,0.0
202405028901118,WEY,-1.0,2024-05-02,0.0
202405028901123,WEY,-1.0,2024-05-02,9.0
202405028901132,WEY,-1.0,2024-05-02,1.0
202405028901147,WEY,-1.0,2024-05-02,8.0
202405028901152,WEY,-1.0,2024-05-02,13.0
202405028901157,WEY,-1.0,2024-05-02,2.0
202405028901162,WEY,-1.0,2024-05-02,2.0
202405028901167,WEY,-1.0,2024-05-02,0.0
202405028901172,WEY,-1.0,2024-05-02,-1.0
202405028901182,WEY,-1.0,2024-05-02,14.0
202405028901187,WEY,2.0,2024-05-02,8.0
202405028901192,WEY,-1.0,2024-05-02,-1.0
202405028901197,WEY,-1.0,2024-05-02,5.0
202405028901203,WEY,-1.0,2024-05-02,0.0
202405028901211,WEY,-1.0,2024-05-02,-1.0
202405037622346,WEY,-1.0,2024-05-03,6.0
202405038901078,WEY,-1.0,2024-05-03,6.0
202405038901080,WEY,0.0,2024-05-03,-4.0
202405038901083,WEY,-1.0,2024-05-03,-1.0
202405038901086,WEY,0.0,2024-05-03,-1.0
202405038901090,WEY,-1.0,2024-05-03,1.0
202405038901095,WEY,2.0,2024-05-03,0.0
202405038901099,WEY,-1.0,2024-05-03,-2.0
202405038901104,WEY,0.0,2024-05-03,16.0
202405038901108,WEY,-1.0,2024-05-03,-2.0
202405038901113,WEY,0.0,2024-05-03,-1.0
202405038901118,WEY,-1.0,2024-05-03,-1.0
202405038901123,WEY,0.0,2024-05-03,-5.0
202405038901131,WEY,-1.0,2024-05-03,22.0
202405038901147,WEY,-1.0,2024-05-03,4.0
202405038901152,WEY,-1.0,2024-05-03,2.0
202405038901157,WEY,0.0,2024-05-03,1.0
202405038901162,WEY,0.0,2024-05-03,13.0
202405038901167,WEY,-1.0,2024-05-03,3.0
202405038901172,WEY,-1.0,2024-05-03,7.0
202405038901182,WEY,-1.0,2024-05-03,12.0
202405038901187,WEY,0.0,2024-05-03,-1.0
202405038901192,WEY,-1.0,2024-05-03,-1.0
202405038901197,WEY,-1.0,2024-05-03,-6.0
202405038901202,WEY,-1.0,2024-05-03,-1.0
202405038901210,WEY,-1.0,2024-05-03,1.0
202405048901141,WEY,-1.0,2024-05-04,12.0
202405048901143,WEY,-1.0,2024-05-04,15.0
202405048901148,WEY,-1.0,2024-05-04,8.0
202405048901153,WEY,-1.0,2024-05-04,1.0
202405048901158,WEY,-1.0,2024-05-04,13.0
202405048901163,WEY,0.0,2024-05-04,2.0
202405048901168,WEY,-1.0,2024-05-04,6.0
202405048901173,WEY,-1.0,2024-05-04,31.0
202405048901178,WEY,-1.0,2024-05-04,14.0
202405048901183,WEY,-1.0,2024-05-04,13.0
202405048901188,WEY,-1.0,2024-05-04,6.0
202405048901193,WEY,8.0,2024-05-04,0.0
202405048901198,WEY,-1.0,2024-05-04,7.0
202405048901204,WEY,-1.0,2024-05-04,-2.0
202405048901212,WEY,-1.0,2024-05-04,0.0
202405058901115,WEY,0.0,2024-05-05,0.0
202405058901125,WEY,-1.0,2024-05-05,-5.0
202405058901133,WEY,-1.0,2024-05-05,-5.0
202405058901137,WEY,-1.0,2024-05-05,-2.0
202405058901139,WEY,-1.0,2024-05-05,-2.0
202405058901142,WEY,-1.0,2024-05-05,-4.0
202405058901149,WEY,-1.0,2024-05-05,-2.0
202405058901159,WEY,-1.0,2024-05-05,-2.0
202405058901169,WEY,0.0,2024-05-05,-3.0
202405058901179,WEY,-1.0,2024-05-05,4.0
202405058901189,WEY,-1.0,2024-05-05,9.0
202405058901199,WEY,-1.0,2024-05-05,-3.0
202405058901207,WEY,-1.0,2024-05-05,-6.0
202405058901215,WEY,-1.0,2024-05-05,-5.0
202405068109809,WEY,-1.0,2024-05-06,0.0
202405068109814,WEY,-1.0,2024-05-06,1.0
202405068125512,WEY,2.0,2024-05-06,-4.0
202405068125515,WEY,-1.0,2024-05-06,-2.0
202405068125517,WEY,-1.0,2024-05-06,-1.0
202405068125519,WEY,0.0,2024-05-06,-2.0
202405068125521,WEY,6.0,2024-05-06,10.0
202405068125522,WEY,5.0,2024-05-06,5.0
202405068125524,WEY,0.0,2024-05-06,5.0
202405068125526,WEY,0.0,2024-05-06,3.0
202405068125527,WEY,-1.0,2024-05-06,-5.0
202405068125529,WEY,-1.0,2024-05-06,2.0
202405068125531,WEY,-1.0,2024-05-06,2.0
202405068125532,WEY,-1.0,2024-05-06,-5.0
202405068125534,WEY,-1.0,2024-05-06,-1.0
202405088901080,WEY,-1.0,2024-05-08,13.0
202405088901083,WEY,0.0,2024-05-08,0.0
202405088901086,WEY,-1.0,2024-05-08,-3.0
202405088901090,WEY,0.0,2024-05-08,4.0
202405088901095,WEY,0.0,2024-05-08,2.0
202405088901099,WEY,-1.0,2024-05-08,0.0
202405088901104,WEY,-1.0,2024-05-08,1.0
202405088901108,WEY,-1.0,2024-05-08,-3.0
202405088901113,WEY,-1.0,2024-05-08,-1.0
202405088901118,WEY,-1.0,2024-05-08,-3.0
202405088901123,WEY,0.0,2024-05-08,-2.0
202405088901211,WEY,-1.0,2024-05-08,0.0
202405088901227,WEY,-1.0,2024-05-08,2.0
202405088901232,WEY,-1.0,2024-05-08,5.0
202405098901080,WEY,0.0,2024-05-09,-1.0
202405098901083,WEY,-1.0,2024-05-09,-2.0
202405098901086,WEY,0.0,2024-05-09,-1.0
202405098901090,WEY,0.0,2024-05-09,2.0
202405098901095,WEY,-1.0,2024-05-09,-7.0
202405098901099,WEY,-1.0,2024-05-09,-1.0
202405098901104,WEY,-1.0,2024-05-09,0.0
202405098901108,WEY,-1.0,2024-05-09,1.0
202405098901113,WEY,-1.0,2024-05-09,-2.0
202405098901118,WEY,-1.0,2024-05-09,-3.0
202405098901123,WEY,-1.0,2024-05-09,-3.0
202405098901211,WEY,-1.0,2024-05-09,-2.0
202405098901227,WEY,0.0,2024-05-09,0.0
202405098901232,WEY,0.0,2024-05-09,2.0
202405108901080,WEY,-1.0,2024-05-10,10.0
202405108901083,WEY,-1.0,2024-05-10,2.0
202405108901086,WEY,-1.0,2024-05-10,-4.0
202405108901090,WEY,-1.0,2024-05-10,23.0
202405108901095,WEY,-1.0,2024-05-10,5.0
202405108901099,WEY,0.0,2024-05-10,21.0
202405108901104,WEY,7.0,2024-05-10,16.0
202405108901108,WEY,-1.0,2024-05-10,-3.0
202405108901113,WEY,-1.0,2024-05-10,12.0
202405108901118,WEY,0.0,2024-05-10,2.0
202405108901123,WEY,-1.0,2024-05-10,10.0
202405108901210,WEY,0.0,2024-05-10,-1.0
202405108901227,WEY,-1.0,2024-05-10,1.0
202405108901232,WEY,-1.0,2024-05-10,10.0
202405117622389,WEY,-1.0,2024-05-11,-2.0
202405118901141,WEY,-1.0,2024-05-11,1.0
202405118901143,WEY,-1.0,2024-05-11,3.0
202405118901148,WEY,-1.0,2024-05-11,6.0
202405118901153,WEY,-1.0,2024-05-11,10.0
202405118901158,WEY,-1.0,2024-05-11,36.0
202405118901163,WEY,-1.0,2024-05-11,1.0
202405118901168,WEY,2.0,2024-05-11,-1.0
202405118901173,WEY,-1.0,2024-05-11,27.0
202405118901178,WEY,-1.0,2024-05-11,12.0
202405118901183,WEY,0.0,2024-05-11,21.0
202405118901188,WEY,-1.0,2024-05-11,11.0
202405118901193,WEY,-1.0,2024-05-11,20.0
202405118901198,WEY,-1.0,2024-05-11,0.0
202405118901204,WEY,-1.0,2024-05-11,-1.0
202405118901212,WEY,0.0,2024-05-11,-1.0
202405118901229,WEY,0.0,2024-05-11,-1.0
202405128901115,WEY,0.0,2024-05-12,-1.0
202405128901125,WEY,-1.0,2024-05-12,-1.0
202405128901133,WEY,-1.0,2024-05-12,2.0
202405128901137,WEY,0.0,2024-05-12,0.0
202405128901139,WEY,4.0,2024-05-12,11.0
202405128901142,WEY,0.0,2024-05-12,-2.0
202405128901149,WEY,-1.0,2024-05-12,0.0
202405128901159,WEY,-1.0,2024-05-12,29.0
202405128901169,WEY,-1.0,2024-05-12,-4.0
202405128901179,WEY,-1.0,2024-05-12,0.0
202405128901189,WEY,0.0,2024-05-12,8.0
202405128901199,WEY,9.0,2024-05-12,-3.0
202405128901207,WEY,-1.0,2024-05-12,8.0
202405128901215,WEY,0.0,2024-05-12,-1.0
202405137622346,WEY,-1.0,2024-05-13,0.0
202405138901078,WEY,-1.0,2024-05-13,1.0
202405138901080,WEY,0.0,2024-05-13,18.0
202405138901083,WEY,0.0,2024-05-13,0.0
202405138901086,WEY,-1.0,2024-05-13,-1.0
202405138901090,WEY,-1.0,2024-05-13,13.0
202405138901095,WEY,-1.0,2024-05-13,1.0
202405138901099,WEY,0.0,2024-05-13,0.0
202405138901104,WEY,0.0,2024-05-13,13.0
202405138901108,WEY,0.0,2024-05-13,20.0
202405138901113,WEY,-1.0,2024-05-13,-2.0
202405138901118,WEY,5.0,2024-05-13,8.0
202405138901123,WEY,0.0,2024-05-13,1.0
202405138901132,WEY,0.0,2024-05-13,0.0
202405138901147,WEY,-1.0,2024-05-13,3.0
202405138901152,WEY,-1.0,2024-05-13,6.0
202405138901157,WEY,-1.0,2024-05-13,2.0
202405138901162,WEY,-1.0,2024-05-13,11.0
202405138901167,WEY,-1.0,2024-05-13,8.0
202405138901172,WEY,-1.0,2024-05-13,4.0
202405138901182,WEY,-1.0,2024-05-13,5.0
202405138901187,WEY,-1.0,2024-05-13,2.0
202405138901192,WEY,5.0,2024-05-13,-1.0
202405138901197,WEY,-1.0,2024-05-13,-2.0
202405138901203,WEY,-1.0,2024-05-13,-2.0
202405138901211,WEY,0.0,2024-05-13,-1.0
202405147622346,WEY,-1.0,2024-05-14,-1.0
202405148901078,WEY,-1.0,2024-05-14,-1.0
202405148901080,WEY,1.0,2024-05-14,-1.0
202405148901083,WEY,-1.0,2024-05-14,3.0
202405148901086,WEY,0.0,2024-05-14,1.0
202405148901090,WEY,-1.0,2024-05-14,-1.0
202405148901095,WEY,-1.0,2024-05-14,4.0
202405148901099,WEY,-1.0,2024-05-14,-1.0
202405148901104,WEY,-1.0,2024-05-14,-4.0
202405148901108,WEY,-1.0,2024-05-14,-1.0
202405148901113,WEY,0.0,2024-05-14,-2.0
202405148901118,WEY,-1.0,2024-05-14,2.0
202405148901123,WEY,-1.0,2024-05-14,0.0
202405148901132,WEY,0.0,2024-05-14,-2.0
202405148901147,WEY,-1.0,2024-05-14,3.0
202405148901152,WEY,-1.0,2024-05-14,2.0
202405148901157,WEY,-1.0,2024-05-14,0.0
202405148901162,WEY,-1.0,2024-05-14,0.0
202405148901167,WEY,-1.0,2024-05-14,0.0
202405148901172,WEY,0.0,2024-05-14,-1.0
202405148901182,WEY,-1.0,2024-05-14,2.0
202405148901187,WEY,-1.0,2024-05-14,3.0
202405148901192,WEY,-1.0,2024-05-14,-3.0
202405148901197,WEY,-1.0,2024-05-14,-6.0
202405148901203,WEY,-1.0,2024-05-14,-2.0
202405148901211,WEY,-1.0,2024-05-14,-3.0
202405157622346,WEY,0.0,2024-05-15,56.0
202405158901078,WEY,-1.0,2024-05-15,2.0
202405158901080,WEY,-1.0,2024-05-15,-1.0
202405158901083,WEY,1.0,2024-05-15,-3.0
202405158901086,WEY,6.0,2024-05-15,-1.0
202405158901090,WEY,0.0,2024-05-15,1.0
202405158901095,WEY,0.0,2024-05-15,100.0
202405158901099,WEY,-1.0,2024-05-15,86.0
202405158901104,WEY,0.0,2024-05-15,
202405158901108,WEY,0.0,2024-05-15,15.0
202405158901113,WEY,0.0,2024-05-15,67.0
202405158901118,WEY,-1.0,2024-05-15,69.0
202405158901123,WEY,43.0,2024-05-15,77.0
202405158901132,WEY,11.0,2024-05-15,
202405158901147,WEY,0.0,2024-05-15,3.0
202405158901152,WEY,-1.0,2024-05-15,1.0
202405158901157,WEY,-1.0,2024-05-15,4.0
202405158901162,WEY,-1.0,2024-05-15,1.0
202405158901167,WEY,-1.0,2024-05-15,2.0
202405158901172,WEY,-1.0,2024-05-15,
202405158901182,WEY,-1.0,2024-05-15,51.0
202405158901187,WEY,-1.0,2024-05-15,61.0
202405158901192,WEY,-1.0,2024-05-15,
202405158901197,WEY,0.0,2024-05-15,26.0
202405158901203,WEY,-1.0,2024-05-15,22.0
202405158901211,WEY,15.0,2024-05-15,7.0
202405167622346,WEY,1.0,2024-05-16,-1.0
202405168901078,WEY,-1.0,2024-05-16,-2.0
202405168901080,WEY,-1.0,2024-05-16,5.0
202405168901083,WEY,-1.0,2024-05-16,10.0
202405168901086,WEY,-1.0,2024-05-16,
202405168901090,WEY,24.0,2024-05-16,28.0
202405168901095,WEY,6.0,2024-05-16,5.0
202405168901099,WEY,14.0,2024-05-16,17.0
202405168901104,WEY,8.0,2024-05-16,6.0
202405168901108,WEY,-1.0,2024-05-16,2.0
202405168901113,WEY,-1.0,2024-05-16,0.0
202405168901118,WEY,0.0,2024-05-16,-2.0
202405168901123,WEY,-1.0,2024-05-16,0.0
202405168901132,WEY,0.0,2024-05-16,0.0
202405168901147,WEY,-1.0,2024-05-16,3.0
202405168901152,WEY,-1.0,2024-05-16,18.0
202405168901157,WEY,-1.0,2024-05-16,1.0
202405168901162,WEY,-2.0,2024-05-16,2.0
202405168901167,WEY,-1.0,2024-05-16,15.0
202405168901172,WEY,62.0,2024-05-16,9.0
202405168901182,WEY,-1.0,2024-05-16,3.0
202405168901187,WEY,-1.0,2024-05-16,5.0
202405168901192,WEY,-1.0,2024-05-16,-3.0
202405168901197,WEY,-1.0,2024-05-16,-8.0
202405168901203,WEY,-1.0,2024-05-16,-1.0
202405168901211,WEY,-1.0,2024-05-16,-3.0
202405177622346,WEY,-1.0,2024-05-17,16.0
202405178901078,WEY,-1.0,2024-05-17,0.0
202405178901080,WEY,-1.0,2024-05-17,3.0
202405178901083,WEY,0.0,2024-05-17,-1.0
202405178901086,WEY,-1.0,2024-05-17,3.0
202405178901090,WEY,0.0,2024-05-17,5.0
202405178901095,WEY,0.0,2024-05-17,18.0
202405178901099,WEY,-1.0,2024-05-17,4.0
202405178901104,WEY,-1.0,2024-05-17,5.0
202405178901108,WEY,0.0,2024-05-17,-5.0
202405178901113,WEY,-1.0,2024-05-17,1.0
202405178901118,WEY,-1.0,2024-05-17,-1.0
202405178901123,WEY,-1.0,2024-05-17,-6.0
202405178901131,WEY,-1.0,2024-05-17,0.0
202405178901147,WEY,-1.0,2024-05-17,0.0
202405178901152,WEY,-1.0,2024-05-17,3.0
202405178901157,WEY,-1.0,2024-05-17,1.0
202405178901162,WEY,-1.0,2024-05-17,2.0
202405178901167,WEY,-1.0,2024-05-17,13.0
202405178901172,WEY,-1.0,2024-05-17,2.0
202405178901182,WEY,-1.0,2024-05-17,10.0
202405178901187,WEY,-1.0,2024-05-17,2.0
202405178901192,WEY,-1.0,2024-05-17,0.0
202405178901197,WEY,0.0,2024-05-17,-5.0
202405178901202,WEY,-1.0,2024-05-17,-2.0
202405178901210,WEY,-1.0,2024-05-17,17.0
202405187622389,WEY,1.0,2024-05-18,-4.0
202405188901079,WEY,0.0,2024-05-18,0.0
202405188901081,WEY,0.0,2024-05-18,-1.0
202405188901084,WEY,0.0,2024-05-18,
202405188901087,WEY,0.0,2024-05-18,3.0
202405188901091,WEY,-1.0,2024-05-18,4.0
202405188901096,WEY,-1.0,2024-05-18,1.0
202405188901100,WEY,0.0,2024-05-18,-1.0
202405188901105,WEY,0.0,2024-05-18,-5.0
202405188901109,WEY,0.0,2024-05-18,-1.0
202405188901114,WEY,-1.0,2024-05-18,0.0
202405188901119,WEY,-1.0,2024-05-18,-6.0
202405188901124,WEY,-1.0,2024-05-18,-1.0
202405188901141,WEY,-1.0,2024-05-18,0.0
202405188901143,WEY,-1.0,2024-05-18,1.0
202405188901148,WEY,-1.0,2024-05-18,3.0
202405188901153,WEY,-1.0,2024-05-18,-1.0
202405188901158,WEY,-1.0,2024-05-18,5.0
202405188901163,WEY,-1.0,2024-05-18,2.0
202405188901168,WEY,-1.0,2024-05-18,15.0
202405188901173,WEY,-1.0,2024-05-18,0.0
202405188901178,WEY,0.0,2024-05-18,2.0
202405188901183,WEY,-1.0,2024-05-18,3.0
202405188901188,WEY,0.0,2024-05-18,0.0
202405188901193,WEY,-1.0,2024-05-18,-1.0
202405188901198,WEY,-1.0,2024-05-18,-2.0
202405188901204,WEY,-1.0,2024-05-18,0.0
202405188901212,WEY,-1.0,2024-05-18,-3.0
202405188901229,WEY,-1.0,2024-05-18,-2.0
202405188901231,WEY,-1.0,2024-05-18,-3.0
202405198901115,WEY,-1.0,2024-05-19,-1.0
202405198901125,WEY,0.0,2024-05-19,-1.0
202405198901133,WEY,-1.0,2024-05-19,4.0
202405198901137,WEY,0.0,2024-05-19,2.0
202405198901139,WEY,-1.0,2024-05-19,0.0
202405198901142,WEY,-1.0,2024-05-19,6.0
202405198901149,WEY,-1.0,2024-05-19,
202405198901159,WEY,7.0,2024-05-19,40.0
202405198901169,WEY,1.0,2024-05-19,1.0
202405198901179,WEY,-1.0,2024-05-19,-1.0
202405198901189,WEY,-1.0,2024-05-19,6.0
202405198901199,WEY,-1.0,2024-05-19,2.0
202405198901207,WEY,0.0,2024-05-19,10.0
202405198901215,WEY,-1.0,2024-05-19,-2.0
202405207622346,WEY,0.0,2024-05-20,26.0
202405208901078,WEY,-1.0,2024-05-20,-1.0
202405208901080,WEY,-1.0,2024-05-20,-2.0
202405208901083,WEY,-1.0,2024-05-20,-4.0
202405208901086,WEY,0.0,2024-05-20,-1.0
202405208901090,WEY,0.0,2024-05-20,17.0
202405208901095,WEY,-1.0,2024-05-20,10.0
202405208901099,WEY,-1.0,2024-05-20,36.0
202405208901104,WEY,0.0,2024-05-20,1.0
202405208901108,WEY,-1.0,2024-05-20,1.0
202405208901113,WEY,0.0,2024-05-20,27.0
202405208901118,WEY,0.0,2024-05-20,-2.0
202405208901123,WEY,0.0,2024-05-20,0.0
202405208901132,WEY,-1.0,2024-05-20,-1.0
202405208901147,WEY,-1.0,2024-05-20,2.0
202405208901152,WEY,-1.0,2024-05-20,3.0
202405208901157,WEY,0.0,2024-05-20,5.0
202405208901162,WEY,-1.0,2024-05-20,5.0
202405208901167,WEY,-1.0,2024-05-20,3.0
202405208901172,WEY,0.0,2024-05-20,11.0
202405208901182,WEY,-1.0,2024-05-20,6.0
202405208901187,WEY,-1.0,2024-05-20,2.0
202405208901192,WEY,-1.0,2024-05-20,1.0
202405208901197,WEY,-1.0,2024-05-20,-9.0
202405208901203,WEY,-1.0,2024-05-20,-2.0
202405208901211,WEY,-1.0,2024-05-20,-1.0
202405217622346,WEY,-1.0,2024-05-21,-1.0
202405218901078,WEY,0.0,2024-05-21,-2.0
202405218901080,WEY,0.0,2024-05-21,0.0
202405218901083,WEY,-1.0,2024-05-21,-4.0
202405218901086,WEY,0.0,2024-05-21,5.0
202405218901090,WEY,0.0,2024-05-21,-1.0
202405218901095,WEY,0.0,2024-05-21,3.0
202405218901099,WEY,0.0,2024-05-21,4.0
202405218901104,WEY,0.0,2024-05-21,-4.0
202405218901108,WEY,-1.0,2024-05-21,-1.0
202405218901113,WEY,3.0,2024-05-21,1.0
202405218901118,WEY,5.0,2024-05-21,-1.0
202405218901123,WEY,-1.0,2024-05-21,
202405218901132,WEY,-1.0,2024-05-21,0.0
202405218901147,WEY,-1.0,2024-05-21,2.0
202405218901152,WEY,-1.0,2024-05-21,-1.0
202405218901157,WEY,-1.0,2024-05-21,4.0
202405218901162,WEY,-1.0,2024-05-21,5.0
202405218901167,WEY,-1.0,2024-05-21,4.0
202405218901172,WEY,-1.0,2024-05-21,1.0
202405218901182,WEY,-1.0,2024-05-21,1.0
202405218901187,WEY,0.0,2024-05-21,2.0
202405218901192,WEY,-1.0,2024-05-21,0.0
202405218901197,WEY,-1.0,2024-05-21,-4.0
202405218901203,WEY,0.0,2024-05-21,-2.0
202405218901211,WEY,-2.0,2024-05-21,-2.0
202405227622346,WEY,0.0,2024-05-22,-1.0
202405228901078,WEY,-1.0,2024-05-22,-3.0
202405228901080,WEY,0.0,2024-05-22,-2.0
202405228901083,WEY,-1.0,2024-05-22,-1.0
202405228901086,WEY,0.0,2024-05-22,-1.0
202405228901090,WEY,0.0,2024-05-22,-1.0
202405228901095,WEY,-1.0,2024-05-22,-3.0
202405228901099,WEY,0.0,2024-05-22,-1.0
202405228901104,WEY,0.0,2024-05-22,-7.0
202405228901108,WEY,-1.0,2024-05-22,-4.0
202405228901113,WEY,0.0,2024-05-22,-3.0
202405228901118,WEY,0.0,2024-05-22,52.0
202405228901123,WEY,0.0,2024-05-22,12.0
202405228901147,WEY,-1.0,2024-05-22,0.0
202405228901152,WEY,0.0,2024-05-22,-1.0
202405228901157,WEY,0.0,2024-05-22,1.0
202405228901162,WEY,-1.0,2024-05-22,-1.0
202405228901167,WEY,-1.0,2024-05-22,2.0
202405228901172,WEY,0.0,2024-05-22,0.0
202405228901182,WEY,0.0,2024-05-22,-1.0
202405228901187,WEY,0.0,2024-05-22,3.0
202405228901192,WEY,0.0,2024-05-22,1.0
202405228901197,WEY,1.0,2024-05-22,23.0
202405237622346,WEY,-1.0,2024-05-23,22.0
202405238901078,WEY,-1.0,2024-05-23,-1.0
202405238901080,WEY,1.0,2024-05-23,4.0
202405238901083,WEY,0.0,2024-05-23,1.0
202405238901086,WEY,-1.0,2024-05-23,5.0
202405238901090,WEY,0.0,2024-05-23,-5.0
202405238901095,WEY,-1.0,2024-05-23,-1.0
202405238901099,WEY,0.0,2024-05-23,34.0
202405238901104,WEY,0.0,2024-05-23,4.0
202405238901108,WEY,0.0,2024-05-23,-5.0
202405238901113,WEY,-1.0,2024-05-23,-1.0
202405238901118,WEY,0.0,2024-05-23,-1.0
202405238901123,WEY,0.0,2024-05-23,-1.0
202405238901132,WEY,1.0,2024-05-23,0.0
202405238901147,WEY,-1.0,2024-05-23,2.0
202405238901152,WEY,-1.0,2024-05-23,7.0
202405238901157,WEY,-1.0,2024-05-23,12.0
202405238901162,WEY,0.0,2024-05-23,-2.0
202405238901167,WEY,-1.0,2024-05-23,4.0
202405238901172,WEY,-1.0,2024-05-23,2.0
202405238901182,WEY,0.0,2024-05-23,2.0
202405238901187,WEY,-1.0,2024-05-23,4.0
202405238901192,WEY,-1.0,2024-05-23,-4.0
202405238901197,WEY,-1.0,2024-05-23,-6.0
202405238901203,WEY,-1.0,2024-05-23,-1.0
202405238901211,WEY,-1.0,2024-05-23,0.0
202405247622346,WEY,-1.0,2024-05-24,-1.0
202405248901078,WEY,-1.0,2024-05-24,-1.0
202405248901080,WEY,-1.0,2024-05-24,4.0
202405248901083,WEY,0.0,2024-05-24,1.0
202405248901086,WEY,-1.0,2024-05-24,3.0
202405248901090,WEY,-1.0,2024-05-24,-5.0
202405248901095,WEY,-1.0,2024-05-24,0.0
202405248901099,WEY,0.0,2024-05-24,-4.0
202405248901104,WEY,-1.0,2024-05-24,6.0
202405248901108,WEY,0.0,2024-05-24,-6.0
202405248901113,WEY,3.0,2024-05-24,-2.0
202405248901118,WEY,0.0,2024-05-24,-1.0
202405248901123,WEY,-1.0,2024-05-24,-4.0
202405248901131,WEY,1.0,2024-05-24,-1.0
202405248901147,WEY,-1.0,2024-05-24,4.0
202405248901152,WEY,-1.0,2024-05-24,7.0
202405248901157,WEY,-1.0,2024-05-24,2.0
202405248901162,WEY,0.0,2024-05-24,1.0
202405248901167,WEY,-1.0,2024-05-24,4.0
202405248901172,WEY,0.0,2024-05-24,-1.0
202405248901182,WEY,-1.0,2024-05-24,6.0
202405248901187,WEY,-1.0,2024-05-24,4.0
202405248901192,WEY,-1.0,2024-05-24,1.0
202405248901197,WEY,-1.0,2024-05-24,-3.0
202405248901202,WEY,-1.0,2024-05-24,1.0
202405248901210,WEY,-1.0,2024-05-24,-1.0
202405257622389,WEY,-1.0,2024-05-25,-4.0
202405258901079,WEY,0.0,2024-05-25,-1.0
202405258901081,WEY,-1.0,2024-05-25,7.0
202405258901084,WEY,0.0,2024-05-25,-2.0
202405258901087,WEY,1.0,2024-05-25,-4.0
202405258901091,WEY,0.0,2024-05-25,-1.0
202405258901096,WEY,2.0,2024-05-25,2.0
202405258901100,WEY,-1.0,2024-05-25,1.0
202405258901105,WEY,2.0,2024-05-25,-1.0
202405258901109,WEY,0.0,2024-05-25,-5.0
202405258901114,WEY,-1.0,2024-05-25,-4.0
202405258901119,WEY,0.0,2024-05-25,-5.0
202405258901124,WEY,-1.0,2024-05-25,0.0
202405258901141,WEY,-1.0,2024-05-25,0.0
202405258901143,WEY,-1.0,2024-05-25,7.0
202405258901148,WEY,-1.0,2024-05-25,3.0
202405258901153,WEY,-1.0,2024-05-25,0.0
202405258901158,WEY,-1.0,2024-05-25,0.0
202405258901163,WEY,0.0,2024-05-25,4.0
202405258901168,WEY,-1.0,2024-05-25,-1.0
202405258901173,WEY,1.0,2024-05-25,-1.0
202405258901178,WEY,-1.0,2024-05-25,-3.0
202405258901183,WEY,-1.0,2024-05-25,4.0
202405258901188,WEY,-1.0,2024-05-25,6.0
202405258901193,WEY,0.0,2024-05-25,1.0
202405258901198,WEY,-1.0,2024-05-25,-3.0
202405258901204,WEY,-1.0,2024-05-25,-2.0
202405258901212,WEY,0.0,2024-05-25,0.0
202405258901229,WEY,-1.0,2024-05-25,-2.0
202405258901231,WEY,-1.0,2024-05-25,-1.0
202405268901115,WEY,-1.0,2024-05-26,2.0
202405268901125,WEY,-1.0,2024-05-26,-2.0
202405268901133,WEY,-1.0,2024-05-26,7.0
202405268901137,WEY,0.0,2024-05-26,-2.0
202405268901139,WEY,14.0,2024-05-26,12.0
202405268901142,WEY,0.0,2024-05-26,1.0
202405268901149,WEY,-1.0,2024-05-26,11.0
202405268901159,WEY,0.0,2024-05-26,
202405268901169,WEY,,2024-05-26,
202405268901179,WEY,0.0,2024-05-26,-1.0
202405268901189,WEY,0.0,2024-05-26,
202405268901199,WEY,3.0,2024-05-26,2.0
202405268901207,WEY,-1.0,2024-05-26,11.0
202405268901215,WEY,-1.0,2024-05-26,59.0
202405277944422,WEY,20.0,2024-05-27,20.0
202405278115247,WEY,-1.0,2024-05-27,-1.0
202405278115248,WEY,-1.0,2024-05-27,-3.0
202405278115254,WEY,3.0,2024-05-27,-1.0
202405278115257,WEY,0.0,2024-05-27,-3.0
202405278115259,WEY,-1.0,2024-05-27,-1.0
202405278115263,WEY,-1.0,2024-05-27,4.0
202405278115265,WEY,-1.0,2024-05-27,21.0
202405278115267,WEY,-1.0,2024-05-27,2.0
202405278115269,WEY,-1.0,2024-05-27,-1.0
202405278115271,WEY,-1.0,2024-05-27,5.0
202405278115273,WEY,0.0,2024-05-27,3.0
202405278115275,WEY,-1.0,2024-05-27,0.0
202405278115277,WEY,-1.0,2024-05-27,-4.0
202405278115279,WEY,-1.0,2024-05-27,-1.0
202405278115281,WEY,-1.0,2024-05-27,3.0
202405278115282,WEY,-1.0,2024-05-27,-1.0
202405278115286,WEY,0.0,2024-05-27,-1.0
202405278115288,WEY,1.0,2024-05-27,-8.0
202405278115290,WEY,0.0,2024-05-27,-3.0
202405278115292,WEY,0.0,2024-05-27,15.0
202405278115294,WEY,0.0,2024-05-27,2.0
202405278115296,WEY,0.0,2024-05-27,-3.0
202405278115298,WEY,-1.0,2024-05-27,-5.0
202405278115300,WEY,-1.0,2024-05-27,4.0
202405278115302,WEY,0.0,2024-05-27,-1.0
202405278115303,WEY,-1.0,2024-05-27,-4.0
202405278115304,WEY,0.0,2024-05-27,-3.0
202405278115305,WEY,0.0,2024-05-27,1.0
202405287622346,WEY,5.0,2024-05-28,14.0
202405288901078,WEY,-1.0,2024-05-28,9.0
202405288901080,WEY,0.0,2024-05-28,-3.0
202405288901083,WEY,1.0,2024-05-28,-3.0
202405288901086,WEY,-1.0,2024-05-28,0.0
202405288901090,WEY,0.0,2024-05-28,-4.0
202405288901095,WEY,-1.0,2024-05-28,28.0
202405288901099,WEY,-1.0,2024-05-28,5.0
202405288901104,WEY,-1.0,2024-05-28,-2.0
202405288901108,WEY,-1.0,2024-05-28,4.0
202405288901113,WEY,0.0,2024-05-28,0.0
202405288901118,WEY,0.0,2024-05-28,-2.0
202405288901123,WEY,-1.0,2024-05-28,-7.0
202405288901132,WEY,-1.0,2024-05-28,4.0
202405288901147,WEY,-1.0,2024-05-28,1.0
202405288901152,WEY,-1.0,2024-05-28,3.0
202405288901157,WEY,0.0,2024-05-28,1.0
202405288901162,WEY,-1.0,2024-05-28,-1.0
202405288901167,WEY,-1.0,2024-05-28,-1.0
202405288901172,WEY,-1.0,2024-05-28,29.0
202405288901182,WEY,25.0,2024-05-28,12.0
202405288901187,WEY,-1.0,2024-05-28,4.0
202405288901192,WEY,-1.0,2024-05-28,-1.0
202405288901197,WEY,0.0,2024-05-28,-3.0
202405288901203,WEY,0.0,2024-05-28,7.0
202405288901211,WEY,-1.0,2024-05-28,-1.0
202405297622346,WEY,-1.0,2024-05-29,0.0
202405298901078,WEY,0.0,2024-05-29,1.0
202405298901080,WEY,0.0,2024-05-29,-2.0
202405298901083,WEY,8.0,2024-05-29,0.0
202405298901086,WEY,0.0,2024-05-29,-2.0
202405298901090,WEY,0.0,2024-05-29,-5.0
202405298901095,WEY,3.0,2024-05-29,3.0
202405298901099,WEY,0.0,2024-05-29,12.0
202405298901104,WEY,-1.0,2024-05-29,12.0
202405298901108,WEY,0.0,2024-05-29,-5.0
202405298901113,WEY,0.0,2024-05-29,-1.0
202405298901118,WEY,0.0,2024-05-29,-1.0
202405298901123,WEY,0.0,2024-05-29,-2.0
202405298901132,WEY,1.0,2024-05-29,4.0
202405298901147,WEY,-1.0,2024-05-29,3.0
202405298901152,WEY,-1.0,2024-05-29,6.0
202405298901157,WEY,-1.0,2024-05-29,0.0
202405298901162,WEY,-1.0,2024-05-29,1.0
202405298901167,WEY,-1.0,2024-05-29,2.0
202405298901172,WEY,-1.0,2024-05-29,-2.0
202405298901182,WEY,-1.0,2024-05-29,2.0
202405298901187,WEY,0.0,2024-05-29,0.0
202405298901192,WEY,0.0,2024-05-29,-2.0
202405298901197,WEY,-2.0,2024-05-29,-3.0
202405298901203,WEY,-1.0,2024-05-29,0.0
202405298901211,WEY,-1.0,2024-05-29,-1.0
202405307622346,WEY,-1.0,2024-05-30,-1.0
202405308901078,WEY,-1.0,2024-05-30,-1.0
202405308901080,WEY,0.0,2024-05-30,6.0
202405308901083,WEY,0.0,2024-05-30,2.0
202405308901086,WEY,0.0,2024-05-30,2.0
202405308901090,WEY,0.0,2024-05-30,6.0
202405308901095,WEY,0.0,2024-05-30,-4.0
202405308901099,WEY,-1.0,2024-05-30,-1.0
202405308901104,WEY,0.0,2024-05-30,-7.0
202405308901108,WEY,-1.0,2024-05-30,-6.0
202405308901113,WEY,0.0,2024-05-30,2.0
202405308901118,WEY,0.0,2024-05-30,-1.0
202405308901123,WEY,-1.0,2024-05-30,-5.0
202405308901132,WEY,0.0,2024-05-30,0.0
202405308901147,WEY,-1.0,2024-05-30,7.0
202405308901152,WEY,-1.0,2024-05-30,2.0
202405308901157,WEY,-1.0,2024-05-30,4.0
202405308901162,WEY,-1.0,2024-05-30,5.0
202405308901167,WEY,-1.0,2024-05-30,0.0
202405308901172,WEY,-1.0,2024-05-30,2.0
202405308901182,WEY,-1.0,2024-05-30,0.0
202405308901187,WEY,-1.0,2024-05-30,-1.0
202405308901192,WEY,-1.0,2024-05-30,-1.0
202405308901197,WEY,-2.0,2024-05-30,-3.0
202405308901203,WEY,-1.0,2024-05-30,-2.0
202405308901211,WEY,-1.0,2024-05-30,-1397.0
202405317622346,WEY,-1.0,2024-05-31,-2.0
202405318901078,WEY,-1.0,2024-05-31,11.0
202405318901080,WEY,0.0,2024-05-31,-2.0
202405318901083,WEY,1.0,2024-05-31,0.0
202405318901086,WEY,0.0,2024-05-31,-3.0
202405318901090,WEY,0.0,2024-05-31,-3.0
202405318901095,WEY,0.0,2024-05-31,-2.0
202405318901099,WEY,-1.0,2024-05-31,-1.0
202405318901104,WEY,0.0,2024-05-31,-5.0
202405318901108,WEY,1.0,2024-05-31,-4.0
202405318901113,WEY,0.0,2024-05-31,4.0
202405318901118,WEY,0.0,2024-05-31,1.0
202405318901123,WEY,0.0,2024-05-31,-5.0
202405318901131,WEY,0.0,2024-05-31,1.0
202405318901147,WEY,-1.0,2024-05-31,2.0
202405318901152,WEY,-1.0,2024-05-31,10.0
202405318901157,WEY,0.0,2024-05-31,2.0
202405318901162,WEY,-1.0,2024-05-31,4.0
202405318901167,WEY,-1.0,2024-05-31,11.0
202405318901172,WEY,-1.0,2024-05-31,4.0
202405318901182,WEY,-1.0,2024-05-31,1.0
202405318901187,WEY,0.0,2024-05-31,1.0
202405318901192,WEY,-1.0,2024-05-31,-1.0
202405318901197,WEY,0.0,2024-05-31,-4.0
202405318901202,WEY,-1.0,2024-05-31,-2.0
202405318901210,WEY,-1.0,2024-05-31,0.0
202406017622389,WEY,0.0,2024-06-01,-1.0
202406018901079,WEY,-1.0,2024-06-01,4.0
202406018901081,WEY,-1.0,2024-06-01,8.0
202406018901084,WEY,-1.0,2024-06-01,0.0
202406018901087,WEY,0.0,2024-06-01,-6.0
202406018901091,WEY,0.0,2024-06-01,-1.0
202406018901096,WEY,-1.0,2024-06-01,5.0
202406018901100,WEY,0.0,2024-06-01,3.0
202406018901105,WEY,0.0,2024-06-01,0.0
202406018901109,WEY,0.0,2024-06-01,-1.0
202406018901114,WEY,0.0,2024-06-01,-3.0
202406018901119,WEY,0.0,2024-06-01,-1.0
202406018901124,WEY,0.0,2024-06-01,-1.0
202406018901141,WEY,-1.0,2024-06-01,1.0
202406018901143,WEY,-1.0,2024-06-01,0.0
202406018901148,WEY,-1.0,2024-06-01,4.0
202406018901153,WEY,-1.0,2024-06-01,5.0
202406018901158,WEY,2.0,2024-06-01,2.0
202406018901163,WEY,-1.0,2024-06-01,14.0
202406018901168,WEY,-1.0,2024-06-01,0.0
202406018901173,WEY,-1.0,2024-06-01,1.0
202406018901178,WEY,1.0,2024-06-01,0.0
202406018901183,WEY,-1.0,2024-06-01,-1.0
202406018901188,WEY,-1.0,2024-06-01,0.0
202406018901193,WEY,-1.0,2024-06-01,1.0
202406018901198,WEY,-1.0,2024-06-01,0.0
202406018901204,WEY,-1.0,2024-06-01,0.0
202406018901212,WEY,-1.0,2024-06-01,-4.0
202406018901229,WEY,0.0,2024-06-01,0.0
202406018901231,WEY,-1.0,2024-06-01,-1.0
202406027657972,WEY,-1.0,2024-06-02,9.0
202406027657992,WEY,-1.0,2024-06-02,2.0
202406027658008,WEY,-1.0,2024-06-02,8.0
202406027658016,WEY,0.0,2024-06-02,2.0
202406027658020,WEY,7.0,2024-06-02,2.0
202406027658026,WEY,0.0,2024-06-02,0.0
202406027658040,WEY,-1.0,2024-06-02,2.0
202406027658060,WEY,-1.0,2024-06-02,22.0
202406027658080,WEY,-1.0,2024-06-02,12.0
202406027658100,WEY,-1.0,2024-06-02,11.0
202406027658120,WEY,-1.0,2024-06-02,0.0
202406027658140,WEY,-1.0,2024-06-02,3.0
202406027658156,WEY,-1.0,2024-06-02,-2.0
202406027658172,WEY,-1.0,2024-06-02,14.0
202406037657898,WEY,-1.0,2024-06-03,-4.0
202406037657902,WEY,0.0,2024-06-03,2.0
202406037657907,WEY,0.0,2024-06-03,-1.0
202406037657913,WEY,1.0,2024-06-03,6.0
202406037657921,WEY,-1.0,2024-06-03,-5.0
202406037657931,WEY,0.0,2024-06-03,0.0
202406037657939,WEY,3.0,2024-06-03,0.0
202406037657949,WEY,-1.0,2024-06-03,-3.0
202406037657957,WEY,0.0,2024-06-03,-5.0
202406037657967,WEY,0.0,2024-06-03,-2.0
202406037657977,WEY,-1.0,2024-06-03,-1.0
202406037657987,WEY,0.0,2024-06-03,-2.0
202406037658004,WEY,0.0,2024-06-03,4.0
202406037658035,WEY,-1.0,2024-06-03,3.0
202406037658045,WEY,-1.0,2024-06-03,1.0
202406037658055,WEY,-1.0,2024-06-03,2.0
202406037658065,WEY,-1.0,2024-06-03,4.0
202406037658075,WEY,-1.0,2024-06-03,1.0
202406037658085,WEY,-1.0,2024-06-03,18.0
202406037658095,WEY,-1.0,2024-06-03,4.0
202406037658105,WEY,-1.0,2024-06-03,13.0
202406037658115,WEY,0.0,2024-06-03,1.0
202406037658125,WEY,-1.0,2024-06-03,-1.0
202406037658135,WEY,-1.0,2024-06-03,-6.0
202406037658146,WEY,-1.0,2024-06-03,0.0
202406037658162,WEY,0.0,2024-06-03,-2.0
202406047657898,WEY,-1.0,2024-06-04,-4.0
202406047657902,WEY,-1.0,2024-06-04,0.0
202406047657907,WEY,0.0,2024-06-04,1.0
202406047657913,WEY,0.0,2024-06-04,1.0
202406047657921,WEY,2.0,2024-06-04,6.0
202406047657931,WEY,-1.0,2024-06-04,-4.0
202406047657939,WEY,3.0,2024-06-04,-1.0
202406047657949,WEY,0.0,2024-06-04,-1.0
202406047657957,WEY,-1.0,2024-06-04,-5.0
202406047657967,WEY,0.0,2024-06-04,3.0
202406047657977,WEY,5.0,2024-06-04,-1.0
202406047657987,WEY,0.0,2024-06-04,-2.0
202406047658004,WEY,-1.0,2024-06-04,0.0
202406047658035,WEY,-1.0,2024-06-04,-1.0
202406047658045,WEY,-1.0,2024-06-04,-1.0
202406047658055,WEY,0.0,2024-06-04,0.0
202406047658065,WEY,10.0,2024-06-04,17.0
202406047658075,WEY,0.0,2024-06-04,1.0
202406047658085,WEY,-1.0,2024-06-04,5.0
202406047658095,WEY,-1.0,2024-06-04,10.0
202406047658105,WEY,-1.0,2024-06-04,3.0
202406047658115,WEY,-1.0,2024-06-04,3.0
202406047658125,WEY,-1.0,2024-06-04,3.0
202406047658135,WEY,-1.0,2024-06-04,-1.0
202406047658146,WEY,-1.0,2024-06-04,1.0
202406047658162,WEY,2.0,2024-06-04,0.0
202406057657898,WEY,-1.0,2024-06-05,6.0
202406057657902,WEY,0.0,2024-06-05,12.0
202406057657907,WEY,0.0,2024-06-05,2.0
202406057657913,WEY,0.0,2024-06-05,-1.0
202406057657921,WEY,0.0,2024-06-05,3.0
202406057657931,WEY,0.0,2024-06-05,1.0
202406057657939,WEY,0.0,2024-06-05,0.0
202406057657949,WEY,0.0,2024-06-05,7.0
202406057657957,WEY,0.0,2024-06-05,5.0
202406057657967,WEY,0.0,2024-06-05,12.0
202406057657977,WEY,-1.0,2024-06-05,25.0
202406057657987,WEY,0.0,2024-06-05,3.0
202406057658004,WEY,2.0,2024-06-05,2.0
202406057658035,WEY,-1.0,2024-06-05,12.0
202406057658045,WEY,-1.0,2024-06-05,21.0
202406057658055,WEY,-1.0,2024-06-05,0.0
202406057658065,WEY,-1.0,2024-06-05,3.0
202406057658075,WEY,-1.0,2024-06-05,4.0
202406057658085,WEY,-1.0,2024-06-05,13.0
202406057658095,WEY,-1.0,2024-06-05,8.0
202406057658105,WEY,-1.0,2024-06-05,5.0
202406057658115,WEY,0.0,2024-06-05,6.0
202406057658125,WEY,-1.0,2024-06-05,32.0
202406057658135,WEY,-1.0,2024-06-05,6.0
202406057658146,WEY,-1.0,2024-06-05,4.0
202406057658162,WEY,-1.0,2024-06-05,11.0
202406067657898,WEY,27.0,2024-06-06,128.0
202406067657902,WEY,6.0,2024-06-06,104.0
202406067657907,WEY,12.0,2024-06-06,59.0
202406067657913,WEY,0.0,2024-06-06,43.0
202406067657921,WEY,,2024-06-06,
202406067657931,WEY,,2024-06-06,
202406067657939,WEY,6.0,2024-06-06,18.0
202406067657949,WEY,,2024-06-06,
202406067657957,WEY,54.0,2024-06-06,59.0
202406067657967,WEY,,2024-06-06,
202406067657977,WEY,6.0,2024-06-06,24.0
202406067657987,WEY,-1.0,2024-06-06,-3.0
202406067658004,WEY,33.0,2024-06-06,31.0
202406067658035,WEY,27.0,2024-06-06,139.0
202406067658045,WEY,4.0,2024-06-06,82.0
202406067658055,WEY,-1.0,2024-06-06,34.0
202406067658065,WEY,17.0,2024-06-06,66.0
202406067658075,WEY,-1.0,2024-06-06,17.0
202406067658085,WEY,48.0,2024-06-06,59.0
202406067658095,WEY,14.0,2024-06-06,22.0
202406067658105,WEY,51.0,2024-06-06,
202406067658115,WEY,6.0,2024-06-06,49.0
202406067658125,WEY,21.0,2024-06-06,26.0
202406067658135,WEY,40.0,2024-06-06,39.0
202406067658146,WEY,96.0,2024-06-06,
202406067658162,WEY,72.0,2024-06-06,
202406077657898,WEY,-1.0,2024-06-07,1.0
202406077657902,WEY,-1.0,2024-06-07,7.0
202406077657907,WEY,1.0,2024-06-07,0.0
202406077657913,WEY,0.0,2024-06-07,4.0
202406077657921,WEY,-1.0,2024-06-07,-5.0
202406077657931,WEY,0.0,2024-06-07,2.0
202406077657939,WEY,0.0,2024-06-07,14.0
202406077657949,WEY,0.0,2024-06-07,21.0
202406077657957,WEY,0.0,2024-06-07,10.0
202406077657967,WEY,0.0,2024-06-07,-3.0
202406077657977,WEY,11.0,2024-06-07,18.0
202406077657987,WEY,-1.0,2024-06-07,15.0
202406077658004,WEY,-1.0,2024-06-07,16.0
202406077658035,WEY,-1.0,2024-06-07,3.0
202406077658045,WEY,-1.0,2024-06-07,16.0
202406077658055,WEY,-1.0,2024-06-07,5.0
202406077658065,WEY,-1.0,2024-06-07,1.0
202406077658075,WEY,2.0,2024-06-07,3.0
202406077658085,WEY,2.0,2024-06-07,8.0
202406077658095,WEY,7.0,2024-06-07,7.0
202406077658105,WEY,2.0,2024-06-07,14.0
202406077658115,WEY,0.0,2024-06-07,12.0
202406077658125,WEY,0.0,2024-06-07,5.0
202406077658135,WEY,2.0,2024-06-07,-5.0
202406077658145,WEY,-1.0,2024-06-07,14.0
202406077658161,WEY,0.0,2024-06-07,5.0
202406087657901,WEY,0.0,2024-06-08,
202406087657905,WEY,0.0,2024-06-08,16.0
202406087657910,WEY,0.0,2024-06-08,7.0
202406087657916,WEY,0.0,2024-06-08,0.0
202406087657924,WEY,0.0,2024-06-08,40.0
202406087657934,WEY,0.0,2024-06-08,16.0
202406087657942,WEY,2.0,2024-06-08,11.0
202406087657952,WEY,0.0,2024-06-08,13.0
202406087657960,WEY,6.0,2024-06-08,6.0
202406087657970,WEY,2.0,2024-06-08,15.0
202406087657980,WEY,0.0,2024-06-08,-1.0
202406087657990,WEY,0.0,2024-06-08,7.0
202406087658024,WEY,-1.0,2024-06-08,-2.0
202406087658028,WEY,-1.0,2024-06-08,2.0
202406087658038,WEY,-1.0,2024-06-08,29.0
202406087658048,WEY,-1.0,2024-06-08,14.0
202406087658058,WEY,-1.0,2024-06-08,13.0
202406087658068,WEY,0.0,2024-06-08,
202406087658078,WEY,-1.0,2024-06-08,19.0
202406087658088,WEY,0.0,2024-06-08,3.0
202406087658098,WEY,39.0,2024-06-08,23.0
202406087658108,WEY,30.0,2024-06-08,21.0
202406087658118,WEY,,2024-06-08,
202406087658128,WEY,-1.0,2024-06-08,-1.0
202406087658138,WEY,-1.0,2024-06-08,0.0
202406087658150,WEY,-1.0,2024-06-08,-1.0
202406087658166,WEY,-1.0,2024-06-08,1.0
202406087658182,WEY,0.0,2024-06-08,-3.0
202406087658204,WEY,-1.0,2024-06-08,-2.0
202406088901229,WEY,-1.0,2024-06-08,-2.0
202406097657972,WEY,-1.0,2024-06-09,6.0
202406097657992,WEY,-1.0,2024-06-09,0.0
202406097658008,WEY,-1.0,2024-06-09,-2.0
202406097658016,WEY,0.0,2024-06-09,6.0
202406097658020,WEY,-1.0,2024-06-09,6.0
202406097658026,WEY,-1.0,2024-06-09,4.0
202406097658040,WEY,-1.0,2024-06-09,3.0
202406097658060,WEY,0.0,2024-06-09,0.0
202406097658080,WEY,0.0,2024-06-09,-4.0
202406097658100,WEY,0.0,2024-06-09,-2.0
202406097658120,WEY,-1.0,2024-06-09,0.0
202406097658140,WEY,-1.0,2024-06-09,-2.0
202406097658156,WEY,-1.0,2024-06-09,-1.0
202406097658172,WEY,-1.0,2024-06-09,-2.0
202406107657898,WEY,0.0,2024-06-10,-2.0
202406107657902,WEY,-1.0,2024-06-10,4.0
202406107657907,WEY,1.0,2024-06-10,-1.0
202406107657913,WEY,0.0,2024-06-10,-4.0
202406107657921,WEY,0.0,2024-06-10,-3.0
202406107657931,WEY,0.0,2024-06-10,-4.0
202406107657939,WEY,0.0,2024-06-10,-1.0
202406107657949,WEY,1.0,2024-06-10,16.0
202406107657957,WEY,0.0,2024-06-10,-5.0
202406107657967,WEY,0.0,2024-06-10,1.0
202406107657977,WEY,0.0,2024-06-10,-1.0
202406107657987,WEY,1.0,2024-06-10,-3.0
202406107658004,WEY,2.0,2024-06-10,1.0
202406107658035,WEY,0.0,2024-06-10,-1.0
202406107658045,WEY,-1.0,2024-06-10,3.0
202406107658055,WEY,0.0,2024-06-10,2.0
202406107658065,WEY,-1.0,2024-06-10,3.0
202406107658075,WEY,-1.0,2024-06-10,0.0
202406107658085,WEY,-1.0,2024-06-10,11.0
202406107658095,WEY,-1.0,2024-06-10,-1.0
202406107658105,WEY,1.0,2024-06-10,3.0
202406107658115,WEY,-1.0,2024-06-10,4.0
202406107658125,WEY,-1.0,2024-06-10,-3.0
202406107658135,WEY,6.0,2024-06-10,-5.0
202406107658146,WEY,-1.0,2024-06-10,0.0
202406107658162,WEY,1.0,2024-06-10,-2.0
202406117657898,WEY,0.0,2024-06-11,52.0
202406117657902,WEY,0.0,2024-06-11,20.0
202406117657907,WEY,-1.0,2024-06-11,6.0
202406117657913,WEY,0.0,2024-06-11,19.0
202406117657921,WEY,-1.0,2024-06-11,3.0
202406117657931,WEY,0.0,2024-06-11,18.0
202406117657939,WEY,0.0,2024-06-11,0.0
202406117657949,WEY,0.0,2024-06-11,1.0
202406117657957,WEY,1.0,2024-06-11,2.0
202406117657967,WEY,0.0,2024-06-11,0.0
202406117657977,WEY,1.0,2024-06-11,5.0
202406117657987,WEY,0.0,2024-06-11,6.0
202406117658004,WEY,0.0,2024-06-11,6.0
202406117658035,WEY,-1.0,2024-06-11,23.0
202406117658045,WEY,-1.0,2024-06-11,2.0
202406117658055,WEY,-1.0,2024-06-11,4.0
202406117658065,WEY,-1.0,2024-06-11,14.0
202406117658075,WEY,3.0,2024-06-11,3.0
202406117658085,WEY,21.0,2024-06-11,7.0
202406117658095,WEY,18.0,2024-06-11,11.0
202406117658105,WEY,-1.0,2024-06-11,1.0
202406117658115,WEY,-1.0,2024-06-11,3.0
202406117658125,WEY,-1.0,2024-06-11,15.0
202406117658135,WEY,-1.0,2024-06-11,-5.0
202406117658146,WEY,-1.0,2024-06-11,-2.0
202406117658162,WEY,-1.0,2024-06-11,4.0
202406127657898,WEY,-1.0,2024-06-12,13.0
202406127657902,WEY,0.0,2024-06-12,-1.0
202406127657907,WEY,3.0,2024-06-12,-2.0
202406127657913,WEY,0.0,2024-06-12,1.0
202406127657921,WEY,0.0,2024-06-12,7.0
202406127657931,WEY,-1.0,2024-06-12,2.0
202406127657939,WEY,0.0,2024-06-12,1.0
202406127657949,WEY,0.0,2024-06-12,12.0
202406127657957,WEY,0.0,2024-06-12,1.0
202406127657967,WEY,2.0,2024-06-12,9.0
202406127657977,WEY,0.0,2024-06-12,0.0
202406127657987,WEY,5.0,2024-06-12,-1.0
202406127658004,WEY,1.0,2024-06-12,1.0
202406127658035,WEY,-1.0,2024-06-12,3.0
202406127658045,WEY,0.0,2024-06-12,0.0
202406127658055,WEY,-1.0,2024-06-12,3.0
202406127658065,WEY,-1.0,2024-06-12,1.0
202406127658075,WEY,0.0,2024-06-12,14.0
202406127658085,WEY,-1.0,2024-06-12,1.0
202406127658095,WEY,0.0,2024-06-12,5.0
202406127658105,WEY,0.0,2024-06-12,4.0
202406127658115,WEY,0.0,2024-06-12,0.0
202406127658125,WEY,-1.0,2024-06-12,13.0
202406127658135,WEY,-1.0,2024-06-12,-1.0
202406127658146,WEY,-1.0,2024-06-12,2.0
202406127658162,WEY,-1.0,2024-06-12,0.0
202406137657898,WEY,-1.0,2024-06-13,1.0
202406137657902,WEY,-1.0,2024-06-13,2.0
202406137657907,WEY,0.0,2024-06-13,1.0
202406137657913,WEY,0.0,2024-06-13,-4.0
202406137657921,WEY,0.0,2024-06-13,0.0
202406137657931,WEY,0.0,2024-06-13,-1.0
202406137657939,WEY,0.0,2024-06-13,12.0
202406137657949,WEY,0.0,2024-06-13,3.0
202406137657957,WEY,0.0,2024-06-13,1.0
202406137657967,WEY,0.0,2024-06-13,7.0
202406137657977,WEY,-1.0,2024-06-13,0.0
202406137657987,WEY,0.0,2024-06-13,-1.0
202406137658004,WEY,0.0,2024-06-13,21.0
202406137658035,WEY,-1.0,2024-06-13,3.0
202406137658045,WEY,-1.0,2024-06-13,5.0
202406137658055,WEY,0.0,2024-06-13,2.0
202406137658065,WEY,-1.0,2024-06-13,2.0
202406137658075,WEY,-1.0,2024-06-13,5.0
202406137658085,WEY,5.0,2024-06-13,11.0
202406137658095,WEY,1.0,2024-06-13,8.0
202406137658105,WEY,-1.0,2024-06-13,0.0
202406137658115,WEY,-1.0,2024-06-13,0.0
202406137658125,WEY,-1.0,2024-06-13,2.0
202406137658135,WEY,-1.0,2024-06-13,3.0
202406137658146,WEY,-1.0,2024-06-13,1.0
202406137658162,WEY,13.0,2024-06-13,2.0
202406147657898,WEY,-1.0,2024-06-14,4.0
202406147657902,WEY,1.0,2024-06-14,4.0
202406147657907,WEY,1.0,2024-06-14,10.0
202406147657913,WEY,0.0,2024-06-14,2.0
202406147657921,WEY,-1.0,2024-06-14,-4.0
202406147657931,WEY,-1.0,2024-06-14,9.0
202406147657939,WEY,0.0,2024-06-14,3.0
202406147657949,WEY,0.0,2024-06-14,-3.0
202406147657957,WEY,0.0,2024-06-14,10.0
202406147657967,WEY,-1.0,2024-06-14,2.0
202406147657977,WEY,-1.0,2024-06-14,0.0
202406147657987,WEY,2.0,2024-06-14,-3.0
202406147658004,WEY,-1.0,2024-06-14,0.0
202406147658035,WEY,-1.0,2024-06-14,7.0
202406147658045,WEY,-1.0,2024-06-14,13.0
202406147658055,WEY,0.0,2024-06-14,0.0
202406147658065,WEY,-1.0,2024-06-14,4.0
202406147658075,WEY,-1.0,2024-06-14,12.0
202406147658085,WEY,6.0,2024-06-14,2.0
202406147658095,WEY,-1.0,2024-06-14,3.0
202406147658105,WEY,0.0,2024-06-14,17.0
202406147658115,WEY,-1.0,2024-06-14,14.0
202406147658125,WEY,-1.0,2024-06-14,1.0
202406147658135,WEY,-1.0,2024-06-14,-8.0
202406147658145,WEY,-1.0,2024-06-14,-1.0
202406147658161,WEY,2.0,2024-06-14,-1.0
202406157657901,WEY,0.0,2024-06-15,20.0
202406157657905,WEY,19.0,2024-06-15,13.0
202406157657910,WEY,0.0,2024-06-15,1.0
202406157657916,WEY,0.0,2024-06-15,-1.0
202406157657924,WEY,-1.0,2024-06-15,0.0
202406157657934,WEY,0.0,2024-06-15,-1.0
202406157657942,WEY,1.0,2024-06-15,2.0
202406157657952,WEY,0.0,2024-06-15,-2.0
202406157657960,WEY,-1.0,2024-06-15,0.0
202406157657970,WEY,0.0,2024-06-15,3.0
202406157657980,WEY,0.0,2024-06-15,4.0
202406157657990,WEY,0.0,2024-06-15,3.0
202406157658024,WEY,-1.0,2024-06-15,1.0
202406157658028,WEY,-2.0,2024-06-15,0.0
202406157658038,WEY,7.0,2024-06-15,30.0
202406157658048,WEY,10.0,2024-06-15,21.0
202406157658058,WEY,-1.0,2024-06-15,-1.0
202406157658068,WEY,1.0,2024-06-15,3.0
202406157658078,WEY,-1.0,2024-06-15,-1.0
202406157658088,WEY,-1.0,2024-06-15,1.0
202406157658098,WEY,-1.0,2024-06-15,0.0
202406157658108,WEY,2.0,2024-06-15,2.0
202406157658118,WEY,-1.0,2024-06-15,0.0
202406157658128,WEY,-1.0,2024-06-15,6.0
202406157658138,WEY,-1.0,2024-06-15,11.0
202406157658150,WEY,-1.0,2024-06-15,1.0
202406157658166,WEY,-1.0,2024-06-15,1.0
202406157658182,WEY,0.0,2024-06-15,0.0
202406157658204,WEY,-1.0,2024-06-15,-1.0
202406158901229,WEY,0.0,2024-06-15,-2.0
202406167657972,WEY,-1.0,2024-06-16,4.0
202406167657992,WEY,-1.0,2024-06-16,2.0
202406167658008,WEY,-1.0,2024-06-16,1.0
202406167658016,WEY,-1.0,2024-06-16,-1.0
202406167658020,WEY,-1.0,2024-06-16,-3.0
202406167658026,WEY,0.0,2024-06-16,-2.0
202406167658040,WEY,-1.0,2024-06-16,-1.0
202406167658060,WEY,0.0,2024-06-16,0.0
202406167658080,WEY,-1.0,2024-06-16,-1.0
202406167658100,WEY,-1.0,2024-06-16,21.0
202406167658120,WEY,-1.0,2024-06-16,34.0
202406167658140,WEY,-1.0,2024-06-16,21.0
202406167658156,WEY,-1.0,2024-06-16,-1.0
202406167658172,WEY,-1.0,2024-06-16,3.0
202406177657898,WEY,-1.0,2024-06-17,-1.0
202406177657902,WEY,1.0,2024-06-17,7.0
202406177657907,WEY,-1.0,2024-06-17,6.0
202406177657913,WEY,0.0,2024-06-17,0.0
202406177657921,WEY,-1.0,2024-06-17,13.0
202406177657931,WEY,0.0,2024-06-17,-4.0
202406177657939,WEY,0.0,2024-06-17,5.0
202406177657949,WEY,2.0,2024-06-17,6.0
202406177657957,WEY,1.0,2024-06-17,8.0
202406177657967,WEY,0.0,2024-06-17,4.0
202406177657977,WEY,0.0,2024-06-17,0.0
202406177657987,WEY,-1.0,2024-06-17,0.0
202406177658004,WEY,0.0,2024-06-17,0.0
202406177658035,WEY,-1.0,2024-06-17,1.0
202406177658045,WEY,-1.0,2024-06-17,7.0
202406177658055,WEY,0.0,2024-06-17,5.0
202406177658065,WEY,-1.0,2024-06-17,5.0
202406177658075,WEY,-1.0,2024-06-17,1.0
202406177658085,WEY,1.0,2024-06-17,22.0
202406177658095,WEY,-1.0,2024-06-17,16.0
202406177658105,WEY,-1.0,2024-06-17,3.0
202406177658115,WEY,-1.0,2024-06-17,2.0
202406177658125,WEY,-1.0,2024-06-17,0.0
202406177658135,WEY,1.0,2024-06-17,-8.0
202406177658146,WEY,-2.0,2024-06-17,1.0
202406177658162,WEY,-1.0,2024-06-17,0.0
202406187657898,WEY,-1.0,2024-06-18,1.0
202406187657902,WEY,-1.0,2024-06-18,8.0
202406187657907,WEY,0.0,2024-06-18,-1.0
202406187657913,WEY,1.0,2024-06-18,17.0
202406187657921,WEY,-1.0,2024-06-18,1.0
202406187657931,WEY,1.0,2024-06-18,15.0
202406187657939,WEY,-1.0,2024-06-18,14.0
202406187657949,WEY,0.0,2024-06-18,16.0
202406187657957,WEY,0.0,2024-06-18,6.0
202406187657967,WEY,0.0,2024-06-18,2.0
202406187657977,WEY,0.0,2024-06-18,11.0
202406187657987,WEY,0.0,2024-06-18,10.0
202406187658004,WEY,1.0,2024-06-18,16.0
202406187658035,WEY,-1.0,2024-06-18,4.0
202406187658045,WEY,-1.0,2024-06-18,1.0
202406187658055,WEY,-1.0,2024-06-18,0.0
202406187658065,WEY,-1.0,2024-06-18,14.0
202406187658075,WEY,-1.0,2024-06-18,3.0
202406187658085,WEY,-1.0,2024-06-18,13.0
202406187658095,WEY,-1.0,2024-06-18,20.0
202406187658105,WEY,-1.0,2024-06-18,12.0
202406187658115,WEY,-1.0,2024-06-18,22.0
202406187658125,WEY,-1.0,2024-06-18,21.0
202406187658135,WEY,-1.0,2024-06-18,7.0
202406187658146,WEY,-1.0,2024-06-18,
202406187658162,WEY,1.0,2024-06-18,8.0
202406197657898,WEY,-1.0,2024-06-19,19.0
202406197657902,WEY,0.0,2024-06-19,12.0
202406197657907,WEY,-1.0,2024-06-19,7.0
202406197657913,WEY,0.0,2024-06-19,16.0
202406197657921,WEY,0.0,2024-06-19,28.0
202406197657931,WEY,0.0,2024-06-19,11.0
202406197657939,WEY,-1.0,2024-06-19,15.0
202406197657949,WEY,0.0,2024-06-19,15.0
202406197657957,WEY,0.0,2024-06-19,10.0
202406197657967,WEY,0.0,2024-06-19,25.0
202406197657977,WEY,-1.0,2024-06-19,16.0
202406197657987,WEY,0.0,2024-06-19,28.0
202406197658004,WEY,2.0,2024-06-19,24.0
202406197658035,WEY,-1.0,2024-06-19,18.0
202406197658045,WEY,-1.0,2024-06-19,16.0
202406197658055,WEY,-1.0,2024-06-19,16.0
202406197658065,WEY,-1.0,2024-06-19,17.0
202406197658075,WEY,-1.0,2024-06-19,21.0
202406197658085,WEY,-1.0,2024-06-19,14.0
202406197658095,WEY,-1.0,2024-06-19,16.0
202406197658105,WEY,-1.0,2024-06-19,8.0
202406197658115,WEY,-1.0,2024-06-19,17.0
202406197658125,WEY,-1.0,2024-06-19,7.0
202406197658135,WEY,-1.0,2024-06-19,15.0
202406197658146,WEY,1.0,2024-06-19,24.0
202406197658162,WEY,0.0,2024-06-19,6.0
202406207657898,WEY,-1.0,2024-06-20,1.0
202406207657902,WEY,2.0,2024-06-20,3.0
202406207657907,WEY,1.0,2024-06-20,5.0
202406207657913,WEY,-1.0,2024-06-20,16.0
202406207657921,WEY,0.0,2024-06-20,18.0
202406207657931,WEY,1.0,2024-06-20,12.0
202406207657939,WEY,-1.0,2024-06-20,12.0
202406207657949,WEY,-1.0,2024-06-20,4.0
202406207657957,WEY,5.0,2024-06-20,2.0
202406207657967,WEY,0.0,2024-06-20,2.0
202406207657977,WEY,-1.0,2024-06-20,-1.0
202406207657987,WEY,0.0,2024-06-20,-3.0
202406207658004,WEY,0.0,2024-06-20,0.0
202406207658035,WEY,-1.0,2024-06-20,12.0
202406207658045,WEY,-1.0,2024-06-20,6.0
202406207658055,WEY,-1.0,2024-06-20,3.0
202406207658065,WEY,-1.0,2024-06-20,43.0
202406207658075,WEY,0.0,2024-06-20,2.0
202406207658085,WEY,-1.0,2024-06-20,10.0
202406207658095,WEY,-1.0,2024-06-20,17.0
202406207658105,WEY,-1.0,2024-06-20,7.0
202406207658115,WEY,0.0,2024-06-20,8.0
202406207658125,WEY,-1.0,2024-06-20,5.0
202406207658135,WEY,-1.0,2024-06-20,-9.0
202406207658146,WEY,-1.0,2024-06-20,1.0
202406207658162,WEY,2.0,2024-06-20,1.0
202406217657898,WEY,0.0,2024-06-21,4.0
202406217657902,WEY,-1.0,2024-06-21,18.0
202406217657907,WEY,1.0,2024-06-21,2.0
202406217657913,WEY,0.0,2024-06-21,33.0
202406217657921,WEY,0.0,2024-06-21,16.0
202406217657931,WEY,0.0,2024-06-21,4.0
202406217657939,WEY,0.0,2024-06-21,5.0
202406217657949,WEY,0.0,2024-06-21,-4.0
202406217657957,WEY,-1.0,2024-06-21,1.0
202406217657967,WEY,0.0,2024-06-21,2.0
202406217657977,WEY,-1.0,2024-06-21,10.0
202406217657987,WEY,-1.0,2024-06-21,-3.0
202406217658004,WEY,-1.0,2024-06-21,0.0
202406217658035,WEY,-1.0,2024-06-21,13.0
202406217658045,WEY,-1.0,2024-06-21,19.0
202406217658055,WEY,0.0,2024-06-21,14.0
202406217658065,WEY,15.0,2024-06-21,23.0
202406217658075,WEY,-1.0,2024-06-21,7.0
202406217658085,WEY,1.0,2024-06-21,5.0
202406217658095,WEY,-1.0,2024-06-21,4.0
202406217658105,WEY,0.0,2024-06-21,2.0
202406217658115,WEY,-1.0,2024-06-21,7.0
202406217658125,WEY,0.0,2024-06-21,17.0
202406217658135,WEY,-1.0,2024-06-21,-8.0
202406217658145,WEY,-1.0,2024-06-21,4.0
202406217658161,WEY,-1.0,2024-06-21,3.0
202406227657901,WEY,0.0,2024-06-22,3.0
202406227657905,WEY,0.0,2024-06-22,0.0
202406227657910,WEY,0.0,2024-06-22,0.0
202406227657916,WEY,0.0,2024-06-22,5.0
202406227657924,WEY,-1.0,2024-06-22,15.0
202406227657934,WEY,0.0,2024-06-22,0.0
202406227657942,WEY,0.0,2024-06-22,1.0
202406227657952,WEY,0.0,2024-06-22,-2.0
202406227657960,WEY,0.0,2024-06-22,0.0
202406227657970,WEY,0.0,2024-06-22,-2.0
202406227657980,WEY,0.0,2024-06-22,-2.0
202406227657990,WEY,-1.0,2024-06-22,-1.0
202406227658024,WEY,-1.0,2024-06-22,1.0
202406227658028,WEY,-1.0,2024-06-22,14.0
202406227658038,WEY,-1.0,2024-06-22,7.0
202406227658048,WEY,-1.0,2024-06-22,5.0
202406227658058,WEY,-1.0,2024-06-22,-2.0
202406227658068,WEY,0.0,2024-06-22,5.0
202406227658078,WEY,-1.0,2024-06-22,0.0
202406227658088,WEY,-1.0,2024-06-22,-1.0
202406227658098,WEY,-1.0,2024-06-22,4.0
202406227658108,WEY,0.0,2024-06-22,-1.0
202406227658118,WEY,-1.0,2024-06-22,0.0
202406227658128,WEY,-1.0,2024-06-22,2.0
202406227658138,WEY,0.0,2024-06-22,-1.0
202406227658150,WEY,0.0,2024-06-22,-1.0
202406227658166,WEY,1.0,2024-06-22,3.0
202406227658182,WEY,-1.0,2024-06-22,1.0
202406227658204,WEY,-1.0,2024-06-22,-2.0
202406228901229,WEY,-1.0,2024-06-22,0.0
202406237657972,WEY,0.0,2024-06-23,
202406237657992,WEY,0.0,2024-06-23,
202406237658008,WEY,,2024-06-23,
202406237658016,WEY,-1.0,2024-06-23,
202406237658020,WEY,1.0,2024-06-23,0.0
202406237658026,WEY,,2024-06-23,
202406237658040,WEY,0.0,2024-06-23,
202406237658060,WEY,,2024-06-23,
202406237658080,WEY,-1.0,2024-06-23,
202406237658100,WEY,0.0,2024-06-23,-2.0
202406237658120,WEY,0.0,2024-06-23,
202406237658140,WEY,1.0,2024-06-23,
202406237658156,WEY,0.0,2024-06-23,
202406237658172,WEY,-1.0,2024-06-23,
202406247657898,WEY,-1.0,2024-06-24,-1.0
202406247657902,WEY,-1.0,2024-06-24,0.0
202406247657907,WEY,-1.0,2024-06-24,1.0
202406247657913,WEY,0.0,2024-06-24,-2.0
202406247657921,WEY,0.0,2024-06-24,4.0
202406247657931,WEY,0.0,2024-06-24,3.0
202406247657939,WEY,-1.0,2024-06-24,5.0
202406247657949,WEY,0.0,2024-06-24,3.0
202406247657957,WEY,0.0,2024-06-24,1.0
202406247657967,WEY,0.0,2024-06-24,7.0
202406247657977,WEY,1.0,2024-06-24,-1.0
202406247657987,WEY,0.0,2024-06-24,3.0
202406247658004,WEY,0.0,2024-06-24,10.0
202406247658035,WEY,-1.0,2024-06-24,2.0
202406247658045,WEY,-1.0,2024-06-24,5.0
202406247658055,WEY,-1.0,2024-06-24,2.0
202406247658065,WEY,0.0,2024-06-24,2.0
202406247658075,WEY,0.0,2024-06-24,5.0
202406247658085,WEY,-1.0,2024-06-24,4.0
202406247658095,WEY,0.0,2024-06-24,8.0
202406247658105,WEY,0.0,2024-06-24,7.0
202406247658115,WEY,-1.0,2024-06-24,8.0
202406247658125,WEY,-1.0,2024-06-24,4.0
202406247658135,WEY,-1.0,2024-06-24,1.0
202406247658146,WEY,-1.0,2024-06-24,1.0
202406247658162,WEY,-1.0,2024-06-24,1.0
202406257657898,WEY,0.0,2024-06-25,15.0
202406257657902,WEY,0.0,2024-06-25,4.0
202406257657907,WEY,1.0,2024-06-25,12.0
202406257657913,WEY,-1.0,2024-06-25,18.0
202406257657921,WEY,0.0,2024-06-25,4.0
202406257657931,WEY,0.0,2024-06-25,3.0
202406257657939,WEY,0.0,2024-06-25,10.0
202406257657949,WEY,0.0,2024-06-25,36.0
202406257657957,WEY,0.0,2024-06-25,12.0
202406257657967,WEY,0.0,2024-06-25,10.0
202406257657977,WEY,6.0,2024-06-25,27.0
202406257657987,WEY,10.0,2024-06-25,26.0
202406257658004,WEY,2.0,2024-06-25,5.0
202406257658035,WEY,-1.0,2024-06-25,13.0
202406257658045,WEY,-1.0,2024-06-25,20.0
202406257658055,WEY,-1.0,2024-06-25,30.0
202406257658065,WEY,-1.0,2024-06-25,9.0
202406257658075,WEY,7.0,2024-06-25,8.0
202406257658085,WEY,0.0,2024-06-25,11.0
202406257658095,WEY,-1.0,2024-06-25,35.0
202406257658105,WEY,-1.0,2024-06-25,24.0
202406257658115,WEY,-1.0,2024-06-25,15.0
202406257658125,WEY,-1.0,2024-06-25,2.0
202406257658135,WEY,0.0,2024-06-25,34.0
202406257658146,WEY,-1.0,2024-06-25,3.0
202406257658162,WEY,18.0,2024-06-25,18.0
202406267657898,WEY,-1.0,2024-06-26,51.0
202406267657902,WEY,0.0,2024-06-26,
202406267657907,WEY,1.0,2024-06-26,12.0
202406267657913,WEY,-1.0,2024-06-26,
202406267657921,WEY,0.0,2024-06-26,
202406267657931,WEY,7.0,2024-06-26,
202406267657939,WEY,0.0,2024-06-26,
202406267657949,WEY,,2024-06-26,
202406267657957,WEY,,2024-06-26,
202406267657967,WEY,13.0,2024-06-26,45.0
202406267657977,WEY,26.0,2024-06-26,26.0
202406267657987,WEY,4.0,2024-06-26,10.0
202406267658004,WEY,,2024-06-26,
202406267658035,WEY,0.0,2024-06-26,30.0
202406267658045,WEY,-1.0,2024-06-26,34.0
202406267658055,WEY,0.0,2024-06-26,59.0
202406267658065,WEY,-1.0,2024-06-26,56.0
202406267658075,WEY,-1.0,2024-06-26,
202406267658085,WEY,30.0,2024-06-26,
202406267658095,WEY,,2024-06-26,
202406267658105,WEY,,2024-06-26,
202406267658115,WEY,,2024-06-26,
202406267658125,WEY,,2024-06-26,
202406267658135,WEY,26.0,2024-06-26,
202406267658146,WEY,,2024-06-26,
202406267658162,WEY,26.0,2024-06-26,
202406277657898,WEY,-1.0,2024-06-27,2.0
202406277657902,WEY,-1.0,2024-06-27,4.0
202406277657907,WEY,0.0,2024-06-27,2.0
202406277657913,WEY,0.0,2024-06-27,4.0
202406277657921,WEY,-1.0,2024-06-27,14.0
202406277657931,WEY,-1.0,2024-06-27,3.0
202406277657939,WEY,0.0,2024-06-27,0.0
202406277657949,WEY,0.0,2024-06-27,2.0
202406277657957,WEY,1.0,2024-06-27,4.0
202406277657967,WEY,0.0,2024-06-27,0.0
202406277657977,WEY,0.0,2024-06-27,-1.0
202406277657987,WEY,0.0,2024-06-27,4.0
202406277658004,WEY,0.0,2024-06-27,1.0
202406277658035,WEY,0.0,2024-06-27,14.0
202406277658045,WEY,-1.0,2024-06-27,11.0
202406277658055,WEY,0.0,2024-06-27,1.0
202406277658065,WEY,0.0,2024-06-27,2.0
202406277658075,WEY,-1.0,2024-06-27,5.0
202406277658085,WEY,1.0,2024-06-27,3.0
202406277658095,WEY,-1.0,2024-06-27,10.0
202406277658105,WEY,-1.0,2024-06-27,14.0
202406277658115,WEY,-1.0,2024-06-27,15.0
202406277658125,WEY,-1.0,2024-06-27,16.0
202406277658135,WEY,-1.0,2024-06-27,-7.0
202406277658146,WEY,-1.0,2024-06-27,2.0
202406277658162,WEY,0.0,2024-06-27,2.0
202406287657898,WEY,0.0,2024-06-28,-1.0
202406287657902,WEY,0.0,2024-06-28,13.0
202406287657907,WEY,0.0,2024-06-28,20.0
202406287657913,WEY,2.0,2024-06-28,2.0
202406287657921,WEY,0.0,2024-06-28,6.0
202406287657931,WEY,0.0,2024-06-28,0.0
202406287657939,WEY,-1.0,2024-06-28,5.0
202406287657949,WEY,0.0,2024-06-28,-1.0
202406287657957,WEY,0.0,2024-06-28,1.0
202406287657967,WEY,0.0,2024-06-28,3.0
202406287657977,WEY,0.0,2024-06-28,-1.0
202406287657987,WEY,-1.0,2024-06-28,-2.0
202406287658004,WEY,3.0,2024-06-28,1.0
202406287658035,WEY,-1.0,2024-06-28,3.0
202406287658045,WEY,-1.0,2024-06-28,21.0
202406287658055,WEY,-1.0,2024-06-28,5.0
202406287658065,WEY,-1.0,2024-06-28,5.0
202406287658075,WEY,0.0,2024-06-28,2.0
202406287658085,WEY,-1.0,2024-06-28,28.0
202406287658095,WEY,-1.0,2024-06-28,1.0
202406287658105,WEY,0.0,2024-06-28,2.0
202406287658115,WEY,-1.0,2024-06-28,8.0
202406287658125,WEY,1.0,2024-06-28,1.0
202406287658135,WEY,7.0,2024-06-28,8.0
202406287658145,WEY,-1.0,2024-06-28,0.0
202406287658161,WEY,0.0,2024-06-28,0.0
202406297657901,WEY,-1.0,2024-06-29,2.0
202406297657905,WEY,0.0,2024-06-29,14.0
202406297657910,WEY,-1.0,2024-06-29,11.0
202406297657916,WEY,0.0,2024-06-29,13.0
202406297657924,WEY,-1.0,2024-06-29,13.0
202406297657934,WEY,-1.0,2024-06-29,1.0
202406297657942,WEY,2.0,2024-06-29,6.0
202406297657952,WEY,0.0,2024-06-29,0.0
202406297657960,WEY,8.0,2024-06-29,1.0
202406297657970,WEY,1.0,2024-06-29,3.0
202406297657980,WEY,-1.0,2024-06-29,0.0
202406297657990,WEY,-1.0,2024-06-29,-1.0
202406297658024,WEY,-1.0,2024-06-29,1.0
202406297658028,WEY,-1.0,2024-06-29,7.0
202406297658038,WEY,-1.0,2024-06-29,5.0
202406297658048,WEY,0.0,2024-06-29,
202406297658058,WEY,-1.0,2024-06-29,19.0
202406297658068,WEY,-1.0,2024-06-29,20.0
202406297658078,WEY,-1.0,2024-06-29,14.0
202406297658088,WEY,0.0,2024-06-29,20.0
202406297658098,WEY,1.0,2024-06-29,2.0
202406297658108,WEY,1.0,2024-06-29,2.0
202406297658118,WEY,5.0,2024-06-29,6.0
202406297658128,WEY,-1.0,2024-06-29,7.0
202406297658138,WEY,-1.0,2024-06-29,-3.0
202406297658150,WEY,2.0,2024-06-29,0.0
202406297658166,WEY,0.0,2024-06-29,17.0
202406297658182,WEY,-1.0,2024-06-29,-4.0
202406297658204,WEY,-1.0,2024-06-29,4.0
202406298901229,WEY,2.0,2024-06-29,0.0
202406307657972,WEY,-1.0,2024-06-30,2.0
202406307657992,WEY,-1.0,2024-06-30,0.0
202406307658008,WEY,-1.0,2024-06-30,1.0
202406307658016,WEY,-1.0,2024-06-30,6.0
202406307658020,WEY,-1.0,2024-06-30,0.0
202406307658026,WEY,-1.0,2024-06-30,16.0
202406307658040,WEY,-1.0,2024-06-30,
202406307658060,WEY,0.0,2024-06-30,
202406307658080,WEY,,2024-06-30,
202406307658100,WEY,18.0,2024-06-30,38.0
202406307658120,WEY,0.0,2024-06-30,-2.0
202406307658140,WEY,-2.0,2024-06-30,-2.0
202406307658156,WEY,,2024-06-30,
202406307658172,WEY,11.0,2024-06-30,-3.0
202407017657898,WEY,0.0,2024-07-01,6.0
202407017657902,WEY,0.0,2024-07-01,4.0
202407017657907,WEY,-1.0,2024-07-01,0.0
202407017657913,WEY,0.0,2024-07-01,-4.0
202407017657921,WEY,1.0,2024-07-01,-1.0
202407017657931,WEY,0.0,2024-07-01,14.0
202407017657939,WEY,0.0,2024-07-01,18.0
202407017657949,WEY,4.0,2024-07-01,0.0
202407017657957,WEY,0.0,2024-07-01,-3.0
202407017657967,WEY,-1.0,2024-07-01,5.0
202407017657977,WEY,0.0,2024-07-01,-1.0
202407017657987,WEY,,2024-07-01,
202407017658004,WEY,0.0,2024-07-01,1.0
202407017658035,WEY,-1.0,2024-07-01,1.0
202407017658045,WEY,-1.0,2024-07-01,2.0
202407017658055,WEY,0.0,2024-07-01,1.0
202407017658065,WEY,-1.0,2024-07-01,3.0
202407017658075,WEY,-1.0,2024-07-01,7.0
202407017658085,WEY,-1.0,2024-07-01,4.0
202407017658095,WEY,-1.0,2024-07-01,3.0
202407017658105,WEY,-1.0,2024-07-01,-1.0
202407017658115,WEY,-1.0,2024-07-01,-2.0
202407017658125,WEY,-1.0,2024-07-01,-3.0
202407017658135,WEY,-1.0,2024-07-01,-5.0
202407017658146,WEY,-1.0,2024-07-01,0.0
202407017658162,WEY,0.0,2024-07-01,8.0
202407027657898,WEY,-1.0,2024-07-02,4.0
202407027657902,WEY,1.0,2024-07-02,-3.0
202407027657907,WEY,-1.0,2024-07-02,-1.0
202407027657913,WEY,-1.0,2024-07-02,-3.0
202407027657921,WEY,-1.0,2024-07-02,19.0
202407027657931,WEY,0.0,2024-07-02,1.0
202407027657939,WEY,0.0,2024-07-02,-1.0
202407027657949,WEY,0.0,2024-07-02,1.0
202407027657957,WEY,0.0,2024-07-02,0.0
202407027657967,WEY,-1.0,2024-07-02,1.0
202407027657977,WEY,0.0,2024-07-02,-1.0
202407027657987,WEY,-1.0,2024-07-02,-1.0
202407027658004,WEY,3.0,2024-07-02,24.0
202407027658035,WEY,-1.0,2024-07-02,-2.0
202407027658045,WEY,-1.0,2024-07-02,12.0
202407027658055,WEY,-1.0,2024-07-02,2.0
202407027658065,WEY,-1.0,2024-07-02,0.0
202407027658075,WEY,12.0,2024-07-02,14.0
202407027658085,WEY,0.0,2024-07-02,0.0
202407027658095,WEY,0.0,2024-07-02,2.0
202407027658105,WEY,0.0,2024-07-02,14.0
202407027658115,WEY,-1.0,2024-07-02,0.0
202407027658125,WEY,-1.0,2024-07-02,11.0
202407027658135,WEY,-1.0,2024-07-02,-5.0
202407027658146,WEY,-1.0,2024-07-02,18.0
202407027658162,WEY,0.0,2024-07-02,0.0
202407037657898,WEY,-1.0,2024-07-03,2.0
202407037657902,WEY,0.0,2024-07-03,-3.0
202407037657907,WEY,1.0,2024-07-03,0.0
202407037657913,WEY,0.0,2024-07-03,-4.0
202407037657921,WEY,-1.0,2024-07-03,3.0
202407037657931,WEY,0.0,2024-07-03,-1.0
202407037657939,WEY,-1.0,2024-07-03,2.0
202407037657949,WEY,0.0,2024-07-03,1.0
202407037657957,WEY,4.0,2024-07-03,1.0
202407037657967,WEY,0.0,2024-07-03,0.0
202407037657977,WEY,0.0,2024-07-03,-1.0
202407037657987,WEY,-1.0,2024-07-03,-3.0
202407037658004,WEY,-1.0,2024-07-03,1.0
202407037658035,WEY,-1.0,2024-07-03,-3.0
202407037658045,WEY,-1.0,2024-07-03,1.0
202407037658055,WEY,-1.0,2024-07-03,-2.0
202407037658065,WEY,-1.0,2024-07-03,0.0
202407037658075,WEY,-1.0,2024-07-03,5.0
202407037658085,WEY,-1.0,2024-07-03,0.0
202407037658095,WEY,-1.0,2024-07-03,0.0
202407037658105,WEY,0.0,2024-07-03,1.0
202407037658115,WEY,-1.0,2024-07-03,-1.0
202407037658125,WEY,-1.0,2024-07-03,-1.0
202407037658135,WEY,0.0,2024-07-03,-4.0
202407037658146,WEY,-1.0,2024-07-03,2.0
202407037658162,WEY,-1.0,2024-07-03,21.0
202407047657898,WEY,-1.0,2024-07-04,4.0
202407047657902,WEY,0.0,2024-07-04,2.0
202407047657907,WEY,0.0,2024-07-04,2.0
202407047657913,WEY,-1.0,2024-07-04,-1.0
202407047657921,WEY,0.0,2024-07-04,6.0
202407047657931,WEY,-1.0,2024-07-04,
202407047657939,WEY,-1.0,2024-07-04,1.0
202407047657949,WEY,1.0,2024-07-04,3.0
202407047657957,WEY,0.0,2024-07-04,3.0
202407047657967,WEY,0.0,2024-07-04,-1.0
202407047657977,WEY,-1.0,2024-07-04,-1.0
202407047657987,WEY,0.0,2024-07-04,-2.0
202407047658004,WEY,-1.0,2024-07-04,4.0
202407047658035,WEY,-1.0,2024-07-04,3.0
202407047658045,WEY,-1.0,2024-07-04,8.0
202407047658055,WEY,1.0,2024-07-04,0.0
202407047658065,WEY,0.0,2024-07-04,1.0
202407047658075,WEY,-1.0,2024-07-04,1.0
202407047658085,WEY,-1.0,2024-07-04,3.0
202407047658095,WEY,-1.0,2024-07-04,4.0
202407047658105,WEY,-1.0,2024-07-04,2.0
202407047658115,WEY,-1.0,2024-07-04,0.0
202407047658125,WEY,-1.0,2024-07-04,-1.0
202407047658135,WEY,-1.0,2024-07-04,-1.0
202407047658146,WEY,-1.0,2024-07-04,-1.0
202407047658162,WEY,-1.0,2024-07-04,-1.0
202407057657898,WEY,-2.0,2024-07-05,-1.0
202407057657902,WEY,0.0,2024-07-05,4.0
202407057657907,WEY,2.0,2024-07-05,0.0
202407057657913,WEY,0.0,2024-07-05,1.0
202407057657921,WEY,0.0,2024-07-05,6.0
202407057657931,WEY,-1.0,2024-07-05,2.0
202407057657939,WEY,2.0,2024-07-05,0.0
202407057657949,WEY,0.0,2024-07-05,8.0
202407057657957,WEY,0.0,2024-07-05,1.0
202407057657967,WEY,0.0,2024-07-05,-1.0
202407057657977,WEY,-1.0,2024-07-05,0.0
202407057657987,WEY,-1.0,2024-07-05,-3.0
202407057658004,WEY,2.0,2024-07-05,2.0
202407057658035,WEY,16.0,2024-07-05,18.0
202407057658045,WEY,-1.0,2024-07-05,-1.0
202407057658055,WEY,-1.0,2024-07-05,12.0
202407057658065,WEY,-1.0,2024-07-05,4.0
202407057658075,WEY,-1.0,2024-07-05,0.0
202407057658085,WEY,0.0,2024-07-05,13.0
202407057658095,WEY,-1.0,2024-07-05,16.0
202407057658105,WEY,-1.0,2024-07-05,10.0
202407057658115,WEY,0.0,2024-07-05,4.0
202407057658125,WEY,0.0,2024-07-05,-3.0
202407057658135,WEY,0.0,2024-07-05,-6.0
202407057658145,WEY,0.0,2024-07-05,0.0
202407057658161,WEY,1.0,2024-07-05,1.0
202407067657901,WEY,2.0,2024-07-06,2.0
202407067657905,WEY,0.0,2024-07-06,-1.0
202407067657910,WEY,0.0,2024-07-06,1.0
202407067657916,WEY,0.0,2024-07-06,1.0
202407067657924,WEY,-1.0,2024-07-06,1.0
202407067657934,WEY,-1.0,2024-07-06,25.0
202407067657942,WEY,0.0,2024-07-06,19.0
202407067657952,WEY,-1.0,2024-07-06,3.0
202407067657960,WEY,0.0,2024-07-06,-1.0
202407067657970,WEY,0.0,2024-07-06,1.0
202407067657980,WEY,16.0,2024-07-06,29.0
202407067657990,WEY,23.0,2024-07-06,49.0
202407067658024,WEY,-1.0,2024-07-06,19.0
202407067658028,WEY,-1.0,2024-07-06,0.0
202407067658038,WEY,-1.0,2024-07-06,5.0
202407067658048,WEY,0.0,2024-07-06,-1.0
202407067658058,WEY,-1.0,2024-07-06,0.0
202407067658068,WEY,2.0,2024-07-06,14.0
202407067658078,WEY,-1.0,2024-07-06,12.0
202407067658088,WEY,0.0,2024-07-06,28.0
202407067658098,WEY,0.0,2024-07-06,3.0
202407067658108,WEY,-1.0,2024-07-06,2.0
202407067658118,WEY,-1.0,2024-07-06,11.0
202407067658128,WEY,6.0,2024-07-06,19.0
202407067658138,WEY,30.0,2024-07-06,15.0
202407067658150,WEY,-1.0,2024-07-06,0.0
202407067658166,WEY,-1.0,2024-07-06,-2.0
202407067658182,WEY,0.0,2024-07-06,-4.0
202407067658204,WEY,2.0,2024-07-06,1.0
202407068901229,WEY,0.0,2024-07-06,2.0
202407077657972,WEY,0.0,2024-07-07,1.0
202407077657992,WEY,-1.0,2024-07-07,0.0
202407077658008,WEY,0.0,2024-07-07,4.0
202407077658016,WEY,-1.0,2024-07-07,8.0
202407077658020,WEY,-1.0,2024-07-07,2.0
202407077658026,WEY,-1.0,2024-07-07,2.0
202407077658040,WEY,-1.0,2024-07-07,4.0
202407077658060,WEY,-1.0,2024-07-07,-2.0
202407077658080,WEY,-1.0,2024-07-07,-2.0
202407077658100,WEY,-1.0,2024-07-07,1.0
202407077658120,WEY,1.0,2024-07-07,-2.0
202407077658140,WEY,-1.0,2024-07-07,-3.0
202407077658156,WEY,-1.0,2024-07-07,4.0
202407077658172,WEY,-1.0,2024-07-07,-3.0
202407087657898,WEY,0.0,2024-07-08,-6.0
202407087657902,WEY,0.0,2024-07-08,-2.0
202407087657907,WEY,0.0,2024-07-08,-2.0
202407087657913,WEY,0.0,2024-07-08,-3.0
202407087657921,WEY,0.0,2024-07-08,1.0
202407087657931,WEY,-1.0,2024-07-08,-4.0
202407087657939,WEY,0.0,2024-07-08,-1.0
202407087657949,WEY,0.0,2024-07-08,0.0
202407087657957,WEY,0.0,2024-07-08,-2.0
202407087657967,WEY,1.0,2024-07-08,-2.0
202407087657977,WEY,-1.0,2024-07-08,-2.0
202407087657987,WEY,0.0,2024-07-08,0.0
202407087658004,WEY,0.0,2024-07-08,4.0
202407087658035,WEY,3.0,2024-07-08,10.0
202407087658045,WEY,-1.0,2024-07-08,-1.0
202407087658055,WEY,-1.0,2024-07-08,5.0
202407087658065,WEY,0.0,2024-07-08,12.0
202407087658075,WEY,1.0,2024-07-08,1.0
202407087658085,WEY,-1.0,2024-07-08,1.0
202407087658095,WEY,-1.0,2024-07-08,5.0
202407087658105,WEY,0.0,2024-07-08,6.0
202407087658115,WEY,-1.0,2024-07-08,1.0
202407087658125,WEY,-1.0,2024-07-08,1.0
202407087658135,WEY,-1.0,2024-07-08,3.0
202407087658146,WEY,-1.0,2024-07-08,2.0
202407087658162,WEY,-1.0,2024-07-08,1.0
202407097657898,WEY,-1.0,2024-07-09,-1.0
202407097657902,WEY,1.0,2024-07-09,-1.0
202407097657907,WEY,-1.0,2024-07-09,1.0
202407097657913,WEY,0.0,2024-07-09,-2.0
202407097657921,WEY,1.0,2024-07-09,-1.0
202407097657931,WEY,0.0,2024-07-09,3.0
202407097657939,WEY,0.0,2024-07-09,-1.0
202407097657949,WEY,0.0,2024-07-09,2.0
202407097657957,WEY,-1.0,2024-07-09,1.0
202407097657967,WEY,0.0,2024-07-09,2.0
202407097657977,WEY,0.0,2024-07-09,1.0
202407097657987,WEY,-1.0,2024-07-09,18.0
202407097658004,WEY,-1.0,2024-07-09,1.0
202407097658035,WEY,0.0,2024-07-09,12.0
202407097658045,WEY,0.0,2024-07-09,5.0
202407097658055,WEY,-1.0,2024-07-09,1.0
202407097658065,WEY,0.0,2024-07-09,1.0
202407097658075,WEY,-1.0,2024-07-09,4.0
202407097658085,WEY,-1.0,2024-07-09,0.0
202407097658095,WEY,-1.0,2024-07-09,5.0
202407097658105,WEY,-1.0,2024-07-09,6.0
202407097658115,WEY,0.0,2024-07-09,1.0
202407097658125,WEY,-1.0,2024-07-09,-1.0
202407097658135,WEY,0.0,2024-07-09,-8.0
202407097658146,WEY,-1.0,2024-07-09,11.0
202407097658162,WEY,-1.0,2024-07-09,-1.0
202407107657898,WEY,-2.0,2024-07-10,14.0
202407107657902,WEY,-2.0,2024-07-10,30.0
202407107657907,WEY,1.0,2024-07-10,1.0
202407107657913,WEY,-2.0,2024-07-10,4.0
202407107657921,WEY,-2.0,2024-07-10,-2.0
202407107657931,WEY,-1.0,2024-07-10,1.0
202407107657939,WEY,-1.0,2024-07-10,5.0
202407107657949,WEY,-1.0,2024-07-10,15.0
202407107657957,WEY,0.0,2024-07-10,3.0
202407107657967,WEY,0.0,2024-07-10,8.0
202407107657977,WEY,-1.0,2024-07-10,16.0
202407107657987,WEY,-1.0,2024-07-10,0.0
202407107658004,WEY,4.0,2024-07-10,0.0
202407107658035,WEY,8.0,2024-07-10,19.0
202407107658045,WEY,-2.0,2024-07-10,12.0
202407107658055,WEY,-1.0,2024-07-10,12.0
202407107658065,WEY,-3.0,2024-07-10,14.0
202407107658075,WEY,-3.0,2024-07-10,12.0
202407107658085,WEY,-1.0,2024-07-10,16.0
202407107658095,WEY,-1.0,2024-07-10,13.0
202407107658105,WEY,0.0,2024-07-10,2.0
202407107658115,WEY,-1.0,2024-07-10,7.0
202407107658125,WEY,0.0,2024-07-10,11.0
202407107658135,WEY,-1.0,2024-07-10,5.0
202407107658146,WEY,-1.0,2024-07-10,1.0
202407107658162,WEY,19.0,2024-07-10,11.0
202407117657898,WEY,0.0,2024-07-11,5.0
202407117657902,WEY,0.0,2024-07-11,2.0
202407117657907,WEY,0.0,2024-07-11,1.0
202407117657913,WEY,0.0,2024-07-11,-1.0
202407117657921,WEY,-1.0,2024-07-11,11.0
202407117657931,WEY,0.0,2024-07-11,8.0
202407117657939,WEY,0.0,2024-07-11,7.0
202407117657949,WEY,1.0,2024-07-11,8.0
202407117657957,WEY,0.0,2024-07-11,9.0
202407117657967,WEY,-1.0,2024-07-11,5.0
202407117657977,WEY,1.0,2024-07-11,3.0
202407117657987,WEY,-1.0,2024-07-11,0.0
202407117658004,WEY,1.0,2024-07-11,5.0
202407117658035,WEY,1.0,2024-07-11,0.0
202407117658045,WEY,-1.0,2024-07-11,7.0
202407117658055,WEY,-1.0,2024-07-11,6.0
202407117658065,WEY,-1.0,2024-07-11,1.0
202407117658075,WEY,-1.0,2024-07-11,26.0
202407117658085,WEY,-1.0,2024-07-11,14.0
202407117658095,WEY,-1.0,2024-07-11,5.0
202407117658105,WEY,-1.0,2024-07-11,10.0
202407117658115,WEY,-1.0,2024-07-11,11.0
202407117658125,WEY,-1.0,2024-07-11,17.0
202407117658135,WEY,0.0,2024-07-11,-6.0
202407117658146,WEY,-1.0,2024-07-11,4.0
202407117658162,WEY,-1.0,2024-07-11,1.0
202407127657898,WEY,-1.0,2024-07-12,0.0
202407127657902,WEY,0.0,2024-07-12,13.0
202407127657907,WEY,1.0,2024-07-12,16.0
202407127657913,WEY,0.0,2024-07-12,1.0
202407127657921,WEY,3.0,2024-07-12,9.0
202407127657931,WEY,-1.0,2024-07-12,2.0
202407127657939,WEY,0.0,2024-07-12,8.0
202407127657949,WEY,-1.0,2024-07-12,9.0
202407127657957,WEY,-1.0,2024-07-12,3.0
202407127657967,WEY,1.0,2024-07-12,5.0
202407127657977,WEY,0.0,2024-07-12,0.0
202407127657987,WEY,-1.0,2024-07-12,-3.0
202407127658004,WEY,1.0,2024-07-12,3.0
202407127658035,WEY,-1.0,2024-07-12,9.0
202407127658045,WEY,-1.0,2024-07-12,20.0
202407127658055,WEY,-1.0,2024-07-12,0.0
202407127658065,WEY,2.0,2024-07-12,1.0
202407127658075,WEY,-1.0,2024-07-12,2.0
202407127658085,WEY,-1.0,2024-07-12,12.0
202407127658095,WEY,-1.0,2024-07-12,3.0
202407127658105,WEY,0.0,2024-07-12,5.0
202407127658115,WEY,0.0,2024-07-12,7.0
202407127658125,WEY,-1.0,2024-07-12,3.0
202407127658135,WEY,0.0,2024-07-12,3.0
202407127658145,WEY,-1.0,2024-07-12,0.0
202407127658161,WEY,-1.0,2024-07-12,21.0
202407137657901,WEY,0.0,2024-07-13,4.0
202407137657905,WEY,0.0,2024-07-13,-5.0
202407137657910,WEY,-1.0,2024-07-13,-3.0
202407137657916,WEY,0.0,2024-07-13,3.0
202407137657924,WEY,-1.0,2024-07-13,0.0
202407137657934,WEY,0.0,2024-07-13,1.0
202407137657942,WEY,2.0,2024-07-13,9.0
202407137657952,WEY,1.0,2024-07-13,-5.0
202407137657960,WEY,0.0,2024-07-13,-1.0
202407137657970,WEY,0.0,2024-07-13,4.0
202407137657980,WEY,0.0,2024-07-13,-1.0
202407137657990,WEY,-1.0,2024-07-13,-3.0
202407137658024,WEY,-1.0,2024-07-13,1.0
202407137658028,WEY,0.0,2024-07-13,12.0
202407137658038,WEY,-1.0,2024-07-13,10.0
202407137658048,WEY,-1.0,2024-07-13,3.0
202407137658058,WEY,-1.0,2024-07-13,0.0
202407137658068,WEY,-1.0,2024-07-13,0.0
202407137658078,WEY,-1.0,2024-07-13,7.0
202407137658088,WEY,-1.0,2024-07-13,-1.0
202407137658098,WEY,-1.0,2024-07-13,1.0
202407137658108,WEY,-1.0,2024-07-13,-4.0
202407137658118,WEY,-1.0,2024-07-13,0.0
202407137658128,WEY,0.0,2024-07-13,0.0
202407137658138,WEY,-1.0,2024-07-13,-2.0
202407137658150,WEY,-1.0,2024-07-13,0.0
202407137658166,WEY,-1.0,2024-07-13,-1.0
202407137658182,WEY,-1.0,2024-07-13,-1.0
202407137658204,WEY,-1.0,2024-07-13,21.0
202407138901229,WEY,0.0,2024-07-13,0.0
202407147657972,WEY,-1.0,2024-07-14,18.0
202407147657992,WEY,-1.0,2024-07-14,17.0
202407147658008,WEY,-1.0,2024-07-14,1.0
202407147658016,WEY,0.0,2024-07-14,-3.0
202407147658020,WEY,-1.0,2024-07-14,4.0
202407147658026,WEY,-1.0,2024-07-14,-2.0
202407147658040,WEY,-1.0,2024-07-14,-2.0
202407147658060,WEY,1.0,2024-07-14,-3.0
202407147658080,WEY,0.0,2024-07-14,-1.0
202407147658100,WEY,0.0,2024-07-14,-3.0
202407147658120,WEY,-1.0,2024-07-14,-4.0
202407147658140,WEY,0.0,2024-07-14,-3.0
202407147658156,WEY,-1.0,2024-07-14,-1281.0
202407147658172,WEY,-1.0,2024-07-14,118.0
202407157657898,WEY,0.0,2024-07-15,1.0
202407157657902,WEY,0.0,2024-07-15,4.0
202407157657907,WEY,0.0,2024-07-15,2.0
202407157657913,WEY,0.0,2024-07-15,1.0
202407157657921,WEY,0.0,2024-07-15,2.0
202407157657931,WEY,0.0,2024-07-15,4.0
202407157657939,WEY,0.0,2024-07-15,4.0
202407157657949,WEY,0.0,2024-07-15,2.0
202407157657957,WEY,-1.0,2024-07-15,12.0
202407157657967,WEY,0.0,2024-07-15,2.0
202407157657977,WEY,-1.0,2024-07-15,-1.0
202407157657987,WEY,3.0,2024-07-15,-1.0
202407157658004,WEY,-1.0,2024-07-15,1.0
202407157658035,WEY,0.0,2024-07-15,1.0
202407157658045,WEY,-1.0,2024-07-15,0.0
202407157658055,WEY,-1.0,2024-07-15,0.0
202407157658065,WEY,-1.0,2024-07-15,1.0
202407157658075,WEY,-1.0,2024-07-15,-1.0
202407157658085,WEY,-1.0,2024-07-15,1.0
202407157658095,WEY,8.0,2024-07-15,1.0
202407157658105,WEY,0.0,2024-07-15,8.0
202407157658115,WEY,-1.0,2024-07-15,6.0
202407157658125,WEY,-1.0,2024-07-15,-2.0
202407157658135,WEY,0.0,2024-07-15,-8.0
202407157658146,WEY,-1.0,2024-07-15,-2.0
202407157658162,WEY,-1.0,2024-07-15,-2.0
202407167657898,WEY,0.0,2024-07-16,-2.0
202407167657902,WEY,-1.0,2024-07-16,1.0
202407167657907,WEY,-1.0,2024-07-16,-3.0
202407167657913,WEY,0.0,2024-07-16,0.0
202407167657921,WEY,0.0,2024-07-16,1.0
202407167657931,WEY,0.0,2024-07-16,4.0
202407167657939,WEY,-1.0,2024-07-16,0.0
202407167657949,WEY,0.0,2024-07-16,8.0
202407167657957,WEY,0.0,2024-07-16,4.0
202407167657967,WEY,-1.0,2024-07-16,-2.0
202407167657977,WEY,0.0,2024-07-16,3.0
202407167657987,WEY,5.0,2024-07-16,0.0
202407167658004,WEY,1.0,2024-07-16,6.0
202407167658035,WEY,-1.0,2024-07-16,0.0
202407167658045,WEY,-1.0,2024-07-16,0.0
202407167658055,WEY,0.0,2024-07-16,-1.0
202407167658065,WEY,0.0,2024-07-16,1.0
202407167658075,WEY,-1.0,2024-07-16,9.0
202407167658085,WEY,0.0,2024-07-16,1.0
202407167658095,WEY,-1.0,2024-07-16,0.0
202407167658105,WEY,-1.0,2024-07-16,7.0
202407167658115,WEY,-1.0,2024-07-16,9.0
202407167658125,WEY,-1.0,2024-07-16,17.0
202407167658135,WEY,-1.0,2024-07-16,-5.0
202407167658146,WEY,-1.0,2024-07-16,-2.0
202407167658162,WEY,0.0,2024-07-16,-1.0
202407177657898,WEY,-1.0,2024-07-17,-3.0
202407177657902,WEY,0.0,2024-07-17,2.0
202407177657907,WEY,0.0,2024-07-17,-1.0
202407177657913,WEY,0.0,2024-07-17,0.0
202407177657921,WEY,0.0,2024-07-17,3.0
202407177657931,WEY,-1.0,2024-07-17,0.0
202407177657939,WEY,0.0,2024-07-17,-1.0
202407177657949,WEY,0.0,2024-07-17,1.0
202407177657957,WEY,0.0,2024-07-17,4.0
202407177657967,WEY,-1.0,2024-07-17,0.0
202407177657977,WEY,3.0,2024-07-17,-1.0
202407177657987,WEY,-1.0,2024-07-17,-1.0
202407177658004,WEY,-1.0,2024-07-17,1.0
202407177658035,WEY,-1.0,2024-07-17,2.0
202407177658045,WEY,-2.0,2024-07-17,1.0
202407177658055,WEY,-1.0,2024-07-17,0.0
202407177658065,WEY,-1.0,2024-07-17,2.0
202407177658075,WEY,-1.0,2024-07-17,-1.0
202407177658085,WEY,0.0,2024-07-17,11.0
202407177658095,WEY,-1.0,2024-07-17,2.0
202407177658105,WEY,0.0,2024-07-17,3.0
202407177658115,WEY,-1.0,2024-07-17,2.0
202407177658125,WEY,-1.0,2024-07-17,4.0
202407177658135,WEY,0.0,2024-07-17,-9.0
202407177658146,WEY,-1.0,2024-07-17,-2.0
202407177658162,WEY,-1.0,2024-07-17,0.0
202407187657898,WEY,0.0,2024-07-18,-1.0
202407187657902,WEY,-1.0,2024-07-18,-1.0
202407187657907,WEY,2.0,2024-07-18,0.0
202407187657913,WEY,4.0,2024-07-18,-2.0
202407187657921,WEY,-1.0,2024-07-18,6.0
202407187657931,WEY,-1.0,2024-07-18,3.0
202407187657939,WEY,-1.0,2024-07-18,-1.0
202407187657949,WEY,-1.0,2024-07-18,3.0
202407187657957,WEY,0.0,2024-07-18,-1.0
202407187657967,WEY,1.0,2024-07-18,4.0
202407187657977,WEY,-1.0,2024-07-18,1.0
202407187657987,WEY,-1.0,2024-07-18,-2.0
202407187658004,WEY,-1.0,2024-07-18,1.0
202407187658035,WEY,-1.0,2024-07-18,1.0
202407187658045,WEY,-1.0,2024-07-18,13.0
202407187658055,WEY,-1.0,2024-07-18,5.0
202407187658065,WEY,-1.0,2024-07-18,1.0
202407187658075,WEY,0.0,2024-07-18,1.0
202407187658085,WEY,-1.0,2024-07-18,2.0
202407187658095,WEY,-1.0,2024-07-18,2.0
202407187658105,WEY,-1.0,2024-07-18,-1.0
202407187658115,WEY,-1.0,2024-07-18,3.0
202407187658125,WEY,-1.0,2024-07-18,10.0
202407187658135,WEY,-1.0,2024-07-18,-7.0
202407187658146,WEY,-1.0,2024-07-18,-2.0
202407187658162,WEY,-1.0,2024-07-18,1.0
202407197657898,WEY,-1.0,2024-07-19,-2.0
202407197657902,WEY,-1.0,2024-07-19,20.0
202407197657907,WEY,0.0,2024-07-19,6.0
202407197657913,WEY,1.0,2024-07-19,-4.0
202407197657921,WEY,0.0,2024-07-19,-4.0
202407197657931,WEY,0.0,2024-07-19,1.0
202407197657939,WEY,0.0,2024-07-19,5.0
202407197657949,WEY,-1.0,2024-07-19,4.0
202407197657957,WEY,0.0,2024-07-19,16.0
202407197657967,WEY,0.0,2024-07-19,3.0
202407197657977,WEY,1.0,2024-07-19,13.0
202407197657987,WEY,-1.0,2024-07-19,19.0
202407197658004,WEY,1.0,2024-07-19,26.0
202407197658035,WEY,-1.0,2024-07-19,9.0
202407197658045,WEY,-1.0,2024-07-19,3.0
202407197658055,WEY,-1.0,2024-07-19,7.0
202407197658065,WEY,-1.0,2024-07-19,1.0
202407197658075,WEY,-1.0,2024-07-19,3.0
202407197658085,WEY,-1.0,2024-07-19,0.0
202407197658095,WEY,-1.0,2024-07-19,0.0
202407197658105,WEY,-1.0,2024-07-19,4.0
202407197658115,WEY,0.0,2024-07-19,4.0
202407197658125,WEY,-1.0,2024-07-19,7.0
202407197658135,WEY,5.0,2024-07-19,-7.0
202407197658145,WEY,-1.0,2024-07-19,1.0
202407197658161,WEY,-1.0,2024-07-19,0.0
202407207657901,WEY,-1.0,2024-07-20,31.0
202407207657905,WEY,-1.0,2024-07-20,9.0
202407207657910,WEY,0.0,2024-07-20,2.0
202407207657916,WEY,0.0,2024-07-20,-1.0
202407207657924,WEY,13.0,2024-07-20,10.0
202407207657934,WEY,0.0,2024-07-20,-4.0
202407207657942,WEY,-1.0,2024-07-20,0.0
202407207657952,WEY,-1.0,2024-07-20,0.0
202407207657960,WEY,1.0,2024-07-20,3.0
202407207657970,WEY,0.0,2024-07-20,2.0
202407207657980,WEY,1.0,2024-07-20,7.0
202407207657990,WEY,0.0,2024-07-20,-1.0
202407207658024,WEY,0.0,2024-07-20,-1.0
202407207658028,WEY,0.0,2024-07-20,16.0
202407207658038,WEY,0.0,2024-07-20,4.0
202407207658048,WEY,-1.0,2024-07-20,3.0
202407207658058,WEY,-1.0,2024-07-20,12.0
202407207658068,WEY,-1.0,2024-07-20,6.0
202407207658078,WEY,13.0,2024-07-20,11.0
202407207658088,WEY,-1.0,2024-07-20,0.0
202407207658098,WEY,2.0,2024-07-20,2.0
202407207658108,WEY,-1.0,2024-07-20,-1.0
202407207658118,WEY,2.0,2024-07-20,7.0
202407207658128,WEY,0.0,2024-07-20,7.0
202407207658138,WEY,-1.0,2024-07-20,-5.0
202407207658150,WEY,-1.0,2024-07-20,-1.0
202407207658166,WEY,-1.0,2024-07-20,4.0
202407207658182,WEY,0.0,2024-07-20,0.0
202407207658204,WEY,-1.0,2024-07-20,-1.0
202407208901229,WEY,0.0,2024-07-20,-2.0
202407217657972,WEY,-1.0,2024-07-21,0.0
202407217657992,WEY,-1.0,2024-07-21,-1.0
202407217658008,WEY,0.0,2024-07-21,-1.0
202407217658016,WEY,-1.0,2024-07-21,-2.0
202407217658020,WEY,-1.0,2024-07-21,2.0
202407217658026,WEY,-1.0,2024-07-21,0.0
202407217658040,WEY,0.0,2024-07-21,-1.0
202407217658060,WEY,-1.0,2024-07-21,-1.0
202407217658080,WEY,-1.0,2024-07-21,4.0
202407217658100,WEY,-1.0,2024-07-21,-3.0
202407217658120,WEY,0.0,2024-07-21,-2.0
202407217658140,WEY,-1.0,2024-07-21,-2.0
202407217658156,WEY,-1.0,2024-07-21,-3.0
202407217658172,WEY,-1.0,2024-07-21,-2.0
202407227657898,WEY,-1.0,2024-07-22,-1.0
202407227657902,WEY,0.0,2024-07-22,0.0
202407227657907,WEY,2.0,2024-07-22,-2.0
202407227657913,WEY,0.0,2024-07-22,-4.0
202407227657921,WEY,-1.0,2024-07-22,
202407227657931,WEY,1.0,2024-07-22,
202407227657939,WEY,0.0,2024-07-22,39.0
202407227657949,WEY,0.0,2024-07-22,16.0
202407227657957,WEY,1.0,2024-07-22,13.0
202407227657967,WEY,0.0,2024-07-22,-2.0
202407227657977,WEY,5.0,2024-07-22,18.0
202407227657987,WEY,49.0,2024-07-22,27.0
202407227658004,WEY,0.0,2024-07-22,14.0
202407227658035,WEY,10.0,2024-07-22,11.0
202407227658045,WEY,-1.0,2024-07-22,2.0
202407227658055,WEY,-1.0,2024-07-22,0.0
202407227658065,WEY,-1.0,2024-07-22,-1.0
202407227658075,WEY,-1.0,2024-07-22,
202407227658085,WEY,-1.0,2024-07-22,
202407227658095,WEY,-1.0,2024-07-22,43.0
202407227658105,WEY,0.0,2024-07-22,7.0
202407227658115,WEY,-1.0,2024-07-22,5.0
202407227658125,WEY,33.0,2024-07-22,44.0
202407227658135,WEY,61.0,2024-07-22,
202407227658146,WEY,,2024-07-22,
202407227658162,WEY,2.0,2024-07-22,-1.0
202407237657898,WEY,0.0,2024-07-23,3.0
202407237657902,WEY,0.0,2024-07-23,1.0
202407237657907,WEY,1.0,2024-07-23,0.0
202407237657913,WEY,0.0,2024-07-23,-3.0
202407237657921,WEY,1.0,2024-07-23,1.0
202407237657931,WEY,0.0,2024-07-23,-1.0
202407237657939,WEY,0.0,2024-07-23,-1.0
202407237657949,WEY,0.0,2024-07-23,-1.0
202407237657957,WEY,0.0,2024-07-23,-3.0
202407237657967,WEY,0.0,2024-07-23,1.0
202407237657977,WEY,3.0,2024-07-23,-3.0
202407237657987,WEY,0.0,2024-07-23,0.0
202407237658004,WEY,-1.0,2024-07-23,0.0
202407237658035,WEY,-1.0,2024-07-23,2.0
202407237658045,WEY,-1.0,2024-07-23,0.0
202407237658055,WEY,-1.0,2024-07-23,1.0
202407237658065,WEY,-1.0,2024-07-23,-1.0
202407237658075,WEY,-1.0,2024-07-23,4.0
202407237658085,WEY,-1.0,2024-07-23,0.0
202407237658095,WEY,-1.0,2024-07-23,0.0
202407237658105,WEY,-1.0,2024-07-23,1.0
202407237658115,WEY,0.0,2024-07-23,9.0
202407237658125,WEY,-1.0,2024-07-23,-1.0
202407237658135,WEY,-1.0,2024-07-23,-10.0
202407237658146,WEY,-1.0,2024-07-23,-1.0
202407237658162,WEY,-1.0,2024-07-23,-1.0
202407247657898,WEY,-1.0,2024-07-24,5.0
202407247657902,WEY,-1.0,2024-07-24,-1.0
202407247657907,WEY,0.0,2024-07-24,9.0
202407247657913,WEY,0.0,2024-07-24,8.0
202407247657921,WEY,0.0,2024-07-24,6.0
202407247657931,WEY,-1.0,2024-07-24,30.0
202407247657939,WEY,0.0,2024-07-24,4.0
202407247657949,WEY,0.0,2024-07-24,5.0
202407247657957,WEY,-1.0,2024-07-24,9.0
202407247657967,WEY,-1.0,2024-07-24,-2.0
202407247657977,WEY,0.0,2024-07-24,5.0
202407247657987,WEY,-1.0,2024-07-24,-3.0
202407247658004,WEY,-1.0,2024-07-24,3.0
202407247658035,WEY,-1.0,2024-07-24,6.0
202407247658045,WEY,-1.0,2024-07-24,6.0
202407247658055,WEY,-1.0,2024-07-24,18.0
202407247658065,WEY,0.0,2024-07-24,-1.0
202407247658075,WEY,0.0,2024-07-24,6.0
202407247658085,WEY,0.0,2024-07-24,19.0
202407247658095,WEY,0.0,2024-07-24,11.0
202407247658105,WEY,-1.0,2024-07-24,2.0
202407247658115,WEY,-1.0,2024-07-24,9.0
202407247658125,WEY,-1.0,2024-07-24,6.0
202407247658135,WEY,-1.0,2024-07-24,-9.0
202407247658146,WEY,-1.0,2024-07-24,-1.0
202407247658162,WEY,-1.0,2024-07-24,-4.0
202407257657898,WEY,0.0,2024-07-25,-1.0
202407257657902,WEY,0.0,2024-07-25,2.0
202407257657907,WEY,-1.0,2024-07-25,1.0
202407257657913,WEY,1.0,2024-07-25,-3.0
202407257657921,WEY,-1.0,2024-07-25,0.0
202407257657931,WEY,0.0,2024-07-25,1.0
202407257657939,WEY,0.0,2024-07-25,0.0
202407257657949,WEY,-1.0,2024-07-25,-3.0
202407257657957,WEY,1.0,2024-07-25,-4.0
202407257657967,WEY,4.0,2024-07-25,0.0
202407257657977,WEY,-1.0,2024-07-25,-1.0
202407257657987,WEY,-1.0,2024-07-25,-3.0
202407257658004,WEY,2.0,2024-07-25,-2.0
202407257658035,WEY,-1.0,2024-07-25,0.0
202407257658045,WEY,0.0,2024-07-25,7.0
202407257658055,WEY,-1.0,2024-07-25,12.0
202407257658065,WEY,-1.0,2024-07-25,1.0
202407257658075,WEY,0.0,2024-07-25,1.0
202407257658085,WEY,-1.0,2024-07-25,1.0
202407257658095,WEY,0.0,2024-07-25,1.0
202407257658105,WEY,-1.0,2024-07-25,4.0
202407257658115,WEY,-1.0,2024-07-25,0.0
202407257658125,WEY,-1.0,2024-07-25,-1.0
202407257658135,WEY,-1.0,2024-07-25,-5.0
202407257658146,WEY,-1.0,2024-07-25,1.0
202407257658162,WEY,4.0,2024-07-25,-1.0
202407267657898,WEY,-1.0,2024-07-26,-1.0
202407267657902,WEY,0.0,2024-07-26,1.0
202407267657907,WEY,-1.0,2024-07-26,1.0
202407267657913,WEY,0.0,2024-07-26,-4.0
202407267657921,WEY,-1.0,2024-07-26,4.0
202407267657931,WEY,0.0,2024-07-26,2.0
202407267657939,WEY,0.0,2024-07-26,4.0
202407267657949,WEY,-1.0,2024-07-26,-1.0
202407267657957,WEY,0.0,2024-07-26,0.0
202407267657967,WEY,-1.0,2024-07-26,-1.0
202407267657977,WEY,-1.0,2024-07-26,-1.0
202407267657987,WEY,3.0,2024-07-26,53.0
202407267658004,WEY,-1.0,2024-07-26,25.0
202407267658035,WEY,0.0,2024-07-26,3.0
202407267658045,WEY,-1.0,2024-07-26,2.0
202407267658055,WEY,-1.0,2024-07-26,-1.0
202407267658065,WEY,-1.0,2024-07-26,0.0
202407267658075,WEY,-1.0,2024-07-26,-1.0
202407267658085,WEY,-1.0,2024-07-26,0.0
202407267658095,WEY,-1.0,2024-07-26,0.0
202407267658105,WEY,-1.0,2024-07-26,-1.0
202407267658115,WEY,-1.0,2024-07-26,-3.0
202407267658125,WEY,0.0,2024-07-26,-3.0
202407267658135,WEY,-1.0,2024-07-26,-8.0
202407267658145,WEY,0.0,2024-07-26,43.0
202407267658161,WEY,1.0,2024-07-26,2.0
202407277657901,WEY,-1.0,2024-07-27,5.0
202407277657905,WEY,0.0,2024-07-27,-1.0
202407277657910,WEY,0.0,2024-07-27,3.0
202407277657916,WEY,0.0,2024-07-27,1.0
202407277657924,WEY,-1.0,2024-07-27,1.0
202407277657934,WEY,0.0,2024-07-27,10.0
202407277657942,WEY,-1.0,2024-07-27,-3.0
202407277657952,WEY,0.0,2024-07-27,3.0
202407277657960,WEY,0.0,2024-07-27,1.0
202407277657970,WEY,-1.0,2024-07-27,-1.0
202407277657980,WEY,-1.0,2024-07-27,-1.0
202407277657990,WEY,0.0,2024-07-27,-1.0
202407277658024,WEY,-1.0,2024-07-27,1.0
202407277658028,WEY,-1.0,2024-07-27,3.0
202407277658038,WEY,-1.0,2024-07-27,3.0
202407277658048,WEY,-1.0,2024-07-27,13.0
202407277658058,WEY,-1.0,2024-07-27,9.0
202407277658068,WEY,-1.0,2024-07-27,0.0
202407277658078,WEY,-1.0,2024-07-27,
202407277658088,WEY,12.0,2024-07-27,1.0
202407277658098,WEY,2.0,2024-07-27,-1.0
202407277658108,WEY,2.0,2024-07-27,0.0
202407277658118,WEY,0.0,2024-07-27,-1.0
202407277658128,WEY,-1.0,2024-07-27,0.0
202407277658138,WEY,-1.0,2024-07-27,7.0
202407277658150,WEY,-1.0,2024-07-27,-1.0
202407277658166,WEY,-1.0,2024-07-27,0.0
202407277658182,WEY,-1.0,2024-07-27,2.0
202407277658204,WEY,-1.0,2024-07-27,3.0
202407278901229,WEY,-1.0,2024-07-27,3.0
202407287657972,WEY,-1.0,2024-07-28,12.0
202407287657992,WEY,-1.0,2024-07-28,2.0
202407287658008,WEY,-1.0,2024-07-28,-3.0
202407287658016,WEY,-1.0,2024-07-28,-2.0
202407287658020,WEY,8.0,2024-07-28,8.0
202407287658026,WEY,-1.0,2024-07-28,10.0
202407287658040,WEY,-1.0,2024-07-28,29.0
202407287658060,WEY,-1.0,2024-07-28,6.0
202407287658080,WEY,-1.0,2024-07-28,-1.0
202407287658100,WEY,0.0,2024-07-28,3.0
202407287658120,WEY,-1.0,2024-07-28,-2.0
202407287658140,WEY,-1.0,2024-07-28,-2.0
202407287658156,WEY,-1.0,2024-07-28,-3.0
202407287658172,WEY,-1.0,2024-07-28,-2.0
202407297657898,WEY,-1.0,2024-07-29,2.0
202407297657902,WEY,0.0,2024-07-29,1.0
202407297657907,WEY,0.0,2024-07-29,0.0
202407297657913,WEY,-1.0,2024-07-29,-8.0
202407297657921,WEY,-1.0,2024-07-29,-4.0
202407297657931,WEY,0.0,2024-07-29,6.0
202407297657939,WEY,0.0,2024-07-29,5.0
202407297657949,WEY,3.0,2024-07-29,-1.0
202407297657957,WEY,0.0,2024-07-29,10.0
202407297657967,WEY,0.0,2024-07-29,12.0
202407297657977,WEY,-1.0,2024-07-29,-1.0
202407297657987,WEY,0.0,2024-07-29,-2.0
202407297658004,WEY,1.0,2024-07-29,23.0
202407297658035,WEY,0.0,2024-07-29,0.0
202407297658045,WEY,-1.0,2024-07-29,3.0
202407297658055,WEY,0.0,2024-07-29,2.0
202407297658065,WEY,-1.0,2024-07-29,-2.0
202407297658075,WEY,-1.0,2024-07-29,7.0
202407297658085,WEY,-1.0,2024-07-29,1.0
202407297658095,WEY,-1.0,2024-07-29,6.0
202407297658105,WEY,15.0,2024-07-29,
202407297658115,WEY,-1.0,2024-07-29,28.0
202407297658125,WEY,-1.0,2024-07-29,3.0
202407297658135,WEY,-1.0,2024-07-29,2.0
202407297658146,WEY,-1.0,2024-07-29,3.0
202407297658162,WEY,-1.0,2024-07-29,1.0
202407307657898,WEY,-1.0,2024-07-30,-3.0
202407307657902,WEY,0.0,2024-07-30,0.0
202407307657907,WEY,0.0,2024-07-30,0.0
202407307657913,WEY,0.0,2024-07-30,3.0
202407307657921,WEY,1.0,2024-07-30,-3.0
202407307657931,WEY,1.0,2024-07-30,1.0
202407307657939,WEY,0.0,2024-07-30,16.0
202407307657949,WEY,0.0,2024-07-30,14.0
202407307657957,WEY,-1.0,2024-07-30,0.0
202407307657967,WEY,0.0,2024-07-30,20.0
202407307657977,WEY,0.0,2024-07-30,14.0
202407307657987,WEY,13.0,2024-07-30,11.0
202407307658004,WEY,0.0,2024-07-30,5.0
202407307658035,WEY,-1.0,2024-07-30,-1.0
202407307658045,WEY,-1.0,2024-07-30,3.0
202407307658055,WEY,-1.0,2024-07-30,1.0
202407307658065,WEY,0.0,2024-07-30,-1.0
202407307658075,WEY,-1.0,2024-07-30,15.0
202407307658085,WEY,-1.0,2024-07-30,24.0
202407307658095,WEY,0.0,2024-07-30,8.0
202407307658105,WEY,-1.0,2024-07-30,8.0
202407307658115,WEY,2.0,2024-07-30,30.0
202407307658125,WEY,-1.0,2024-07-30,15.0
202407307658135,WEY,1.0,2024-07-30,-4.0
202407307658146,WEY,0.0,2024-07-30,23.0
202407307658162,WEY,8.0,2024-07-30,0.0
202407317657898,WEY,0.0,2024-07-31,1.0
202407317657902,WEY,-1.0,2024-07-31,8.0
202407317657907,WEY,0.0,2024-07-31,1.0
202407317657913,WEY,0.0,2024-07-31,16.0
202407317657921,WEY,0.0,2024-07-31,12.0
202407317657931,WEY,0.0,2024-07-31,-2.0
202407317657939,WEY,1.0,2024-07-31,-1.0
202407317657949,WEY,0.0,2024-07-31,2.0
202407317657957,WEY,0.0,2024-07-31,-4.0
202407317657967,WEY,0.0,2024-07-31,-2.0
202407317657977,WEY,0.0,2024-07-31,3.0
202407317657987,WEY,0.0,2024-07-31,0.0
202407317658004,WEY,-1.0,2024-07-31,4.0
202407317658035,WEY,-1.0,2024-07-31,12.0
202407317658045,WEY,-1.0,2024-07-31,3.0
202407317658055,WEY,0.0,2024-07-31,4.0
202407317658065,WEY,-1.0,2024-07-31,0.0
202407317658075,WEY,-1.0,2024-07-31,16.0
202407317658085,WEY,0.0,2024-07-31,9.0
202407317658095,WEY,-1.0,2024-07-31,10.0
202407317658105,WEY,-1.0,2024-07-31,3.0
202407317658115,WEY,-1.0,2024-07-31,13.0
202407317658125,WEY,-1.0,2024-07-31,9.0
202407317658135,WEY,0.0,2024-07-31,-5.0
202407317658146,WEY,-1.0,2024-07-31,9.0
202407317658162,WEY,0.0,2024-07-31,6.0
202408017657898,WEY,-1.0,2024-08-01,-2.0
202408017657902,WEY,0.0,2024-08-01,2.0
202408017657907,WEY,0.0,2024-08-01,10.0
202408017657913,WEY,0.0,2024-08-01,-1.0
202408017657921,WEY,0.0,2024-08-01,6.0
202408017657931,WEY,-1.0,2024-08-01,-1.0
202408017657939,WEY,-1.0,2024-08-01,2.0
202408017657949,WEY,0.0,2024-08-01,24.0
202408017657957,WEY,0.0,2024-08-01,64.0
202408017657967,WEY,-1.0,2024-08-01,
202408017657977,WEY,2.0,2024-08-01,47.0
202408017657987,WEY,0.0,2024-08-01,
202408017658004,WEY,-1.0,2024-08-01,
202408017658035,WEY,-1.0,2024-08-01,7.0
202408017658045,WEY,-1.0,2024-08-01,15.0
202408017658055,WEY,-1.0,2024-08-01,0.0
202408017658065,WEY,-1.0,2024-08-01,23.0
202408017658075,WEY,1.0,2024-08-01,6.0
202408017658085,WEY,-1.0,2024-08-01,0.0
202408017658095,WEY,-1.0,2024-08-01,3.0
202408017658105,WEY,-1.0,2024-08-01,37.0
202408017658115,WEY,-1.0,2024-08-01,
202408017658125,WEY,-1.0,2024-08-01,
202408017658135,WEY,-1.0,2024-08-01,61.0
202408017658146,WEY,-1.0,2024-08-01,
202408017658162,WEY,17.0,2024-08-01,
202408027657898,WEY,-1.0,2024-08-02,11.0
202408027657902,WEY,0.0,2024-08-02,23.0
202408027657907,WEY,-1.0,2024-08-02,16.0
202408027657913,WEY,0.0,2024-08-02,9.0
202408027657921,WEY,2.0,2024-08-02,-5.0
202408027657931,WEY,-1.0,2024-08-02,-7.0
202408027657939,WEY,0.0,2024-08-02,0.0
202408027657949,WEY,0.0,2024-08-02,10.0
202408027657957,WEY,-1.0,2024-08-02,14.0
202408027657967,WEY,0.0,2024-08-02,6.0
202408027657977,WEY,0.0,2024-08-02,-2.0
202408027657987,WEY,-1.0,2024-08-02,-2.0
202408027658004,WEY,2.0,2024-08-02,1.0
202408027658035,WEY,-1.0,2024-08-02,13.0
202408027658045,WEY,0.0,2024-08-02,18.0
202408027658055,WEY,-1.0,2024-08-02,3.0
202408027658065,WEY,-1.0,2024-08-02,2.0
202408027658075,WEY,-1.0,2024-08-02,0.0
202408027658085,WEY,-1.0,2024-08-02,15.0
202408027658095,WEY,-1.0,2024-08-02,12.0
202408027658105,WEY,-1.0,2024-08-02,1.0
202408027658115,WEY,-1.0,2024-08-02,0.0
202408027658125,WEY,-1.0,2024-08-02,0.0
202408027658135,WEY,-1.0,2024-08-02,-7.0
202408027658145,WEY,0.0,2024-08-02,0.0
202408027658161,WEY,-1.0,2024-08-02,0.0
202408037657901,WEY,-1.0,2024-08-03,-3.0
202408037657905,WEY,0.0,2024-08-03,-1.0
202408037657910,WEY,0.0,2024-08-03,22.0
202408037657916,WEY,-1.0,2024-08-03,2.0
202408037657924,WEY,-1.0,2024-08-03,27.0
202408037657934,WEY,0.0,2024-08-03,32.0
202408037657942,WEY,0.0,2024-08-03,-2.0
202408037657952,WEY,1.0,2024-08-03,-1.0
202408037657960,WEY,0.0,2024-08-03,1.0
202408037657970,WEY,-1.0,2024-08-03,-1.0
202408037657980,WEY,0.0,2024-08-03,0.0
202408037657990,WEY,0.0,2024-08-03,-1.0
202408037658024,WEY,-1.0,2024-08-03,-1.0
202408037658028,WEY,-1.0,2024-08-03,0.0
202408037658038,WEY,4.0,2024-08-03,1.0
202408037658048,WEY,-1.0,2024-08-03,-5.0
202408037658058,WEY,-1.0,2024-08-03,7.0
202408037658068,WEY,-1.0,2024-08-03,0.0
202408037658078,WEY,-1.0,2024-08-03,14.0
202408037658088,WEY,-1.0,2024-08-03,14.0
202408037658098,WEY,4.0,2024-08-03,
202408037658108,WEY,1.0,2024-08-03,0.0
202408037658118,WEY,-1.0,2024-08-03,11.0
202408037658128,WEY,-1.0,2024-08-03,-1.0
202408037658138,WEY,-1.0,2024-08-03,-1.0
202408037658150,WEY,0.0,2024-08-03,-1.0
202408037658166,WEY,-1.0,2024-08-03,-1.0
202408037658182,WEY,-1.0,2024-08-03,-2.0
202408037658204,WEY,-1.0,2024-08-03,1.0
202408038901229,WEY,-1.0,2024-08-03,-2.0
202408047657972,WEY,-1.0,2024-08-04,
202408047657992,WEY,-1.0,2024-08-04,32.0
202408047658008,WEY,-1.0,2024-08-04,-4.0
202408047658016,WEY,0.0,2024-08-04,11.0
202408047658020,WEY,-1.0,2024-08-04,
202408047658026,WEY,-1.0,2024-08-04,-3.0
202408047658040,WEY,-1.0,2024-08-04,-2.0
202408047658060,WEY,-1.0,2024-08-04,5.0
202408047658080,WEY,-1.0,2024-08-04,-1.0
202408047658100,WEY,-1.0,2024-08-04,-3.0
202408047658120,WEY,-1.0,2024-08-04,4.0
202408047658140,WEY,-1.0,2024-08-04,-2.0
202408047658156,WEY,-1.0,2024-08-04,-2.0
202408047658172,WEY,0.0,2024-08-04,-5.0
202408057657898,WEY,-1.0,2024-08-05,-2.0
202408057657902,WEY,-1.0,2024-08-05,1.0
202408057657907,WEY,-1.0,2024-08-05,2.0
202408057657913,WEY,0.0,2024-08-05,-1.0
202408057657921,WEY,16.0,2024-08-05,21.0
202408057657931,WEY,1.0,2024-08-05,8.0
202408057657939,WEY,1.0,2024-08-05,-1.0
202408057657949,WEY,0.0,2024-08-05,0.0
202408057657957,WEY,-1.0,2024-08-05,-2.0
202408057657967,WEY,0.0,2024-08-05,1.0
202408057657977,WEY,-1.0,2024-08-05,-3.0
202408057657987,WEY,-1.0,2024-08-05,-3.0
202408057658004,WEY,-1.0,2024-08-05,-1.0
202408057658035,WEY,-1.0,2024-08-05,1.0
202408057658045,WEY,-1.0,2024-08-05,1.0
202408057658055,WEY,-1.0,2024-08-05,-2.0
202408057658065,WEY,-1.0,2024-08-05,5.0
202408057658075,WEY,13.0,2024-08-05,25.0
202408057658085,WEY,0.0,2024-08-05,1.0
202408057658095,WEY,-1.0,2024-08-05,4.0
202408057658105,WEY,-1.0,2024-08-05,2.0
202408057658115,WEY,-1.0,2024-08-05,0.0
202408057658125,WEY,-1.0,2024-08-05,0.0
202408057658135,WEY,-1.0,2024-08-05,-5.0
202408057658146,WEY,0.0,2024-08-05,0.0
202408057658162,WEY,3.0,2024-08-05,2.0
202408067657898,WEY,-1.0,2024-08-06,1.0
202408067657902,WEY,-1.0,2024-08-06,1.0
202408067657907,WEY,20.0,2024-08-06,26.0
202408067657913,WEY,0.0,2024-08-06,-3.0
202408067657921,WEY,-1.0,2024-08-06,-5.0
202408067657931,WEY,-1.0,2024-08-06,-1.0
202408067657939,WEY,-1.0,2024-08-06,-4.0
202408067657949,WEY,0.0,2024-08-06,0.0
202408067657957,WEY,0.0,2024-08-06,-3.0
202408067657967,WEY,-1.0,2024-08-06,-2.0
202408067657977,WEY,0.0,2024-08-06,0.0
202408067657987,WEY,0.0,2024-08-06,-2.0
202408067658004,WEY,1.0,2024-08-06,2.0
202408067658035,WEY,-1.0,2024-08-06,0.0
202408067658045,WEY,-1.0,2024-08-06,10.0
202408067658055,WEY,6.0,2024-08-06,12.0
202408067658065,WEY,-1.0,2024-08-06,13.0
202408067658075,WEY,-1.0,2024-08-06,7.0
202408067658085,WEY,-1.0,2024-08-06,-1.0
202408067658095,WEY,0.0,2024-08-06,1.0
202408067658105,WEY,-1.0,2024-08-06,-1.0
202408067658115,WEY,2.0,2024-08-06,0.0
202408067658125,WEY,-1.0,2024-08-06,-1.0
202408067658135,WEY,-1.0,2024-08-06,-1.0
202408067658146,WEY,-1.0,2024-08-06,0.0
202408067658162,WEY,-1.0,2024-08-06,-2.0
202408077657898,WEY,-1.0,2024-08-07,-2.0
202408077657902,WEY,-1.0,2024-08-07,0.0
202408077657907,WEY,-1.0,2024-08-07,1.0
202408077657913,WEY,-1.0,2024-08-07,0.0
202408077657921,WEY,1.0,2024-08-07,13.0
202408077657931,WEY,1.0,2024-08-07,6.0
202408077657939,WEY,-1.0,2024-08-07,12.0
202408077657949,WEY,3.0,2024-08-07,-4.0
202408077657957,WEY,-1.0,2024-08-07,1.0
202408077657967,WEY,-1.0,2024-08-07,-1.0
202408077657977,WEY,-1.0,2024-08-07,11.0
202408077657987,WEY,8.0,2024-08-07,-3.0
202408077658004,WEY,0.0,2024-08-07,-2.0
202408077658035,WEY,-1.0,2024-08-07,0.0
202408077658045,WEY,-1.0,2024-08-07,3.0
202408077658055,WEY,-1.0,2024-08-07,2.0
202408077658065,WEY,-1.0,2024-08-07,3.0
202408077658075,WEY,-1.0,2024-08-07,1.0
202408077658085,WEY,-1.0,2024-08-07,-1.0
202408077658095,WEY,0.0,2024-08-07,3.0
202408077658105,WEY,-1.0,2024-08-07,-1.0
202408077658115,WEY,-1.0,2024-08-07,-1.0
202408077658125,WEY,-1.0,2024-08-07,-1.0
202408077658135,WEY,-1.0,2024-08-07,-7.0
202408077658146,WEY,-1.0,2024-08-07,-1.0
202408077658162,WEY,-1.0,2024-08-07,-1.0
202408087657898,WEY,-1.0,2024-08-08,7.0
202408087657902,WEY,-1.0,2024-08-08,0.0
202408087657907,WEY,-1.0,2024-08-08,-1.0
202408087657913,WEY,-1.0,2024-08-08,-3.0
202408087657921,WEY,-1.0,2024-08-08,-2.0
202408087657931,WEY,0.0,2024-08-08,-2.0
202408087657949,WEY,-1.0,2024-08-08,
202408087657957,WEY,28.0,2024-08-08,21.0
202408087657967,WEY,2.0,2024-08-08,0.0
202408087657977,WEY,1.0,2024-08-08,-1.0
202408087657987,WEY,-1.0,2024-08-08,-3.0
202408087658004,WEY,1.0,2024-08-08,-1.0
202408087658035,WEY,-1.0,2024-08-08,1.0
202408087658045,WEY,-1.0,2024-08-08,5.0
202408087658055,WEY,0.0,2024-08-08,0.0
202408087658065,WEY,-1.0,2024-08-08,3.0
202408087658075,WEY,-1.0,2024-08-08,3.0
202408087658085,WEY,-1.0,2024-08-08,3.0
202408087658095,WEY,-1.0,2024-08-08,
202408087658105,WEY,-2.0,2024-08-08,4.0
202408087658115,WEY,12.0,2024-08-08,21.0
202408087658125,WEY,-1.0,2024-08-08,6.0
202408087658135,WEY,-1.0,2024-08-08,-7.0
202408087658146,WEY,0.0,2024-08-08,-1.0
202408087658162,WEY,-1.0,2024-08-08,12.0
202408097657898,WEY,0.0,2024-08-09,-4.0
202408097657902,WEY,0.0,2024-08-09,0.0
202408097657907,WEY,1.0,2024-08-09,1.0
202408097657913,WEY,0.0,2024-08-09,4.0
202408097657921,WEY,-1.0,2024-08-09,8.0
202408097657931,WEY,-1.0,2024-08-09,-1.0
202408097657939,WEY,0.0,2024-08-09,5.0
202408097657949,WEY,-1.0,2024-08-09,-1.0
202408097657957,WEY,0.0,2024-08-09,8.0
202408097657967,WEY,-1.0,2024-08-09,3.0
202408097657977,WEY,0.0,2024-08-09,-1.0
202408097657987,WEY,0.0,2024-08-09,-1.0
202408097658004,WEY,1.0,2024-08-09,-1.0
202408097658035,WEY,-1.0,2024-08-09,-2.0
202408097658045,WEY,-1.0,2024-08-09,3.0
202408097658055,WEY,-1.0,2024-08-09,-1.0
202408097658065,WEY,-1.0,2024-08-09,20.0
202408097658075,WEY,0.0,2024-08-09,1.0
202408097658085,WEY,-1.0,2024-08-09,0.0
202408097658095,WEY,0.0,2024-08-09,1.0
202408097658105,WEY,-1.0,2024-08-09,12.0
202408097658115,WEY,-1.0,2024-08-09,4.0
202408097658125,WEY,-1.0,2024-08-09,4.0
202408097658135,WEY,0.0,2024-08-09,-5.0
202408097658145,WEY,0.0,2024-08-09,1.0
202408097658161,WEY,-1.0,2024-08-09,-1.0
202408107657901,WEY,-1.0,2024-08-10,-5.0
202408107657905,WEY,0.0,2024-08-10,-3.0
202408107657910,WEY,0.0,2024-08-10,-2.0
202408107657916,WEY,1.0,2024-08-10,0.0
202408107657924,WEY,-1.0,2024-08-10,-6.0
202408107657934,WEY,0.0,2024-08-10,-2.0
202408107657942,WEY,0.0,2024-08-10,-1.0
202408107657952,WEY,-1.0,2024-08-10,-2.0
202408107657960,WEY,-1.0,2024-08-10,-4.0
202408107657970,WEY,-1.0,2024-08-10,0.0
202408107657980,WEY,-1.0,2024-08-10,-1.0
202408107657990,WEY,-1.0,2024-08-10,-1.0
202408107658024,WEY,-1.0,2024-08-10,8.0
202408107658028,WEY,-1.0,2024-08-10,2.0
202408107658038,WEY,-1.0,2024-08-10,18.0
202408107658048,WEY,-1.0,2024-08-10,0.0
202408107658058,WEY,-1.0,2024-08-10,13.0
202408107658068,WEY,-1.0,2024-08-10,3.0
202408107658078,WEY,-1.0,2024-08-10,21.0
202408107658088,WEY,-1.0,2024-08-10,6.0
202408107658098,WEY,1.0,2024-08-10,0.0
202408107658108,WEY,-1.0,2024-08-10,12.0
202408107658118,WEY,-1.0,2024-08-10,4.0
202408107658128,WEY,-1.0,2024-08-10,-1.0
202408107658138,WEY,7.0,2024-08-10,-1.0
202408107658150,WEY,-1.0,2024-08-10,3.0
202408107658166,WEY,-1.0,2024-08-10,19.0
202408107658182,WEY,-1.0,2024-08-10,2.0
202408107658204,WEY,-1.0,2024-08-10,2.0
202408108901229,WEY,0.0,2024-08-10,-1.0
202408117657972,WEY,-1.0,2024-08-11,4.0
202408117657992,WEY,-1.0,2024-08-11,-1.0
202408117658008,WEY,-1.0,2024-08-11,-2.0
202408117658016,WEY,0.0,2024-08-11,11.0
202408117658020,WEY,1.0,2024-08-11,-2.0
202408117658026,WEY,-1.0,2024-08-11,-2.0
202408117658040,WEY,-1.0,2024-08-11,-3.0
202408117658060,WEY,-1.0,2024-08-11,4.0
202408117658080,WEY,-1.0,2024-08-11,-1.0
202408117658100,WEY,-1.0,2024-08-11,10.0
202408117658120,WEY,-1.0,2024-08-11,1.0
202408117658140,WEY,-1.0,2024-08-11,10.0
202408117658156,WEY,-1.0,2024-08-11,14.0
202408117658172,WEY,24.0,2024-08-11,76.0
202408127657898,WEY,-1.0,2024-08-12,0.0
202408127657902,WEY,0.0,2024-08-12,19.0
202408127657907,WEY,0.0,2024-08-12,8.0
202408127657913,WEY,0.0,2024-08-12,12.0
202408127657921,WEY,1.0,2024-08-12,6.0
202408127657931,WEY,0.0,2024-08-12,11.0
202408127657939,WEY,0.0,2024-08-12,5.0
202408127657949,WEY,-1.0,2024-08-12,7.0
202408127657957,WEY,0.0,2024-08-12,9.0
202408127657967,WEY,0.0,2024-08-12,20.0
202408127657977,WEY,1.0,2024-08-12,5.0
202408127657987,WEY,12.0,2024-08-12,2.0
202408127658004,WEY,0.0,2024-08-12,31.0
202408127658035,WEY,-1.0,2024-08-12,10.0
202408127658045,WEY,-1.0,2024-08-12,21.0
202408127658055,WEY,0.0,2024-08-12,24.0
202408127658065,WEY,-1.0,2024-08-12,9.0
202408127658075,WEY,-2.0,2024-08-12,23.0
202408127658085,WEY,-1.0,2024-08-12,13.0
202408127658095,WEY,3.0,2024-08-12,10.0
202408127658105,WEY,0.0,2024-08-12,1.0
202408127658115,WEY,19.0,2024-08-12,26.0
202408127658125,WEY,3.0,2024-08-12,19.0
202408127658135,WEY,0.0,2024-08-12,-5.0
202408127658146,WEY,0.0,2024-08-12,27.0
202408127658162,WEY,0.0,2024-08-12,3.0
202408137657898,WEY,-1.0,2024-08-13,0.0
202408137657902,WEY,0.0,2024-08-13,-1.0
202408137657907,WEY,1.0,2024-08-13,-4.0
202408137657913,WEY,0.0,2024-08-13,1.0
202408137657921,WEY,0.0,2024-08-13,-1.0
202408137657931,WEY,0.0,2024-08-13,-2.0
202408137657939,WEY,0.0,2024-08-13,-1.0
202408137657949,WEY,0.0,2024-08-13,16.0
202408137657957,WEY,0.0,2024-08-13,2.0
202408137657967,WEY,0.0,2024-08-13,-1.0
202408137657977,WEY,1.0,2024-08-13,-1.0
202408137657987,WEY,0.0,2024-08-13,-1.0
202408137658004,WEY,-1.0,2024-08-13,0.0
202408137658035,WEY,0.0,2024-08-13,0.0
202408137658045,WEY,-1.0,2024-08-13,-1.0
202408137658055,WEY,0.0,2024-08-13,2.0
202408137658065,WEY,-1.0,2024-08-13,2.0
202408137658075,WEY,1.0,2024-08-13,-1.0
202408137658085,WEY,0.0,2024-08-13,-1.0
202408137658095,WEY,-1.0,2024-08-13,17.0
202408137658105,WEY,-1.0,2024-08-13,2.0
202408137658115,WEY,-1.0,2024-08-13,5.0
202408137658125,WEY,-1.0,2024-08-13,-2.0
202408137658135,WEY,0.0,2024-08-13,-9.0
202408137658146,WEY,1.0,2024-08-13,-1.0
202408137658162,WEY,-1.0,2024-08-13,-2.0
202408147657898,WEY,0.0,2024-08-14,-1.0
202408147657902,WEY,0.0,2024-08-14,2.0
202408147657907,WEY,0.0,2024-08-14,15.0
202408147657913,WEY,0.0,2024-08-14,17.0
202408147657921,WEY,17.0,2024-08-14,
202408147657931,WEY,-1.0,2024-08-14,-1.0
202408147657939,WEY,0.0,2024-08-14,4.0
202408147657949,WEY,-1.0,2024-08-14,6.0
202408147657957,WEY,0.0,2024-08-14,1.0
202408147657967,WEY,-1.0,2024-08-14,-1.0
202408147657977,WEY,-1.0,2024-08-14,-1.0
202408147657987,WEY,-1.0,2024-08-14,-3.0
202408147658004,WEY,-1.0,2024-08-14,4.0
202408147658035,WEY,-1.0,2024-08-14,1.0
202408147658045,WEY,0.0,2024-08-14,8.0
202408147658055,WEY,0.0,2024-08-14,15.0
202408147658065,WEY,-1.0,2024-08-14,
202408147658075,WEY,-2.0,2024-08-14,20.0
202408147658085,WEY,-1.0,2024-08-14,13.0
202408147658095,WEY,-1.0,2024-08-14,-1.0
202408147658105,WEY,-1.0,2024-08-14,5.0
202408147658115,WEY,-1.0,2024-08-14,0.0
202408147658125,WEY,-1.0,2024-08-14,6.0
202408147658135,WEY,-1.0,2024-08-14,-8.0
202408147658146,WEY,-1.0,2024-08-14,-2.0
202408147658162,WEY,1.0,2024-08-14,-3.0
202408157657898,WEY,-1.0,2024-08-15,-1.0
202408157657902,WEY,0.0,2024-08-15,15.0
202408157657907,WEY,0.0,2024-08-15,1.0
202408157657913,WEY,-1.0,2024-08-15,-4.0
202408157657921,WEY,0.0,2024-08-15,6.0
202408157657931,WEY,0.0,2024-08-15,12.0
202408157657939,WEY,0.0,2024-08-15,16.0
202408157657949,WEY,0.0,2024-08-15,6.0
202408157657957,WEY,-1.0,2024-08-15,10.0
202408157657967,WEY,0.0,2024-08-15,-3.0
202408157657977,WEY,1.0,2024-08-15,-4.0
202408157657987,WEY,-1.0,2024-08-15,-3.0
202408157658004,WEY,3.0,2024-08-15,4.0
202408157658035,WEY,0.0,2024-08-15,-1.0
202408157658045,WEY,0.0,2024-08-15,2.0
202408157658055,WEY,0.0,2024-08-15,0.0
202408157658065,WEY,-1.0,2024-08-15,2.0
202408157658075,WEY,-1.0,2024-08-15,2.0
202408157658085,WEY,-1.0,2024-08-15,10.0
202408157658095,WEY,-1.0,2024-08-15,1.0
202408157658105,WEY,0.0,2024-08-15,1.0
202408157658115,WEY,-1.0,2024-08-15,0.0
202408157658125,WEY,1.0,2024-08-15,-1.0
202408157658135,WEY,0.0,2024-08-15,5.0
202408157658146,WEY,1.0,2024-08-15,6.0
202408157658162,WEY,-1.0,2024-08-15,-3.0
202408167657898,WEY,0.0,2024-08-16,-1.0
202408167657902,WEY,1.0,2024-08-16,0.0
202408167657907,WEY,-1.0,2024-08-16,2.0
202408167657913,WEY,-1.0,2024-08-16,19.0
202408167657921,WEY,-1.0,2024-08-16,-2.0
202408167657931,WEY,1.0,2024-08-16,-5.0
202408167657939,WEY,1.0,2024-08-16,11.0
202408167657949,WEY,-1.0,2024-08-16,-1.0
202408167657957,WEY,1.0,2024-08-16,3.0
202408167657967,WEY,-1.0,2024-08-16,22.0
202408167657977,WEY,-1.0,2024-08-16,-1.0
202408167657987,WEY,0.0,2024-08-16,-2.0
202408167658004,WEY,-1.0,2024-08-16,3.0
202408167658035,WEY,-1.0,2024-08-16,11.0
202408167658045,WEY,-1.0,2024-08-16,1.0
202408167658055,WEY,-1.0,2024-08-16,12.0
202408167658065,WEY,-1.0,2024-08-16,0.0
202408167658075,WEY,-1.0,2024-08-16,1.0
202408167658085,WEY,0.0,2024-08-16,12.0
202408167658095,WEY,-1.0,2024-08-16,-1.0
202408167658105,WEY,-1.0,2024-08-16,-4.0
202408167658115,WEY,-1.0,2024-08-16,6.0
202408167658125,WEY,-1.0,2024-08-16,-1.0
202408167658135,WEY,-1.0,2024-08-16,0.0
202408167658145,WEY,1.0,2024-08-16,1.0
202408167658161,WEY,-1.0,2024-08-16,1.0
202408177657901,WEY,-1.0,2024-08-17,0.0
202408177657905,WEY,-1.0,2024-08-17,-6.0
202408177657910,WEY,0.0,2024-08-17,1.0
202408177657916,WEY,1.0,2024-08-17,4.0
202408177657924,WEY,0.0,2024-08-17,-3.0
202408177657934,WEY,0.0,2024-08-17,-2.0
202408177657942,WEY,-1.0,2024-08-17,-1.0
202408177657952,WEY,0.0,2024-08-17,-4.0
202408177657960,WEY,0.0,2024-08-17,0.0
202408177657970,WEY,0.0,2024-08-17,-3.0
202408177657980,WEY,0.0,2024-08-17,0.0
202408177657990,WEY,0.0,2024-08-17,
202408177658024,WEY,-1.0,2024-08-17,0.0
202408177658028,WEY,-1.0,2024-08-17,-1.0
202408177658038,WEY,-1.0,2024-08-17,3.0
202408177658048,WEY,-1.0,2024-08-17,-1.0
202408177658058,WEY,-1.0,2024-08-17,6.0
202408177658068,WEY,-1.0,2024-08-17,1.0
202408177658078,WEY,-1.0,2024-08-17,5.0
202408177658088,WEY,-1.0,2024-08-17,0.0
202408177658098,WEY,-1.0,2024-08-17,1.0
202408177658108,WEY,0.0,2024-08-17,1.0
202408177658118,WEY,-1.0,2024-08-17,9.0
202408177658128,WEY,-1.0,2024-08-17,1.0
202408177658138,WEY,-1.0,2024-08-17,2.0
202408177658150,WEY,-1.0,2024-08-17,
202408177658166,WEY,-1.0,2024-08-17,
202408177658182,WEY,-1.0,2024-08-17,
202408177658204,WEY,-1.0,2024-08-17,-1.0
202408178901229,WEY,0.0,2024-08-17,1.0
202408187657972,WEY,-1.0,2024-08-18,2.0
202408187657992,WEY,-1.0,2024-08-18,0.0
202408187658008,WEY,-1.0,2024-08-18,-1.0
202408187658016,WEY,0.0,2024-08-18,-2.0
202408187658020,WEY,0.0,2024-08-18,-3.0
202408187658026,WEY,-1.0,2024-08-18,6.0
202408187658040,WEY,3.0,2024-08-18,-2.0
202408187658060,WEY,-1.0,2024-08-18,-2.0
202408187658080,WEY,-1.0,2024-08-18,-2.0
202408187658100,WEY,-1.0,2024-08-18,6.0
202408187658120,WEY,-1.0,2024-08-18,-1.0
202408187658140,WEY,-1.0,2024-08-18,-1.0
202408187658156,WEY,-1.0,2024-08-18,-2.0
202408187658172,WEY,-1.0,2024-08-18,-4.0
202408197657898,WEY,0.0,2024-08-19,-1.0
202408197657902,WEY,0.0,2024-08-19,3.0
202408197657907,WEY,0.0,2024-08-19,1.0
202408197657913,WEY,2.0,2024-08-19,3.0
202408197657921,WEY,1.0,2024-08-19,6.0
202408197657931,WEY,0.0,2024-08-19,
202408197657939,WEY,-1.0,2024-08-19,
202408197657949,WEY,-1.0,2024-08-19,79.0
202408197657957,WEY,-1.0,2024-08-19,75.0
202408197657967,WEY,0.0,2024-08-19,
202408197657977,WEY,,2024-08-19,
202408197657987,WEY,0.0,2024-08-19,31.0
202408197658004,WEY,31.0,2024-08-19,28.0
202408197658035,WEY,0.0,2024-08-19,0.0
202408197658045,WEY,-1.0,2024-08-19,13.0
202408197658055,WEY,-1.0,2024-08-19,11.0
202408197658065,WEY,0.0,2024-08-19,8.0
202408197658075,WEY,-1.0,2024-08-19,151.0
202408197658085,WEY,0.0,2024-08-19,
202408197658095,WEY,-1.0,2024-08-19,117.0
202408197658105,WEY,-1.0,2024-08-19,89.0
202408197658115,WEY,-1.0,2024-08-19,119.0
202408197658125,WEY,32.0,2024-08-19,96.0
202408197658135,WEY,8.0,2024-08-19,41.0
202408197658146,WEY,,2024-08-19,
202408197658162,WEY,,2024-08-19,
202408207657898,WEY,-1.0,2024-08-20,-1.0
202408207657902,WEY,0.0,2024-08-20,-1.0
202408207657907,WEY,4.0,2024-08-20,-4.0
202408207657913,WEY,0.0,2024-08-20,4.0
202408207657921,WEY,0.0,2024-08-20,1.0
202408207657931,WEY,1.0,2024-08-20,-1.0
202408207657939,WEY,-1.0,2024-08-20,20.0
202408207657949,WEY,0.0,2024-08-20,2.0
202408207657957,WEY,0.0,2024-08-20,-5.0
202408207657967,WEY,-1.0,2024-08-20,-2.0
202408207657977,WEY,0.0,2024-08-20,-1.0
202408207657987,WEY,-1.0,2024-08-20,-2.0
202408207658004,WEY,0.0,2024-08-20,-1.0
202408207658035,WEY,-1.0,2024-08-20,-1.0
202408207658045,WEY,-1.0,2024-08-20,4.0
202408207658055,WEY,0.0,2024-08-20,22.0
202408207658065,WEY,-1.0,2024-08-20,6.0
202408207658075,WEY,-1.0,2024-08-20,-1.0
202408207658085,WEY,0.0,2024-08-20,2.0
202408207658095,WEY,-1.0,2024-08-20,7.0
202408207658105,WEY,-1.0,2024-08-20,0.0
202408207658115,WEY,0.0,2024-08-20,0.0
202408207658125,WEY,-1.0,2024-08-20,0.0
202408207658135,WEY,0.0,2024-08-20,-5.0
202408207658162,WEY,-1.0,2024-08-20,-2.0
202408217657898,WEY,0.0,2024-08-21,2.0
202408217657902,WEY,-1.0,2024-08-21,3.0
202408217657907,WEY,0.0,2024-08-21,-1.0
202408217657913,WEY,0.0,2024-08-21,-4.0
202408217657921,WEY,1.0,2024-08-21,-1.0
202408217657931,WEY,0.0,2024-08-21,-4.0
202408217657939,WEY,2.0,2024-08-21,12.0
202408217657949,WEY,-1.0,2024-08-21,12.0
202408217657957,WEY,-1.0,2024-08-21,-3.0
202408217657967,WEY,-1.0,2024-08-21,-2.0
202408217657977,WEY,0.0,2024-08-21,-1.0
202408217657987,WEY,1.0,2024-08-21,-2.0
202408217658004,WEY,-1.0,2024-08-21,0.0
202408217658035,WEY,-1.0,2024-08-21,1.0
202408217658045,WEY,-1.0,2024-08-21,1.0
202408217658055,WEY,-1.0,2024-08-21,2.0
202408217658065,WEY,-1.0,2024-08-21,0.0
202408217658075,WEY,-3.0,2024-08-21,2.0
202408217658085,WEY,41.0,2024-08-21,29.0
202408217658095,WEY,29.0,2024-08-21,31.0
202408217658105,WEY,-1.0,2024-08-21,-2.0
202408217658115,WEY,-1.0,2024-08-21,7.0
202408217658125,WEY,-1.0,2024-08-21,-4.0
202408217658135,WEY,-1.0,2024-08-21,0.0
202408217658146,WEY,0.0,2024-08-21,-1.0
202408217658162,WEY,2.0,2024-08-21,-1.0
202408227657898,WEY,-1.0,2024-08-22,-1.0
202408227657902,WEY,0.0,2024-08-22,3.0
202408227657907,WEY,1.0,2024-08-22,2.0
202408227657913,WEY,0.0,2024-08-22,-3.0
202408227657921,WEY,1.0,2024-08-22,-5.0
202408227657931,WEY,0.0,2024-08-22,6.0
202408227657939,WEY,1.0,2024-08-22,0.0
202408227657949,WEY,0.0,2024-08-22,-5.0
202408227657957,WEY,0.0,2024-08-22,-1.0
202408227657967,WEY,-1.0,2024-08-22,-2.0
202408227657977,WEY,0.0,2024-08-22,-1.0
202408227657987,WEY,-1.0,2024-08-22,-3.0
202408227658004,WEY,0.0,2024-08-22,6.0
202408227658035,WEY,-1.0,2024-08-22,2.0
202408227658045,WEY,0.0,2024-08-22,2.0
202408227658055,WEY,-1.0,2024-08-22,13.0
202408227658065,WEY,-1.0,2024-08-22,0.0
202408227658075,WEY,0.0,2024-08-22,6.0
202408227658085,WEY,0.0,2024-08-22,0.0
202408227658095,WEY,-1.0,2024-08-22,1.0
202408227658105,WEY,-1.0,2024-08-22,8.0
202408227658115,WEY,-1.0,2024-08-22,1.0
202408227658125,WEY,-1.0,2024-08-22,-1.0
202408227658135,WEY,-1.0,2024-08-22,-8.0
202408227658146,WEY,-1.0,2024-08-22,1.0
202408227658162,WEY,-1.0,2024-08-22,-1.0
202408237657898,WEY,-1.0,2024-08-23,-1.0
202408237657902,WEY,0.0,2024-08-23,6.0
202408237657907,WEY,1.0,2024-08-23,4.0
202408237657913,WEY,0.0,2024-08-23,-1.0
202408237657921,WEY,-1.0,2024-08-23,0.0
202408237657931,WEY,1.0,2024-08-23,2.0
202408237657939,WEY,-1.0,2024-08-23,0.0
202408237657949,WEY,3.0,2024-08-23,2.0
202408237657957,WEY,2.0,2024-08-23,-3.0
202408237657967,WEY,0.0,2024-08-23,-2.0
202408237657977,WEY,-1.0,2024-08-23,-2.0
202408237657987,WEY,-1.0,2024-08-23,-3.0
202408237658004,WEY,0.0,2024-08-23,0.0
202408237658035,WEY,-1.0,2024-08-23,8.0
202408237658045,WEY,-1.0,2024-08-23,1.0
202408237658055,WEY,0.0,2024-08-23,15.0
202408237658065,WEY,-1.0,2024-08-23,0.0
202408237658075,WEY,-1.0,2024-08-23,3.0
202408237658085,WEY,-1.0,2024-08-23,12.0
202408237658095,WEY,-1.0,2024-08-23,3.0
202408237658105,WEY,0.0,2024-08-23,-2.0
202408237658115,WEY,-1.0,2024-08-23,1.0
202408237658125,WEY,-1.0,2024-08-23,0.0
202408237658135,WEY,-1.0,2024-08-23,-5.0
202408237658145,WEY,-1.0,2024-08-23,3.0
202408237658161,WEY,-1.0,2024-08-23,10.0
202408247657901,WEY,0.0,2024-08-24,-1.0
202408247657905,WEY,-1.0,2024-08-24,0.0
202408247657910,WEY,-1.0,2024-08-24,2.0
202408247657916,WEY,-1.0,2024-08-24,-1.0
202408247657924,WEY,1.0,2024-08-24,-1.0
202408247657934,WEY,2.0,2024-08-24,1.0
202408247657942,WEY,0.0,2024-08-24,1.0
202408247657952,WEY,0.0,2024-08-24,1.0
202408247657960,WEY,0.0,2024-08-24,-1.0
202408247657970,WEY,-1.0,2024-08-24,2.0
202408247657980,WEY,0.0,2024-08-24,-1.0
202408247657990,WEY,0.0,2024-08-24,-6.0
202408247658024,WEY,-1.0,2024-08-24,-1.0
202408247658028,WEY,1.0,2024-08-24,1.0
202408247658038,WEY,-1.0,2024-08-24,13.0
202408247658048,WEY,-1.0,2024-08-24,-4.0
202408247658058,WEY,-1.0,2024-08-24,-3.0
202408247658068,WEY,-1.0,2024-08-24,2.0
202408247658078,WEY,-1.0,2024-08-24,0.0
202408247658088,WEY,-1.0,2024-08-24,0.0
202408247658098,WEY,-1.0,2024-08-24,-1.0
202408247658108,WEY,0.0,2024-08-24,-1.0
202408247658118,WEY,-1.0,2024-08-24,2.0
202408247658128,WEY,-1.0,2024-08-24,0.0
202408247658138,WEY,-1.0,2024-08-24,-2.0
202408247658150,WEY,-1.0,2024-08-24,-1.0
202408247658166,WEY,-1.0,2024-08-24,2.0
202408247658182,WEY,3.0,2024-08-24,-1.0
202408247658204,WEY,-1.0,2024-08-24,-2.0
202408248901229,WEY,-1.0,2024-08-24,1.0
202408257657972,WEY,-1.0,2024-08-25,5.0
202408257657992,WEY,-1.0,2024-08-25,13.0
202408257658008,WEY,-1.0,2024-08-25,-3.0
202408257658016,WEY,-1.0,2024-08-25,9.0
202408257658020,WEY,3.0,2024-08-25,-2.0
202408257658026,WEY,-1.0,2024-08-25,-2.0
202408257658040,WEY,0.0,2024-08-25,-1.0
202408257658060,WEY,-1.0,2024-08-25,-3.0
202408257658080,WEY,-1.0,2024-08-25,-2.0
202408257658100,WEY,0.0,2024-08-25,-2.0
202408257658120,WEY,-1.0,2024-08-25,-3.0
202408257658140,WEY,-1.0,2024-08-25,-2.0
202408257658156,WEY,-1.0,2024-08-25,-3.0
202408257658172,WEY,-2.0,2024-08-25,-2.0
202408268129912,WEY,-1.0,2024-08-26,-3.0
202408268129913,WEY,-1.0,2024-08-26,-1.0
202408268129922,WEY,-1.0,2024-08-26,1.0
202408268129926,WEY,-1.0,2024-08-26,-1.0
202408268129928,WEY,-1.0,2024-08-26,8.0
202408268129930,WEY,-1.0,2024-08-26,7.0
202408268129934,WEY,0.0,2024-08-26,27.0
202408268129936,WEY,-1.0,2024-08-26,-1.0
202408268129938,WEY,-1.0,2024-08-26,0.0
202408268129940,WEY,-1.0,2024-08-26,-1.0
202408268129942,WEY,0.0,2024-08-26,-1.0
202408268129944,WEY,-1.0,2024-08-26,-1.0
202408268129947,WEY,-1.0,2024-08-26,-2.0
202408268129951,WEY,0.0,2024-08-26,-3.0
202408268129953,WEY,0.0,2024-08-26,-1.0
202408268129957,WEY,12.0,2024-08-26,13.0
202408268129959,WEY,0.0,2024-08-26,-1.0
202408268129961,WEY,-1.0,2024-08-26,6.0
202408268129963,WEY,-1.0,2024-08-26,2.0
202408268129965,WEY,0.0,2024-08-26,2.0
202408268129967,WEY,0.0,2024-08-26,1.0
202408268129968,WEY,0.0,2024-08-26,3.0
202408268129969,WEY,0.0,2024-08-26,0.0
202408268129970,WEY,0.0,2024-08-26,-3.0
202408268164344,WEY,-1.0,2024-08-26,-3.0
202408268164346,WEY,-1.0,2024-08-26,-1.0
202408268164347,WEY,-1.0,2024-08-26,3.0
202408268164353,WEY,-1.0,2024-08-26,-5.0
202408268164355,WEY,1.0,2024-08-26,-3.0
202408277657898,WEY,-1.0,2024-08-27,14.0
202408277657902,WEY,0.0,2024-08-27,-1.0
202408277657907,WEY,0.0,2024-08-27,-1.0
202408277657913,WEY,1.0,2024-08-27,-1.0
202408277657921,WEY,-1.0,2024-08-27,3.0
202408277657931,WEY,0.0,2024-08-27,1.0
202408277657939,WEY,0.0,2024-08-27,4.0
202408277657949,WEY,-1.0,2024-08-27,20.0
202408277657957,WEY,1.0,2024-08-27,4.0
202408277657967,WEY,0.0,2024-08-27,0.0
202408277657977,WEY,0.0,2024-08-27,16.0
202408277657987,WEY,-1.0,2024-08-27,0.0
202408277658004,WEY,-1.0,2024-08-27,1.0
202408277658035,WEY,-1.0,2024-08-27,12.0
202408277658045,WEY,-1.0,2024-08-27,1.0
202408277658055,WEY,0.0,2024-08-27,-1.0
202408277658065,WEY,-1.0,2024-08-27,0.0
202408277658075,WEY,0.0,2024-08-27,-1.0
202408277658085,WEY,-1.0,2024-08-27,0.0
202408277658095,WEY,-1.0,2024-08-27,5.0
202408277658105,WEY,-1.0,2024-08-27,1.0
202408277658115,WEY,-1.0,2024-08-27,6.0
202408277658125,WEY,-1.0,2024-08-27,1.0
202408277658135,WEY,0.0,2024-08-27,1.0
202408277658146,WEY,-1.0,2024-08-27,1.0
202408277658162,WEY,-1.0,2024-08-27,-2.0
202408287657898,WEY,0.0,2024-08-28,-2.0
202408287657902,WEY,-1.0,2024-08-28,3.0
202408287657907,WEY,1.0,2024-08-28,-1.0
202408287657913,WEY,0.0,2024-08-28,-1.0
202408287657921,WEY,0.0,2024-08-28,0.0
202408287657931,WEY,-1.0,2024-08-28,-4.0
202408287657939,WEY,0.0,2024-08-28,-1.0
202408287657949,WEY,-1.0,2024-08-28,3.0
202408287657957,WEY,-1.0,2024-08-28,-2.0
202408287657967,WEY,-1.0,2024-08-28,11.0
202408287657977,WEY,0.0,2024-08-28,-2.0
202408287657987,WEY,0.0,2024-08-28,3.0
202408287658004,WEY,-1.0,2024-08-28,0.0
202408287658035,WEY,-1.0,2024-08-28,-1.0
202408287658045,WEY,-1.0,2024-08-28,0.0
202408287658055,WEY,0.0,2024-08-28,7.0
202408287658065,WEY,0.0,2024-08-28,0.0
202408287658075,WEY,-1.0,2024-08-28,2.0
202408287658085,WEY,1.0,2024-08-28,10.0
202408287658095,WEY,-1.0,2024-08-28,13.0
202408287658105,WEY,0.0,2024-08-28,7.0
202408287658115,WEY,0.0,2024-08-28,1.0
202408287658125,WEY,-1.0,2024-08-28,1.0
202408287658135,WEY,-1.0,2024-08-28,-8.0
202408287658146,WEY,-1.0,2024-08-28,1.0
202408287658162,WEY,-1.0,2024-08-28,1.0
202408297657898,WEY,-1.0,2024-08-29,-1.0
202408297657902,WEY,0.0,2024-08-29,11.0
202408297657907,WEY,2.0,2024-08-29,3.0
202408297657913,WEY,-1.0,2024-08-29,-4.0
202408297657921,WEY,0.0,2024-08-29,2.0
202408297657931,WEY,-1.0,2024-08-29,0.0
202408297657939,WEY,1.0,2024-08-29,0.0
202408297657949,WEY,1.0,2024-08-29,8.0
202408297657957,WEY,0.0,2024-08-29,-3.0
202408297657967,WEY,2.0,2024-08-29,-1.0
202408297657977,WEY,0.0,2024-08-29,-1.0
202408297657987,WEY,0.0,2024-08-29,-3.0
202408297658004,WEY,-1.0,2024-08-29,0.0
202408297658035,WEY,-1.0,2024-08-29,7.0
202408297658045,WEY,-1.0,2024-08-29,12.0
202408297658055,WEY,2.0,2024-08-29,1.0
202408297658065,WEY,-1.0,2024-08-29,6.0
202408297658075,WEY,-1.0,2024-08-29,4.0
202408297658085,WEY,-1.0,2024-08-29,0.0
202408297658095,WEY,-1.0,2024-08-29,0.0
202408297658105,WEY,-1.0,2024-08-29,0.0
202408297658115,WEY,-1.0,2024-08-29,-1.0
202408297658125,WEY,0.0,2024-08-29,4.0
202408297658135,WEY,1.0,2024-08-29,-8.0
202408297658146,WEY,-1.0,2024-08-29,1.0
202408297658162,WEY,-1.0,2024-08-29,-2.0
202408307657898,WEY,-1.0,2024-08-30,-1.0
202408307657902,WEY,0.0,2024-08-30,0.0
202408307657907,WEY,-1.0,2024-08-30,4.0
202408307657913,WEY,0.0,2024-08-30,-1.0
202408307657921,WEY,1.0,2024-08-30,-1.0
202408307657931,WEY,4.0,2024-08-30,-1.0
202408307657939,WEY,1.0,2024-08-30,7.0
202408307657949,WEY,0.0,2024-08-30,-3.0
202408307657957,WEY,1.0,2024-08-30,6.0
202408307657967,WEY,7.0,2024-08-30,1.0
202408307657977,WEY,1.0,2024-08-30,-4.0
202408307657987,WEY,-1.0,2024-08-30,-1.0
202408307658004,WEY,0.0,2024-08-30,1.0
202408307658035,WEY,-1.0,2024-08-30,12.0
202408307658045,WEY,-1.0,2024-08-30,5.0
202408307658055,WEY,-1.0,2024-08-30,5.0
202408307658065,WEY,-1.0,2024-08-30,-1.0
202408307658075,WEY,-1.0,2024-08-30,2.0
202408307658085,WEY,2.0,2024-08-30,7.0
202408307658095,WEY,-1.0,2024-08-30,0.0
202408307658105,WEY,-1.0,2024-08-30,-3.0
202408307658115,WEY,-1.0,2024-08-30,6.0
202408307658125,WEY,6.0,2024-08-30,18.0
202408307658135,WEY,0.0,2024-08-30,-8.0
202408307658145,WEY,1.0,2024-08-30,2.0
202408307658161,WEY,20.0,2024-08-30,9.0
202408317657901,WEY,0.0,2024-08-31,3.0
202408317657905,WEY,0.0,2024-08-31,-3.0
202408317657910,WEY,0.0,2024-08-31,4.0
202408317657916,WEY,0.0,2024-08-31,1.0
202408317657924,WEY,-1.0,2024-08-31,0.0
202408317657934,WEY,0.0,2024-08-31,5.0
202408317657942,WEY,-1.0,2024-08-31,0.0
202408317657952,WEY,0.0,2024-08-31,0.0
202408317657960,WEY,1.0,2024-08-31,2.0
202408317657970,WEY,1.0,2024-08-31,-1.0
202408317657980,WEY,-1.0,2024-08-31,7.0
202408317657990,WEY,-1.0,2024-08-31,1.0
202408317658024,WEY,-1.0,2024-08-31,-2.0
202408317658028,WEY,-1.0,2024-08-31,3.0
202408317658038,WEY,-1.0,2024-08-31,5.0
202408317658048,WEY,0.0,2024-08-31,-1.0
202408317658058,WEY,-1.0,2024-08-31,0.0
202408317658068,WEY,-1.0,2024-08-31,4.0
202408317658078,WEY,-1.0,2024-08-31,3.0
202408317658088,WEY,-1.0,2024-08-31,9.0
202408317658098,WEY,-1.0,2024-08-31,3.0
202408317658108,WEY,-1.0,2024-08-31,-2.0
202408317658118,WEY,1.0,2024-08-31,3.0
202408317658128,WEY,0.0,2024-08-31,3.0
202408317658138,WEY,-1.0,2024-08-31,18.0
202408317658150,WEY,3.0,2024-08-31,1.0
202408317658166,WEY,-1.0,2024-08-31,1.0
202408317658182,WEY,0.0,2024-08-31,6.0
202408317658204,WEY,-1.0,2024-08-31,9.0
202408318901229,WEY,-1.0,2024-08-31,-1.0
202409017657972,WEY,0.0,2024-09-01,3.0
202409017657992,WEY,-1.0,2024-09-01,0.0
202409017658008,WEY,-1.0,2024-09-01,2.0
202409017658016,WEY,0.0,2024-09-01,12.0
202409017658020,WEY,2.0,2024-09-01,8.0
202409017658026,WEY,-1.0,2024-09-01,6.0
202409017658040,WEY,-1.0,2024-09-01,4.0
202409017658060,WEY,1.0,2024-09-01,8.0
202409017658080,WEY,-1.0,2024-09-01,-2.0
202409017658100,WEY,-1.0,2024-09-01,11.0
202409017658120,WEY,-1.0,2024-09-01,-4.0
202409017658140,WEY,-1.0,2024-09-01,-3.0
202409017658156,WEY,-1.0,2024-09-01,-1.0
202409017658172,WEY,0.0,2024-09-01,-2.0
202409027657898,WEY,0.0,2024-09-02,1.0
202409027657902,WEY,0.0,2024-09-02,-1.0
202409027657907,WEY,0.0,2024-09-02,-1.0
202409027657913,WEY,-1.0,2024-09-02,1.0
202409027657921,WEY,-1.0,2024-09-02,1.0
202409027657931,WEY,1.0,2024-09-02,24.0
202409027657939,WEY,0.0,2024-09-02,8.0
202409027657949,WEY,-1.0,2024-09-02,9.0
202409027657957,WEY,0.0,2024-09-02,1.0
202409027657967,WEY,0.0,2024-09-02,25.0
202409027657977,WEY,1.0,2024-09-02,11.0
202409027657987,WEY,-1.0,2024-09-02,3.0
202409027658004,WEY,-1.0,2024-09-02,3.0
202409027658035,WEY,-1.0,2024-09-02,3.0
202409027658045,WEY,-1.0,2024-09-02,2.0
202409027658055,WEY,-1.0,2024-09-02,1.0
202409027658065,WEY,0.0,2024-09-02,0.0
202409027658075,WEY,-1.0,2024-09-02,1.0
202409027658085,WEY,2.0,2024-09-02,22.0
202409027658095,WEY,-1.0,2024-09-02,8.0
202409027658105,WEY,-1.0,2024-09-02,4.0
202409027658115,WEY,0.0,2024-09-02,0.0
202409027658125,WEY,1.0,2024-09-02,7.0
202409027658135,WEY,-1.0,2024-09-02,-1.0
202409027658146,WEY,-1.0,2024-09-02,-1.0
202409027658162,WEY,7.0,2024-09-02,-2.0
202409037657898,WEY,-1.0,2024-09-03,-2.0
202409037657902,WEY,0.0,2024-09-03,3.0
202409037657907,WEY,-1.0,2024-09-03,-4.0
202409037657913,WEY,0.0,2024-09-03,1.0
202409037657921,WEY,0.0,2024-09-03,-3.0
202409037657931,WEY,-1.0,2024-09-03,0.0
202409037657939,WEY,0.0,2024-09-03,1.0
202409037657949,WEY,0.0,2024-09-03,4.0
202409037657957,WEY,0.0,2024-09-03,-2.0
202409037657967,WEY,0.0,2024-09-03,1.0
202409037657977,WEY,0.0,2024-09-03,-1.0
202409037657987,WEY,0.0,2024-09-03,-2.0
202409037658004,WEY,-1.0,2024-09-03,-2.0
202409037658035,WEY,0.0,2024-09-03,16.0
202409037658045,WEY,-1.0,2024-09-03,0.0
202409037658055,WEY,-1.0,2024-09-03,-1.0
202409037658065,WEY,0.0,2024-09-03,6.0
202409037658075,WEY,-1.0,2024-09-03,2.0
202409037658085,WEY,-1.0,2024-09-03,10.0
202409037658095,WEY,-1.0,2024-09-03,5.0
202409037658105,WEY,-1.0,2024-09-03,0.0
202409037658115,WEY,-1.0,2024-09-03,2.0
202409037658125,WEY,-1.0,2024-09-03,14.0
202409037658135,WEY,0.0,2024-09-03,-8.0
202409037658146,WEY,-1.0,2024-09-03,-1.0
202409037658162,WEY,-1.0,2024-09-03,1.0
202409047657898,WEY,0.0,2024-09-04,-1.0
202409047657902,WEY,0.0,2024-09-04,-1.0
202409047657907,WEY,0.0,2024-09-04,-5.0
202409047657913,WEY,-1.0,2024-09-04,1.0
202409047657921,WEY,0.0,2024-09-04,-2.0
202409047657931,WEY,0.0,2024-09-04,10.0
202409047657939,WEY,0.0,2024-09-04,-1.0
202409047657949,WEY,-1.0,2024-09-04,1.0
202409047657957,WEY,0.0,2024-09-04,-2.0
202409047657967,WEY,0.0,2024-09-04,-2.0
202409047657977,WEY,-1.0,2024-09-04,-3.0
202409047657987,WEY,0.0,2024-09-04,-3.0
202409047658004,WEY,0.0,2024-09-04,-1.0
202409047658035,WEY,-1.0,2024-09-04,1.0
202409047658045,WEY,-1.0,2024-09-04,1.0
202409047658055,WEY,-1.0,2024-09-04,2.0
202409047658065,WEY,-1.0,2024-09-04,1.0
202409047658075,WEY,0.0,2024-09-04,2.0
202409047658085,WEY,-1.0,2024-09-04,9.0
202409047658095,WEY,-1.0,2024-09-04,16.0
202409047658105,WEY,-1.0,2024-09-04,15.0
202409047658115,WEY,0.0,2024-09-04,0.0
202409047658125,WEY,-1.0,2024-09-04,-2.0
202409047658135,WEY,-1.0,2024-09-04,-2.0
202409047658146,WEY,-1.0,2024-09-04,4.0
202409047658162,WEY,-1.0,2024-09-04,-2.0
202409057657898,WEY,0.0,2024-09-05,-1.0
202409057657902,WEY,0.0,2024-09-05,1.0
202409057657907,WEY,0.0,2024-09-05,0.0
202409057657913,WEY,0.0,2024-09-05,-3.0
202409057657921,WEY,-1.0,2024-09-05,19.0
202409057657931,WEY,0.0,2024-09-05,15.0
202409057657939,WEY,-1.0,2024-09-05,5.0
202409057657949,WEY,-1.0,2024-09-05,-4.0
202409057657957,WEY,0.0,2024-09-05,-3.0
202409057657967,WEY,0.0,2024-09-05,-3.0
202409057657977,WEY,0.0,2024-09-05,10.0
202409057657987,WEY,-1.0,2024-09-05,-3.0
202409057658004,WEY,1.0,2024-09-05,-1.0
202409057658035,WEY,-1.0,2024-09-05,-1.0
202409057658045,WEY,-1.0,2024-09-05,3.0
202409057658055,WEY,-1.0,2024-09-05,0.0
202409057658065,WEY,0.0,2024-09-05,7.0
202409057658075,WEY,0.0,2024-09-05,6.0
202409057658085,WEY,-1.0,2024-09-05,2.0
202409057658095,WEY,-1.0,2024-09-05,7.0
202409057658105,WEY,-1.0,2024-09-05,15.0
202409057658115,WEY,-1.0,2024-09-05,1.0
202409057658125,WEY,1.0,2024-09-05,-2.0
202409057658135,WEY,1.0,2024-09-05,-1.0
202409057658146,WEY,-1.0,2024-09-05,-1.0
202409057658162,WEY,-1.0,2024-09-05,1.0
202409067657898,WEY,-1.0,2024-09-06,15.0
202409067657902,WEY,2.0,2024-09-06,20.0
202409067657907,WEY,-1.0,2024-09-06,-1.0
202409067657913,WEY,0.0,2024-09-06,-3.0
202409067657921,WEY,-1.0,2024-09-06,-1.0
202409067657931,WEY,3.0,2024-09-06,-1.0
202409067657939,WEY,0.0,2024-09-06,5.0
202409067657949,WEY,0.0,2024-09-06,18.0
202409067657957,WEY,0.0,2024-09-06,-4.0
202409067657967,WEY,,2024-09-06,
202409067657977,WEY,0.0,2024-09-06,-5.0
202409067657987,WEY,-1.0,2024-09-06,-4.0
202409067658004,WEY,3.0,2024-09-06,4.0
202409067658035,WEY,0.0,2024-09-06,1.0
202409067658045,WEY,-1.0,2024-09-06,14.0
202409067658055,WEY,0.0,2024-09-06,-2.0
202409067658065,WEY,0.0,2024-09-06,1.0
202409067658075,WEY,-1.0,2024-09-06,1.0
202409067658085,WEY,-1.0,2024-09-06,30.0
202409067658095,WEY,-1.0,2024-09-06,1.0
202409067658105,WEY,5.0,2024-09-06,11.0
202409067658115,WEY,-1.0,2024-09-06,2.0
202409067658125,WEY,5.0,2024-09-06,9.0
202409067658135,WEY,0.0,2024-09-06,-8.0
202409067658145,WEY,0.0,2024-09-06,1.0
202409067658161,WEY,0.0,2024-09-06,-1.0
202409077657901,WEY,-1.0,2024-09-07,-1.0
202409077657905,WEY,0.0,2024-09-07,-1.0
202409077657910,WEY,0.0,2024-09-07,23.0
202409077657916,WEY,0.0,2024-09-07,-3.0
202409077657924,WEY,0.0,2024-09-07,-4.0
202409077657934,WEY,0.0,2024-09-07,4.0
202409077657942,WEY,0.0,2024-09-07,-3.0
202409077657952,WEY,-1.0,2024-09-07,-4.0
202409077657960,WEY,-1.0,2024-09-07,3.0
202409077657970,WEY,0.0,2024-09-07,-2.0
202409077657980,WEY,0.0,2024-09-07,0.0
202409077657990,WEY,0.0,2024-09-07,-8.0
202409077658024,WEY,-1.0,2024-09-07,2.0
202409077658028,WEY,-1.0,2024-09-07,3.0
202409077658038,WEY,-1.0,2024-09-07,5.0
202409077658048,WEY,0.0,2024-09-07,47.0
202409077658058,WEY,-1.0,2024-09-07,1.0
202409077658068,WEY,0.0,2024-09-07,-3.0
202409077658078,WEY,-1.0,2024-09-07,-2.0
202409077658088,WEY,-1.0,2024-09-07,-4.0
202409077658098,WEY,-1.0,2024-09-07,-1.0
202409077658108,WEY,-1.0,2024-09-07,-2.0
202409077658118,WEY,0.0,2024-09-07,25.0
202409077658128,WEY,-1.0,2024-09-07,21.0
202409077658138,WEY,-1.0,2024-09-07,-8.0
202409077658150,WEY,3.0,2024-09-07,19.0
202409077658166,WEY,-1.0,2024-09-07,-5.0
202409077658182,WEY,-1.0,2024-09-07,-4.0
202409077658204,WEY,-1.0,2024-09-07,0.0
202409078901229,WEY,-1.0,2024-09-07,0.0
202409087657972,WEY,-1.0,2024-09-08,-2.0
202409087657992,WEY,-1.0,2024-09-08,4.0
202409087658008,WEY,-1.0,2024-09-08,12.0
202409087658016,WEY,0.0,2024-09-08,-3.0
202409087658020,WEY,-1.0,2024-09-08,9.0
202409087658026,WEY,-1.0,2024-09-08,-1.0
202409087658040,WEY,-1.0,2024-09-08,4.0
202409087658060,WEY,-1.0,2024-09-08,3.0
202409087658080,WEY,-1.0,2024-09-08,-1.0
202409087658100,WEY,-1.0,2024-09-08,5.0
202409087658120,WEY,-1.0,2024-09-08,3.0
202409087658140,WEY,-1.0,2024-09-08,4.0
202409087658156,WEY,-1.0,2024-09-08,5.0
202409087658172,WEY,-1.0,2024-09-08,-1.0
202409097657898,WEY,-1.0,2024-09-09,-3.0
202409097657902,WEY,0.0,2024-09-09,2.0
202409097657907,WEY,2.0,2024-09-09,1.0
202409097657913,WEY,0.0,2024-09-09,-1.0
202409097657921,WEY,0.0,2024-09-09,1.0
202409097657931,WEY,-1.0,2024-09-09,-2.0
202409097657939,WEY,0.0,2024-09-09,-1.0
202409097657949,WEY,-1.0,2024-09-09,1.0
202409097657957,WEY,0.0,2024-09-09,-2.0
202409097657967,WEY,-1.0,2024-09-09,1.0
202409097657977,WEY,0.0,2024-09-09,3.0
202409097657987,WEY,0.0,2024-09-09,0.0
202409097658004,WEY,0.0,2024-09-09,-1.0
202409097658035,WEY,-1.0,2024-09-09,0.0
202409097658045,WEY,-1.0,2024-09-09,0.0
202409097658055,WEY,-1.0,2024-09-09,-1.0
202409097658065,WEY,-1.0,2024-09-09,3.0
202409097658075,WEY,-1.0,2024-09-09,3.0
202409097658085,WEY,0.0,2024-09-09,-1.0
202409097658095,WEY,-1.0,2024-09-09,0.0
202409097658105,WEY,-1.0,2024-09-09,-1.0
202409097658115,WEY,-1.0,2024-09-09,2.0
202409097658125,WEY,-1.0,2024-09-09,-3.0
202409097658135,WEY,-1.0,2024-09-09,-6.0
202409097658146,WEY,-1.0,2024-09-09,0.0
202409097658162,WEY,-1.0,2024-09-09,-3.0
202409107657898,WEY,0.0,2024-09-10,0.0
202409107657902,WEY,2.0,2024-09-10,12.0
202409107657907,WEY,0.0,2024-09-10,-2.0
202409107657913,WEY,0.0,2024-09-10,-1.0
202409107657921,WEY,0.0,2024-09-10,-1.0
202409107657931,WEY,-1.0,2024-09-10,-2.0
202409107657939,WEY,0.0,2024-09-10,2.0
202409107657949,WEY,0.0,2024-09-10,3.0
202409107657957,WEY,0.0,2024-09-10,-2.0
202409107657967,WEY,0.0,2024-09-10,-1.0
202409107657977,WEY,-1.0,2024-09-10,-1.0
202409107657987,WEY,0.0,2024-09-10,-3.0
202409107658004,WEY,-1.0,2024-09-10,-3.0
202409107658035,WEY,-1.0,2024-09-10,-1.0
202409107658045,WEY,-1.0,2024-09-10,6.0
202409107658055,WEY,-1.0,2024-09-10,0.0
202409107658065,WEY,-1.0,2024-09-10,11.0
202409107658075,WEY,0.0,2024-09-10,-2.0
202409107658085,WEY,-1.0,2024-09-10,2.0
202409107658095,WEY,-1.0,2024-09-10,1.0
202409107658105,WEY,-1.0,2024-09-10,1.0
202409107658115,WEY,-1.0,2024-09-10,1.0
202409107658125,WEY,14.0,2024-09-10,2.0
202409107658135,WEY,5.0,2024-09-10,6.0
202409107658146,WEY,-1.0,2024-09-10,0.0
202409107658162,WEY,-1.0,2024-09-10,-3.0
202409117657898,WEY,-1.0,2024-09-11,1.0
202409117657902,WEY,0.0,2024-09-11,-3.0
202409117657907,WEY,7.0,2024-09-11,-1.0
202409117657913,WEY,0.0,2024-09-11,1.0
202409117657921,WEY,-1.0,2024-09-11,2.0
202409117657931,WEY,-1.0,2024-09-11,-1.0
202409117657939,WEY,1.0,2024-09-11,-1.0
202409117657949,WEY,0.0,2024-09-11,-4.0
202409117657957,WEY,-1.0,2024-09-11,-4.0
202409117657967,WEY,0.0,2024-09-11,-2.0
202409117657977,WEY,0.0,2024-09-11,0.0
202409117657987,WEY,-1.0,2024-09-11,-3.0
202409117658004,WEY,-1.0,2024-09-11,-3.0
202409117658035,WEY,-1.0,2024-09-11,3.0
202409117658045,WEY,0.0,2024-09-11,2.0
202409117658055,WEY,1.0,2024-09-11,-1.0
202409117658065,WEY,0.0,2024-09-11,-2.0
202409117658075,WEY,-1.0,2024-09-11,6.0
202409117658085,WEY,-1.0,2024-09-11,-1.0
202409117658095,WEY,-1.0,2024-09-11,0.0
202409117658105,WEY,-1.0,2024-09-11,15.0
202409117658115,WEY,-1.0,2024-09-11,-2.0
202409117658125,WEY,-1.0,2024-09-11,-1.0
202409117658135,WEY,-1.0,2024-09-11,-3.0
202409117658146,WEY,-1.0,2024-09-11,0.0
202409117658162,WEY,-1.0,2024-09-11,-2.0
202409127657898,WEY,0.0,2024-09-12,6.0
202409127657902,WEY,3.0,2024-09-12,11.0
202409127657907,WEY,0.0,2024-09-12,11.0
202409127657913,WEY,0.0,2024-09-12,13.0
202409127657921,WEY,0.0,2024-09-12,6.0
202409127657931,WEY,1.0,2024-09-12,3.0
202409127657939,WEY,0.0,2024-09-12,1.0
202409127657949,WEY,0.0,2024-09-12,6.0
202409127657957,WEY,0.0,2024-09-12,9.0
202409127657967,WEY,-1.0,2024-09-12,0.0
202409127657977,WEY,-1.0,2024-09-12,23.0
202409127657987,WEY,0.0,2024-09-12,-2.0
202409127658004,WEY,36.0,2024-09-12,28.0
202409127658035,WEY,-1.0,2024-09-12,1.0
202409127658045,WEY,35.0,2024-09-12,22.0
202409127658055,WEY,0.0,2024-09-12,1.0
202409127658065,WEY,-1.0,2024-09-12,5.0
202409127658075,WEY,-1.0,2024-09-12,13.0
202409127658085,WEY,-1.0,2024-09-12,2.0
202409127658095,WEY,-1.0,2024-09-12,0.0
202409127658105,WEY,-1.0,2024-09-12,11.0
202409127658115,WEY,-1.0,2024-09-12,2.0
202409127658125,WEY,1.0,2024-09-12,2.0
202409127658135,WEY,2.0,2024-09-12,-7.0
202409127658146,WEY,30.0,2024-09-12,18.0
202409127658162,WEY,3.0,2024-09-12,-2.0
202409137657898,WEY,-1.0,2024-09-13,18.0
202409137657902,WEY,0.0,2024-09-13,6.0
202409137657907,WEY,0.0,2024-09-13,-1.0
202409137657913,WEY,-1.0,2024-09-13,1.0
202409137657921,WEY,-1.0,2024-09-13,32.0
202409137657931,WEY,-1.0,2024-09-13,5.0
202409137657939,WEY,4.0,2024-09-13,11.0
202409137657949,WEY,0.0,2024-09-13,8.0
202409137657957,WEY,0.0,2024-09-13,2.0
202409137657967,WEY,0.0,2024-09-13,3.0
202409137657977,WEY,0.0,2024-09-13,-1.0
202409137657987,WEY,0.0,2024-09-13,2.0
202409137658004,WEY,0.0,2024-09-13,2.0
202409137658035,WEY,0.0,2024-09-13,4.0
202409137658045,WEY,-1.0,2024-09-13,2.0
202409137658055,WEY,-1.0,2024-09-13,6.0
202409137658065,WEY,-1.0,2024-09-13,16.0
202409137658075,WEY,-1.0,2024-09-13,19.0
202409137658085,WEY,17.0,2024-09-13,19.0
202409137658095,WEY,13.0,2024-09-13,35.0
202409137658105,WEY,-1.0,2024-09-13,2.0
202409137658115,WEY,-1.0,2024-09-13,-2.0
202409137658125,WEY,-1.0,2024-09-13,-1.0
202409137658135,WEY,-1.0,2024-09-13,-6.0
202409137658145,WEY,0.0,2024-09-13,1.0
202409137658161,WEY,3.0,2024-09-13,0.0
202409147657901,WEY,0.0,2024-09-14,3.0
202409147657905,WEY,0.0,2024-09-14,6.0
202409147657910,WEY,0.0,2024-09-14,7.0
202409147657916,WEY,-1.0,2024-09-14,2.0
202409147657924,WEY,0.0,2024-09-14,1.0
202409147657934,WEY,0.0,2024-09-14,3.0
202409147657942,WEY,0.0,2024-09-14,-1.0
202409147657952,WEY,0.0,2024-09-14,6.0
202409147657960,WEY,0.0,2024-09-14,14.0
202409147657970,WEY,0.0,2024-09-14,4.0
202409147657980,WEY,-1.0,2024-09-14,1.0
202409147657990,WEY,-1.0,2024-09-14,0.0
202409147658024,WEY,-1.0,2024-09-14,5.0
202409147658028,WEY,-1.0,2024-09-14,1.0
202409147658038,WEY,0.0,2024-09-14,10.0
202409147658048,WEY,-1.0,2024-09-14,6.0
202409147658058,WEY,-1.0,2024-09-14,8.0
202409147658068,WEY,-1.0,2024-09-14,2.0
202409147658078,WEY,-1.0,2024-09-14,0.0
202409147658088,WEY,-1.0,2024-09-14,4.0
202409147658098,WEY,4.0,2024-09-14,25.0
202409147658108,WEY,-1.0,2024-09-14,1.0
202409147658118,WEY,-1.0,2024-09-14,2.0
202409147658128,WEY,-1.0,2024-09-14,2.0
202409147658138,WEY,-1.0,2024-09-14,0.0
202409147658150,WEY,-1.0,2024-09-14,0.0
202409147658166,WEY,-1.0,2024-09-14,0.0
202409147658182,WEY,0.0,2024-09-14,-1.0
202409147658204,WEY,-1.0,2024-09-14,3.0
202409148901229,WEY,2.0,2024-09-14,8.0
202409157657972,WEY,-1.0,2024-09-15,23.0
202409157657992,WEY,0.0,2024-09-15,1.0
202409157658008,WEY,-1.0,2024-09-15,3.0
202409157658016,WEY,0.0,2024-09-15,-5.0
202409157658020,WEY,-1.0,2024-09-15,20.0
202409157658026,WEY,-1.0,2024-09-15,1.0
202409157658040,WEY,-1.0,2024-09-15,1.0
202409157658060,WEY,-1.0,2024-09-15,7.0
202409157658080,WEY,-1.0,2024-09-15,9.0
202409157658100,WEY,1.0,2024-09-15,6.0
202409157658120,WEY,0.0,2024-09-15,5.0
202409157658140,WEY,-1.0,2024-09-15,-1.0
202409157658156,WEY,-1.0,2024-09-15,0.0
202409157658172,WEY,3.0,2024-09-15,0.0
202409167657898,WEY,-1.0,2024-09-16,14.0
202409167657902,WEY,0.0,2024-09-16,4.0
202409167657907,WEY,-1.0,2024-09-16,5.0
202409167657913,WEY,0.0,2024-09-16,-1.0
202409167657921,WEY,-1.0,2024-09-16,28.0
202409167657931,WEY,-1.0,2024-09-16,8.0
202409167657939,WEY,0.0,2024-09-16,0.0
202409167657949,WEY,1.0,2024-09-16,8.0
202409167657957,WEY,0.0,2024-09-16,4.0
202409167657967,WEY,0.0,2024-09-16,-2.0
202409167657977,WEY,0.0,2024-09-16,-1.0
202409167657987,WEY,0.0,2024-09-16,23.0
202409167658004,WEY,1.0,2024-09-16,0.0
202409167658035,WEY,-1.0,2024-09-16,23.0
202409167658045,WEY,-1.0,2024-09-16,8.0
202409167658055,WEY,-1.0,2024-09-16,3.0
202409167658065,WEY,-1.0,2024-09-16,0.0
202409167658075,WEY,-1.0,2024-09-16,7.0
202409167658085,WEY,5.0,2024-09-16,3.0
202409167658095,WEY,24.0,2024-09-16,22.0
202409167658105,WEY,1.0,2024-09-16,15.0
202409167658115,WEY,-1.0,2024-09-16,0.0
202409167658125,WEY,-1.0,2024-09-16,3.0
202409167658135,WEY,-1.0,2024-09-16,-1.0
202409167658146,WEY,-1.0,2024-09-16,0.0
202409167658162,WEY,-1.0,2024-09-16,2.0
202409177657898,WEY,0.0,2024-09-17,-3.0
202409177657902,WEY,-1.0,2024-09-17,2.0
202409177657907,WEY,0.0,2024-09-17,-2.0
202409177657913,WEY,1.0,2024-09-17,-2.0
202409177657921,WEY,-1.0,2024-09-17,-1.0
202409177657931,WEY,0.0,2024-09-17,0.0
202409177657939,WEY,-1.0,2024-09-17,11.0
202409177657949,WEY,0.0,2024-09-17,5.0
202409177657957,WEY,0.0,2024-09-17,4.0
202409177657967,WEY,2.0,2024-09-17,0.0
202409177657977,WEY,0.0,2024-09-17,-2.0
202409177657987,WEY,-1.0,2024-09-17,-4.0
202409177658004,WEY,0.0,2024-09-17,
202409177658035,WEY,-1.0,2024-09-17,14.0
202409177658045,WEY,-1.0,2024-09-17,0.0
202409177658055,WEY,-1.0,2024-09-17,10.0
202409177658065,WEY,0.0,2024-09-17,0.0
202409177658075,WEY,0.0,2024-09-17,6.0
202409177658085,WEY,-1.0,2024-09-17,2.0
202409177658095,WEY,-1.0,2024-09-17,9.0
202409177658105,WEY,-1.0,2024-09-17,3.0
202409177658115,WEY,-1.0,2024-09-17,2.0
202409177658125,WEY,-1.0,2024-09-17,-1.0
202409177658135,WEY,-1.0,2024-09-17,-7.0
202409177658146,WEY,-1.0,2024-09-17,4.0
202409177658162,WEY,3.0,2024-09-17,-1.0
202409187657898,WEY,-1.0,2024-09-18,-1.0
202409187657902,WEY,0.0,2024-09-18,-1.0
202409187657907,WEY,0.0,2024-09-18,6.0
202409187657913,WEY,0.0,2024-09-18,-2.0
202409187657921,WEY,0.0,2024-09-18,21.0
202409187657931,WEY,-1.0,2024-09-18,23.0
202409187657939,WEY,0.0,2024-09-18,8.0
202409187657949,WEY,0.0,2024-09-18,3.0
202409187657957,WEY,0.0,2024-09-18,-4.0
202409187657967,WEY,0.0,2024-09-18,-1.0
202409187657977,WEY,-1.0,2024-09-18,15.0
202409187657987,WEY,-1.0,2024-09-18,-3.0
202409187658004,WEY,-1.0,2024-09-18,0.0
202409187658035,WEY,0.0,2024-09-18,2.0
202409187658045,WEY,-1.0,2024-09-18,10.0
202409187658055,WEY,-1.0,2024-09-18,0.0
202409187658065,WEY,0.0,2024-09-18,12.0
202409187658075,WEY,-1.0,2024-09-18,26.0
202409187658085,WEY,0.0,2024-09-18,16.0
202409187658095,WEY,-1.0,2024-09-18,6.0
202409187658105,WEY,1.0,2024-09-18,2.0
202409187658115,WEY,-1.0,2024-09-18,3.0
202409187658125,WEY,0.0,2024-09-18,-3.0
202409187658135,WEY,-1.0,2024-09-18,-5.0
202409187658146,WEY,-1.0,2024-09-18,-1.0
202409187658162,WEY,-2.0,2024-09-18,0.0
202409197657898,WEY,0.0,2024-09-19,10.0
202409197657902,WEY,-1.0,2024-09-19,3.0
202409197657907,WEY,0.0,2024-09-19,10.0
202409197657913,WEY,0.0,2024-09-19,5.0
202409197657921,WEY,-1.0,2024-09-19,12.0
202409197657931,WEY,0.0,2024-09-19,-1.0
202409197657939,WEY,0.0,2024-09-19,-1.0
202409197657949,WEY,-1.0,2024-09-19,1.0
202409197657957,WEY,0.0,2024-09-19,-3.0
202409197657967,WEY,-1.0,2024-09-19,-1.0
202409197657977,WEY,0.0,2024-09-19,-4.0
202409197657987,WEY,-1.0,2024-09-19,-2.0
202409197658004,WEY,0.0,2024-09-19,-1.0
202409197658035,WEY,-1.0,2024-09-19,2.0
202409197658045,WEY,-1.0,2024-09-19,12.0
202409197658055,WEY,-1.0,2024-09-19,3.0
202409197658065,WEY,-1.0,2024-09-19,2.0
202409197658075,WEY,-1.0,2024-09-19,5.0
202409197658085,WEY,-1.0,2024-09-19,1.0
202409197658095,WEY,0.0,2024-09-19,9.0
202409197658105,WEY,1.0,2024-09-19,2.0
202409197658115,WEY,-1.0,2024-09-19,0.0
202409197658125,WEY,-1.0,2024-09-19,0.0
202409197658135,WEY,-1.0,2024-09-19,-9.0
202409197658146,WEY,-1.0,2024-09-19,0.0
202409197658162,WEY,-1.0,2024-09-19,-3.0
202409207657898,WEY,-1.0,2024-09-20,-4.0
202409207657902,WEY,0.0,2024-09-20,8.0
202409207657907,WEY,0.0,2024-09-20,4.0
202409207657913,WEY,0.0,2024-09-20,1.0
202409207657921,WEY,0.0,2024-09-20,6.0
202409207657931,WEY,0.0,2024-09-20,-4.0
202409207657939,WEY,-1.0,2024-09-20,0.0
202409207657949,WEY,-1.0,2024-09-20,1.0
202409207657957,WEY,,2024-09-20,
202409207657967,WEY,0.0,2024-09-20,6.0
202409207657977,WEY,0.0,2024-09-20,-1.0
202409207657987,WEY,0.0,2024-09-20,-3.0
202409207658004,WEY,0.0,2024-09-20,16.0
202409207658035,WEY,-1.0,2024-09-20,12.0
202409207658045,WEY,-1.0,2024-09-20,-1.0
202409207658055,WEY,-1.0,2024-09-20,18.0
202409207658065,WEY,0.0,2024-09-20,19.0
202409207658075,WEY,-1.0,2024-09-20,2.0
202409207658085,WEY,-1.0,2024-09-20,5.0
202409207658095,WEY,-1.0,2024-09-20,2.0
202409207658105,WEY,0.0,2024-09-20,4.0
202409207658115,WEY,-1.0,2024-09-20,3.0
202409207658125,WEY,1.0,2024-09-20,11.0
202409207658135,WEY,,2024-09-20,
202409207658145,WEY,-1.0,2024-09-20,12.0
202409207658161,WEY,1.0,2024-09-20,-1.0
202409217657901,WEY,0.0,2024-09-21,-1.0
202409217657905,WEY,-1.0,2024-09-21,-4.0
202409217657910,WEY,0.0,2024-09-21,-5.0
202409217657916,WEY,0.0,2024-09-21,-2.0
202409217657924,WEY,-1.0,2024-09-21,-3.0
202409217657934,WEY,0.0,2024-09-21,-1.0
202409217657942,WEY,0.0,2024-09-21,-5.0
202409217657952,WEY,0.0,2024-09-21,-3.0
202409217657960,WEY,-1.0,2024-09-21,-1.0
202409217657970,WEY,0.0,2024-09-21,-1.0
202409217657980,WEY,0.0,2024-09-21,3.0
202409217657990,WEY,-1.0,2024-09-21,-4.0
202409217658024,WEY,-1.0,2024-09-21,4.0
202409217658028,WEY,-1.0,2024-09-21,2.0
202409217658038,WEY,0.0,2024-09-21,-1.0
202409217658048,WEY,-1.0,2024-09-21,-3.0
202409217658058,WEY,-1.0,2024-09-21,16.0
202409217658068,WEY,-1.0,2024-09-21,0.0
202409217658078,WEY,0.0,2024-09-21,-2.0
202409217658088,WEY,0.0,2024-09-21,3.0
202409217658098,WEY,-1.0,2024-09-21,-1.0
202409217658108,WEY,-1.0,2024-09-21,-1.0
202409217658118,WEY,-1.0,2024-09-21,13.0
202409217658128,WEY,-1.0,2024-09-21,-2.0
202409217658138,WEY,-1.0,2024-09-21,8.0
202409217658150,WEY,-1.0,2024-09-21,0.0
202409217658166,WEY,18.0,2024-09-21,20.0
202409217658182,WEY,-1.0,2024-09-21,-3.0
202409217658204,WEY,-1.0,2024-09-21,-1.0
202409218901229,WEY,0.0,2024-09-21,-6.0
202409237657899,WEY,-1.0,2024-09-23,18.0
202409237657903,WEY,0.0,2024-09-23,11.0
202409237657908,WEY,1.0,2024-09-23,
202409237657914,WEY,14.0,2024-09-23,18.0
202409237657922,WEY,21.0,2024-09-23,26.0
202409237657932,WEY,-1.0,2024-09-23,10.0
202409237657940,WEY,1.0,2024-09-23,4.0
202409237657950,WEY,3.0,2024-09-23,3.0
202409237657958,WEY,3.0,2024-09-23,70.0
202409237657968,WEY,,2024-09-23,
202409237657978,WEY,-1.0,2024-09-23,
202409237657988,WEY,1.0,2024-09-23,78.0
202409237658006,WEY,-2.0,2024-09-23,49.0
202409237658036,WEY,0.0,2024-09-23,7.0
202409237658046,WEY,-1.0,2024-09-23,21.0
202409237658056,WEY,0.0,2024-09-23,17.0
202409237658066,WEY,18.0,2024-09-23,15.0
202409237658076,WEY,30.0,2024-09-23,21.0
202409237658086,WEY,-2.0,2024-09-23,4.0
202409237658096,WEY,25.0,2024-09-23,13.0
202409237658106,WEY,3.0,2024-09-23,35.0
202409237658116,WEY,2.0,2024-09-23,
202409237658126,WEY,6.0,2024-09-23,87.0
202409237658136,WEY,1.0,2024-09-23,71.0
202409237658148,WEY,8.0,2024-09-23,
202409237658164,WEY,19.0,2024-09-23,
202409247657899,WEY,-1.0,2024-09-24,
202409247657903,WEY,1.0,2024-09-24,51.0
202409247657908,WEY,12.0,2024-09-24,
202409247657914,WEY,-1.0,2024-09-24,55.0
202409247657922,WEY,-1.0,2024-09-24,5.0
202409247657932,WEY,13.0,2024-09-24,41.0
202409247657940,WEY,0.0,2024-09-24,13.0
202409247657950,WEY,8.0,2024-09-24,17.0
202409247657958,WEY,20.0,2024-09-24,26.0
202409247657968,WEY,0.0,2024-09-24,26.0
202409247657978,WEY,3.0,2024-09-24,23.0
202409247657988,WEY,13.0,2024-09-24,3.0
202409247658006,WEY,-1.0,2024-09-24,6.0
202409247658036,WEY,-1.0,2024-09-24,51.0
202409247658046,WEY,-1.0,2024-09-24,40.0
202409247658056,WEY,-1.0,2024-09-24,59.0
202409247658066,WEY,-1.0,2024-09-24,15.0
202409247658076,WEY,42.0,2024-09-24,40.0
202409247658086,WEY,9.0,2024-09-24,18.0
202409247658096,WEY,47.0,2024-09-24,26.0
202409247658106,WEY,28.0,2024-09-24,15.0
202409247658116,WEY,24.0,2024-09-24,32.0
202409247658126,WEY,3.0,2024-09-24,22.0
202409247658136,WEY,19.0,2024-09-24,12.0
202409247658148,WEY,10.0,2024-09-24,0.0
202409247658164,WEY,6.0,2024-09-24,-1.0
202409257657899,WEY,-1.0,2024-09-25,6.0
202409257657903,WEY,3.0,2024-09-25,0.0
202409257657908,WEY,1.0,2024-09-25,-1.0
202409257657914,WEY,0.0,2024-09-25,-5.0
202409257657922,WEY,0.0,2024-09-25,3.0
202409257657932,WEY,0.0,2024-09-25,-1.0
202409257657940,WEY,0.0,2024-09-25,3.0
202409257657950,WEY,0.0,2024-09-25,-4.0
202409257657958,WEY,0.0,2024-09-25,2.0
202409257657968,WEY,13.0,2024-09-25,17.0
202409257657978,WEY,0.0,2024-09-25,3.0
202409257657988,WEY,3.0,2024-09-25,-3.0
202409257658006,WEY,12.0,2024-09-25,21.0
202409257658036,WEY,-1.0,2024-09-25,7.0
202409257658046,WEY,0.0,2024-09-25,0.0
202409257658056,WEY,0.0,2024-09-25,0.0
202409257658066,WEY,-1.0,2024-09-25,0.0
202409257658076,WEY,-1.0,2024-09-25,4.0
202409257658086,WEY,-1.0,2024-09-25,0.0
202409257658096,WEY,-1.0,2024-09-25,1.0
202409257658106,WEY,-1.0,2024-09-25,12.0
202409257658116,WEY,-1.0,2024-09-25,
202409257658126,WEY,18.0,2024-09-25,20.0
202409257658136,WEY,-3.0,2024-09-25,-1.0
202409257658148,WEY,-2.0,2024-09-25,-1.0
202409257658164,WEY,0.0,2024-09-25,0.0
202409267657899,WEY,0.0,2024-09-26,38.0
202409267657903,WEY,0.0,2024-09-26,51.0
202409267657908,WEY,18.0,2024-09-26,
202409267657914,WEY,8.0,2024-09-26,46.0
202409267657922,WEY,0.0,2024-09-26,30.0
202409267657932,WEY,-1.0,2024-09-26,
202409267657940,WEY,-1.0,2024-09-26,16.0
202409267657950,WEY,8.0,2024-09-26,18.0
202409267657958,WEY,21.0,2024-09-26,21.0
202409267657968,WEY,34.0,2024-09-26,24.0
202409267657978,WEY,-1.0,2024-09-26,1.0
202409267657988,WEY,-1.0,2024-09-26,-1.0
202409267658006,WEY,0.0,2024-09-26,0.0
202409267658036,WEY,0.0,2024-09-26,68.0
202409267658046,WEY,-2.0,2024-09-26,63.0
202409267658056,WEY,20.0,2024-09-26,
202409267658066,WEY,-2.0,2024-09-26,48.0
202409267658076,WEY,-1.0,2024-09-26,12.0
202409267658086,WEY,20.0,2024-09-26,17.0
202409267658096,WEY,7.0,2024-09-26,29.0
202409267658106,WEY,4.0,2024-09-26,2.0
202409267658116,WEY,-2.0,2024-09-26,11.0
202409267658126,WEY,20.0,2024-09-26,21.0
202409267658136,WEY,-1.0,2024-09-26,-5.0
202409267658148,WEY,0.0,2024-09-26,5.0
202409267658164,WEY,0.0,2024-09-26,-2.0
202409277657899,WEY,-1.0,2024-09-27,8.0
202409277657903,WEY,0.0,2024-09-27,6.0
202409277657908,WEY,0.0,2024-09-27,0.0
202409277657914,WEY,0.0,2024-09-27,5.0
202409277657922,WEY,0.0,2024-09-27,12.0
202409277657932,WEY,2.0,2024-09-27,4.0
202409277657940,WEY,0.0,2024-09-27,4.0
202409277657950,WEY,-1.0,2024-09-27,-4.0
202409277657958,WEY,-1.0,2024-09-27,9.0
202409277657968,WEY,0.0,2024-09-27,30.0
202409277657978,WEY,0.0,2024-09-27,5.0
202409277657988,WEY,-1.0,2024-09-27,-3.0
202409277658006,WEY,-1.0,2024-09-27,0.0
202409277658036,WEY,-1.0,2024-09-27,7.0
202409277658046,WEY,-1.0,2024-09-27,3.0
202409277658056,WEY,-1.0,2024-09-27,1.0
202409277658066,WEY,-1.0,2024-09-27,12.0
202409277658076,WEY,-1.0,2024-09-27,7.0
202409277658086,WEY,0.0,2024-09-27,1.0
202409277658096,WEY,2.0,2024-09-27,-1.0
202409277658106,WEY,0.0,2024-09-27,11.0
202409277658116,WEY,-1.0,2024-09-27,2.0
202409277658126,WEY,-1.0,2024-09-27,14.0
202409277658136,WEY,-1.0,2024-09-27,-8.0
202409277658147,WEY,-1.0,2024-09-27,11.0
202409277658163,WEY,-1.0,2024-09-27,22.0
202409307657899,WEY,-1.0,2024-09-30,-1.0
202409307657903,WEY,-1.0,2024-09-30,7.0
202409307657908,WEY,6.0,2024-09-30,-1.0
202409307657914,WEY,0.0,2024-09-30,7.0
202409307657922,WEY,-1.0,2024-09-30,11.0
202409307657932,WEY,0.0,2024-09-30,-2.0
202409307657940,WEY,-1.0,2024-09-30,-1.0
202409307657950,WEY,,2024-09-30,
202409307657958,WEY,-1.0,2024-09-30,-4.0
202409307657968,WEY,-1.0,2024-09-30,-2.0
202409307657978,WEY,-1.0,2024-09-30,
202409307657988,WEY,-1.0,2024-09-30,109.0
202409307658006,WEY,-1.0,2024-09-30,-1354.0
202409307658036,WEY,-1.0,2024-09-30,21.0
202409307658046,WEY,-1.0,2024-09-30,1.0
202409307658056,WEY,-1.0,2024-09-30,6.0
202409307658066,WEY,2.0,2024-09-30,14.0
202409307658076,WEY,3.0,2024-09-30,11.0
202409307658086,WEY,-1.0,2024-09-30,5.0
202409307658096,WEY,0.0,2024-09-30,2.0
202409307658106,WEY,0.0,2024-09-30,13.0
202409307658116,WEY,-1.0,2024-09-30,3.0
202409307658126,WEY,-1.0,2024-09-30,0.0
202409307658136,WEY,-1.0,2024-09-30,-9.0
202409307658148,WEY,-1.0,2024-09-30,
202409307658164,WEY,-1.0,2024-09-30,-1361.0
202410017657899,WEY,0.0,2024-10-01,23.0
202410017657903,WEY,0.0,2024-10-01,14.0
202410017657908,WEY,-1.0,2024-10-01,-1.0
202410017657914,WEY,1.0,2024-10-01,-3.0
202410017657922,WEY,-1.0,2024-10-01,-5.0
202410017657932,WEY,0.0,2024-10-01,-3.0
202410017657940,WEY,-1.0,2024-10-01,-3.0
202410017657950,WEY,0.0,2024-10-01,-1.0
202410017657958,WEY,,2024-10-01,
202410017657968,WEY,,2024-10-01,
202410017657978,WEY,-1.0,2024-10-01,-2.0
202410017657988,WEY,-1.0,2024-10-01,-3.0
202410017658006,WEY,-1.0,2024-10-01,-2.0
202410017658036,WEY,5.0,2024-10-01,21.0
202410017658046,WEY,-1.0,2024-10-01,4.0
202410017658056,WEY,0.0,2024-10-01,9.0
202410017658066,WEY,-1.0,2024-10-01,0.0
202410017658076,WEY,1.0,2024-10-01,0.0
202410017658086,WEY,-1.0,2024-10-01,1.0
202410017658096,WEY,-1.0,2024-10-01,-1.0
202410017658106,WEY,-2.0,2024-10-01,5.0
202410017658116,WEY,2.0,2024-10-01,
202410017658126,WEY,-1.0,2024-10-01,0.0
202410017658136,WEY,-1.0,2024-10-01,-4.0
202410017658148,WEY,0.0,2024-10-01,0.0
202410017658164,WEY,-1.0,2024-10-01,0.0
202410027657899,WEY,-1.0,2024-10-02,1.0
202410027657903,WEY,0.0,2024-10-02,2.0
202410027657908,WEY,0.0,2024-10-02,15.0
202410027657914,WEY,0.0,2024-10-02,6.0
202410027657922,WEY,0.0,2024-10-02,1.0
202410027657932,WEY,-1.0,2024-10-02,0.0
202410027657940,WEY,0.0,2024-10-02,15.0
202410027657950,WEY,0.0,2024-10-02,3.0
202410027657958,WEY,-1.0,2024-10-02,2.0
202410027657968,WEY,0.0,2024-10-02,17.0
202410027657978,WEY,3.0,2024-10-02,17.0
202410027657988,WEY,0.0,2024-10-02,-1.0
202410027658006,WEY,1.0,2024-10-02,-1.0
202410027658036,WEY,-1.0,2024-10-02,6.0
202410027658046,WEY,-1.0,2024-10-02,1.0
202410027658056,WEY,0.0,2024-10-02,0.0
202410027658066,WEY,1.0,2024-10-02,-1.0
202410027658076,WEY,-1.0,2024-10-02,-1.0
202410027658086,WEY,0.0,2024-10-02,6.0
202410027658096,WEY,-1.0,2024-10-02,12.0
202410027658106,WEY,3.0,2024-10-02,15.0
202410027658116,WEY,-1.0,2024-10-02,34.0
202410027658126,WEY,0.0,2024-10-02,7.0
202410027658136,WEY,-1.0,2024-10-02,-1.0
202410027658148,WEY,3.0,2024-10-02,-1.0
202410027658164,WEY,-1.0,2024-10-02,1.0
202410037657899,WEY,0.0,2024-10-03,4.0
202410037657903,WEY,0.0,2024-10-03,-1.0
202410037657908,WEY,0.0,2024-10-03,8.0
202410037657914,WEY,0.0,2024-10-03,-1.0
202410037657922,WEY,0.0,2024-10-03,8.0
202410037657932,WEY,-1.0,2024-10-03,-4.0
202410037657940,WEY,-1.0,2024-10-03,4.0
202410037657950,WEY,-1.0,2024-10-03,-5.0
202410037657958,WEY,0.0,2024-10-03,6.0
202410037657968,WEY,-1.0,2024-10-03,9.0
202410037657978,WEY,-1.0,2024-10-03,1.0
202410037657988,WEY,0.0,2024-10-03,7.0
202410037658006,WEY,0.0,2024-10-03,1.0
202410037658036,WEY,-1.0,2024-10-03,15.0
202410037658046,WEY,0.0,2024-10-03,17.0
202410037658056,WEY,-1.0,2024-10-03,0.0
202410037658066,WEY,0.0,2024-10-03,1.0
202410037658076,WEY,0.0,2024-10-03,6.0
202410037658086,WEY,-1.0,2024-10-03,-1.0
202410037658096,WEY,-1.0,2024-10-03,0.0
202410037658106,WEY,-1.0,2024-10-03,9.0
202410037658116,WEY,0.0,2024-10-03,0.0
202410037658126,WEY,-1.0,2024-10-03,13.0
202410037658136,WEY,0.0,2024-10-03,-1.0
202410037658148,WEY,-1.0,2024-10-03,6.0
202410037658164,WEY,-1.0,2024-10-03,-2.0
202410047657899,WEY,-1.0,2024-10-04,20.0
202410047657903,WEY,0.0,2024-10-04,12.0
202410047657908,WEY,0.0,2024-10-04,27.0
202410047657914,WEY,0.0,2024-10-04,11.0
202410047657922,WEY,0.0,2024-10-04,26.0
202410047657932,WEY,18.0,2024-10-04,7.0
202410047657940,WEY,0.0,2024-10-04,16.0
202410047657950,WEY,0.0,2024-10-04,6.0
202410047657958,WEY,0.0,2024-10-04,-2.0
202410047657968,WEY,-1.0,2024-10-04,6.0
202410047657978,WEY,-1.0,2024-10-04,-1.0
202410047657988,WEY,0.0,2024-10-04,0.0
202410047658006,WEY,-1.0,2024-10-04,1.0
202410047658036,WEY,-1.0,2024-10-04,6.0
202410047658046,WEY,-1.0,2024-10-04,45.0
202410047658056,WEY,-1.0,2024-10-04,7.0
202410047658066,WEY,-1.0,2024-10-04,-1.0
202410047658076,WEY,2.0,2024-10-04,9.0
202410047658086,WEY,27.0,2024-10-04,2.0
202410047658096,WEY,-1.0,2024-10-04,5.0
202410047658106,WEY,-1.0,2024-10-04,4.0
202410047658116,WEY,-1.0,2024-10-04,7.0
202410047658126,WEY,-1.0,2024-10-04,1.0
202410047658136,WEY,-1.0,2024-10-04,-7.0
202410047658147,WEY,-1.0,2024-10-04,1.0
202410047658163,WEY,-1.0,2024-10-04,12.0
202410077657899,WEY,0.0,2024-10-07,4.0
202410077657903,WEY,0.0,2024-10-07,6.0
202410077657908,WEY,-1.0,2024-10-07,1.0
202410077657914,WEY,0.0,2024-10-07,-4.0
202410077657922,WEY,0.0,2024-10-07,-4.0
202410077657932,WEY,0.0,2024-10-07,-1.0
202410077657940,WEY,0.0,2024-10-07,-1.0
202410077657950,WEY,0.0,2024-10-07,17.0
202410077657958,WEY,-1.0,2024-10-07,2.0
202410077657968,WEY,-1.0,2024-10-07,5.0
202410077657978,WEY,0.0,2024-10-07,-1.0
202410077657988,WEY,0.0,2024-10-07,3.0
202410077658006,WEY,0.0,2024-10-07,1.0
202410077658036,WEY,9.0,2024-10-07,13.0
202410077658046,WEY,-1.0,2024-10-07,3.0
202410077658056,WEY,0.0,2024-10-07,2.0
202410077658066,WEY,0.0,2024-10-07,-2.0
202410077658076,WEY,0.0,2024-10-07,4.0
202410077658086,WEY,-1.0,2024-10-07,11.0
202410077658096,WEY,-1.0,2024-10-07,7.0
202410077658106,WEY,17.0,2024-10-07,
202410077658116,WEY,4.0,2024-10-07,6.0
202410077658126,WEY,-1.0,2024-10-07,0.0
202410077658136,WEY,-1.0,2024-10-07,11.0
202410077658148,WEY,0.0,2024-10-07,-1.0
202410077658164,WEY,0.0,2024-10-07,0.0
202410087657899,WEY,0.0,2024-10-08,16.0
202410087657903,WEY,0.0,2024-10-08,7.0
202410087657908,WEY,2.0,2024-10-08,0.0
202410087657914,WEY,-1.0,2024-10-08,-3.0
202410087657922,WEY,0.0,2024-10-08,11.0
202410087657932,WEY,-1.0,2024-10-08,-1.0
202410087657940,WEY,0.0,2024-10-08,4.0
202410087657950,WEY,0.0,2024-10-08,7.0
202410087657958,WEY,0.0,2024-10-08,-3.0
202410087657968,WEY,,2024-10-08,
202410087657978,WEY,5.0,2024-10-08,0.0
202410087657988,WEY,-1.0,2024-10-08,13.0
202410087658006,WEY,0.0,2024-10-08,2.0
202410087658036,WEY,-1.0,2024-10-08,22.0
202410087658046,WEY,1.0,2024-10-08,11.0
202410087658056,WEY,-1.0,2024-10-08,1.0
202410087658066,WEY,-1.0,2024-10-08,4.0
202410087658076,WEY,0.0,2024-10-08,3.0
202410087658086,WEY,-1.0,2024-10-08,1.0
202410087658096,WEY,0.0,2024-10-08,14.0
202410087658106,WEY,-1.0,2024-10-08,5.0
202410087658116,WEY,-1.0,2024-10-08,
202410087658126,WEY,-2.0,2024-10-08,4.0
202410087658136,WEY,-3.0,2024-10-08,-7.0
202410087658148,WEY,1.0,2024-10-08,4.0
202410087658164,WEY,-1.0,2024-10-08,0.0
202410097657899,WEY,-1.0,2024-10-09,2.0
202410097657903,WEY,3.0,2024-10-09,-1.0
202410097657908,WEY,-1.0,2024-10-09,0.0
202410097657914,WEY,-1.0,2024-10-09,2.0
202410097657922,WEY,0.0,2024-10-09,9.0
202410097657932,WEY,-1.0,2024-10-09,29.0
202410097657940,WEY,-1.0,2024-10-09,12.0
202410097657950,WEY,-1.0,2024-10-09,10.0
202410097657958,WEY,0.0,2024-10-09,9.0
202410097657968,WEY,-1.0,2024-10-09,3.0
202410097657978,WEY,0.0,2024-10-09,0.0
202410097657988,WEY,-1.0,2024-10-09,6.0
202410097658006,WEY,-1.0,2024-10-09,9.0
202410097658036,WEY,2.0,2024-10-09,2.0
202410097658046,WEY,0.0,2024-10-09,13.0
202410097658056,WEY,0.0,2024-10-09,12.0
202410097658066,WEY,0.0,2024-10-09,5.0
202410097658076,WEY,-1.0,2024-10-09,15.0
202410097658086,WEY,-1.0,2024-10-09,5.0
202410097658096,WEY,-1.0,2024-10-09,2.0
202410097658106,WEY,-1.0,2024-10-09,3.0
202410097658116,WEY,0.0,2024-10-09,5.0
202410097658126,WEY,-1.0,2024-10-09,16.0
202410097658136,WEY,-1.0,2024-10-09,-6.0
202410097658148,WEY,-1.0,2024-10-09,1.0
202410097658164,WEY,-1.0,2024-10-09,2.0
202410107657899,WEY,0.0,2024-10-10,16.0
202410107657903,WEY,4.0,2024-10-10,10.0
202410107657908,WEY,-1.0,2024-10-10,2.0
202410107657914,WEY,0.0,2024-10-10,5.0
202410107657922,WEY,0.0,2024-10-10,2.0
202410107657932,WEY,0.0,2024-10-10,-3.0
202410107657940,WEY,-1.0,2024-10-10,2.0
202410107657950,WEY,0.0,2024-10-10,6.0
202410107657958,WEY,0.0,2024-10-10,16.0
202410107657968,WEY,0.0,2024-10-10,0.0
202410107657978,WEY,0.0,2024-10-10,0.0
202410107657988,WEY,0.0,2024-10-10,0.0
202410107658006,WEY,1.0,2024-10-10,4.0
202410107658036,WEY,-1.0,2024-10-10,23.0
202410107658046,WEY,0.0,2024-10-10,3.0
202410107658056,WEY,-1.0,2024-10-10,3.0
202410107658066,WEY,0.0,2024-10-10,4.0
202410107658076,WEY,-1.0,2024-10-10,7.0
202410107658086,WEY,-1.0,2024-10-10,12.0
202410107658096,WEY,-1.0,2024-10-10,3.0
202410107658106,WEY,-1.0,2024-10-10,2.0
202410107658116,WEY,-1.0,2024-10-10,3.0
202410107658126,WEY,0.0,2024-10-10,1.0
202410107658136,WEY,-1.0,2024-10-10,-5.0
202410107658148,WEY,5.0,2024-10-10,11.0
202410107658164,WEY,0.0,2024-10-10,0.0
202410117657899,WEY,-1.0,2024-10-11,-1.0
202410117657903,WEY,7.0,2024-10-11,8.0
202410117657908,WEY,0.0,2024-10-11,3.0
202410117657914,WEY,0.0,2024-10-11,2.0
202410117657922,WEY,0.0,2024-10-11,5.0
202410117657932,WEY,0.0,2024-10-11,2.0
202410117657940,WEY,0.0,2024-10-11,-1.0
202410117657950,WEY,0.0,2024-10-11,19.0
202410117657958,WEY,0.0,2024-10-11,4.0
202410117657968,WEY,-1.0,2024-10-11,12.0
202410117657978,WEY,0.0,2024-10-11,16.0
202410117657988,WEY,-1.0,2024-10-11,-2.0
202410117658006,WEY,0.0,2024-10-11,2.0
202410117658036,WEY,-1.0,2024-10-11,1.0
202410117658046,WEY,-1.0,2024-10-11,2.0
202410117658056,WEY,-1.0,2024-10-11,0.0
202410117658066,WEY,-1.0,2024-10-11,6.0
202410117658076,WEY,-1.0,2024-10-11,7.0
202410117658086,WEY,5.0,2024-10-11,8.0
202410117658096,WEY,-1.0,2024-10-11,6.0
202410117658106,WEY,-1.0,2024-10-11,3.0
202410117658116,WEY,3.0,2024-10-11,4.0
202410117658126,WEY,-1.0,2024-10-11,17.0
202410117658136,WEY,0.0,2024-10-11,0.0
202410117658147,WEY,-1.0,2024-10-11,2.0
202410117658163,WEY,-1.0,2024-10-11,4.0
202410147657899,WEY,0.0,2024-10-14,28.0
202410147657903,WEY,2.0,2024-10-14,11.0
202410147657908,WEY,-1.0,2024-10-14,-4.0
202410147657914,WEY,0.0,2024-10-14,17.0
202410147657922,WEY,-1.0,2024-10-14,7.0
202410147657932,WEY,0.0,2024-10-14,-4.0
202410147657940,WEY,0.0,2024-10-14,7.0
202410147657950,WEY,0.0,2024-10-14,18.0
202410147657958,WEY,0.0,2024-10-14,-3.0
202410147657968,WEY,0.0,2024-10-14,6.0
202410147657978,WEY,0.0,2024-10-14,-1.0
202410147657988,WEY,3.0,2024-10-14,-3.0
202410147658006,WEY,0.0,2024-10-14,2.0
202410147658036,WEY,-1.0,2024-10-14,5.0
202410147658046,WEY,-1.0,2024-10-14,3.0
202410147658056,WEY,-1.0,2024-10-14,3.0
202410147658066,WEY,-1.0,2024-10-14,8.0
202410147658076,WEY,0.0,2024-10-14,5.0
202410147658086,WEY,-1.0,2024-10-14,0.0
202410147658096,WEY,1.0,2024-10-14,5.0
202410147658106,WEY,-1.0,2024-10-14,8.0
202410147658116,WEY,0.0,2024-10-14,1.0
202410147658126,WEY,1.0,2024-10-14,6.0
202410147658136,WEY,1.0,2024-10-14,-6.0
202410147658148,WEY,4.0,2024-10-14,-1.0
202410147658164,WEY,-1.0,2024-10-14,8.0
202410157657899,WEY,0.0,2024-10-15,-1.0
202410157657903,WEY,1.0,2024-10-15,3.0
202410157657908,WEY,-1.0,2024-10-15,-1.0
202410157657914,WEY,-1.0,2024-10-15,-2.0
202410157657922,WEY,0.0,2024-10-15,2.0
202410157657932,WEY,2.0,2024-10-15,1.0
202410157657940,WEY,4.0,2024-10-15,39.0
202410157657950,WEY,-1.0,2024-10-15,14.0
202410157657958,WEY,-1.0,2024-10-15,2.0
202410157657968,WEY,0.0,2024-10-15,27.0
202410157657978,WEY,0.0,2024-10-15,-2.0
202410157657988,WEY,0.0,2024-10-15,0.0
202410157658006,WEY,6.0,2024-10-15,6.0
202410157658036,WEY,-1.0,2024-10-15,6.0
202410157658046,WEY,-1.0,2024-10-15,18.0
202410157658056,WEY,0.0,2024-10-15,-1.0
202410157658066,WEY,-1.0,2024-10-15,5.0
202410157658076,WEY,-1.0,2024-10-15,7.0
202410157658086,WEY,-1.0,2024-10-15,17.0
202410157658096,WEY,-1.0,2024-10-15,35.0
202410157658106,WEY,-1.0,2024-10-15,7.0
202410157658116,WEY,1.0,2024-10-15,8.0
202410157658126,WEY,-1.0,2024-10-15,5.0
202410157658136,WEY,0.0,2024-10-15,-5.0
202410157658148,WEY,8.0,2024-10-15,0.0
202410157658164,WEY,0.0,2024-10-15,4.0
202410167657899,WEY,-1.0,2024-10-16,15.0
202410167657903,WEY,0.0,2024-10-16,23.0
202410167657908,WEY,1.0,2024-10-16,4.0
202410167657914,WEY,0.0,2024-10-16,2.0
202410167657922,WEY,0.0,2024-10-16,5.0
202410167657932,WEY,0.0,2024-10-16,-1.0
202410167657940,WEY,2.0,2024-10-16,5.0
202410167657950,WEY,-1.0,2024-10-16,2.0
202410167657958,WEY,-1.0,2024-10-16,4.0
202410167657968,WEY,0.0,2024-10-16,1.0
202410167657978,WEY,0.0,2024-10-16,-1.0
202410167657988,WEY,-1.0,2024-10-16,0.0
202410167658006,WEY,-1.0,2024-10-16,1.0
202410167658036,WEY,-1.0,2024-10-16,5.0
202410167658046,WEY,-1.0,2024-10-16,0.0
202410167658056,WEY,-1.0,2024-10-16,-1.0
202410167658066,WEY,1.0,2024-10-16,-1.0
202410167658076,WEY,-1.0,2024-10-16,1.0
202410167658086,WEY,-1.0,2024-10-16,0.0
202410167658096,WEY,-1.0,2024-10-16,3.0
202410167658106,WEY,0.0,2024-10-16,1.0
202410167658116,WEY,0.0,2024-10-16,5.0
202410167658126,WEY,-1.0,2024-10-16,2.0
202410167658136,WEY,0.0,2024-10-16,-9.0
202410167658148,WEY,0.0,2024-10-16,4.0
202410167658164,WEY,-1.0,2024-10-16,-1.0
202410177657899,WEY,0.0,2024-10-17,-1.0
202410177657903,WEY,-1.0,2024-10-17,3.0
202410177657908,WEY,-1.0,2024-10-17,19.0
202410177657914,WEY,-1.0,2024-10-17,-1.0
202410177657922,WEY,15.0,2024-10-17,-3.0
202410177657932,WEY,0.0,2024-10-17,-6.0
202410177657940,WEY,0.0,2024-10-17,0.0
202410177657950,WEY,-1.0,2024-10-17,-3.0
202410177657958,WEY,0.0,2024-10-17,-5.0
202410177657968,WEY,0.0,2024-10-17,-1.0
202410177657978,WEY,-1.0,2024-10-17,-2.0
202410177657988,WEY,-1.0,2024-10-17,-3.0
202410177658006,WEY,-1.0,2024-10-17,0.0
202410177658036,WEY,0.0,2024-10-17,1.0
202410177658046,WEY,-1.0,2024-10-17,2.0
202410177658056,WEY,-1.0,2024-10-17,12.0
202410177658066,WEY,2.0,2024-10-17,-1.0
202410177658076,WEY,7.0,2024-10-17,0.0
202410177658086,WEY,-1.0,2024-10-17,1.0
202410177658096,WEY,-1.0,2024-10-17,2.0
202410177658106,WEY,-1.0,2024-10-17,5.0
202410177658116,WEY,-1.0,2024-10-17,2.0
202410177658126,WEY,-1.0,2024-10-17,-2.0
202410177658136,WEY,-1.0,2024-10-17,-5.0
202410177658148,WEY,-1.0,2024-10-17,0.0
202410177658164,WEY,-1.0,2024-10-17,-3.0
202410187657899,WEY,-1.0,2024-10-18,-1.0
202410187657903,WEY,-1.0,2024-10-18,1.0
202410187657908,WEY,-1.0,2024-10-18,18.0
202410187657914,WEY,0.0,2024-10-18,-1.0
202410187657922,WEY,-1.0,2024-10-18,11.0
202410187657932,WEY,0.0,2024-10-18,-4.0
202410187657940,WEY,0.0,2024-10-18,-1.0
202410187657950,WEY,0.0,2024-10-18,-3.0
202410187657958,WEY,0.0,2024-10-18,6.0
202410187657968,WEY,0.0,2024-10-18,-1.0
202410187657978,WEY,-1.0,2024-10-18,7.0
202410187657988,WEY,-1.0,2024-10-18,-1.0
202410187658006,WEY,0.0,2024-10-18,3.0
202410187658036,WEY,-1.0,2024-10-18,0.0
202410187658046,WEY,0.0,2024-10-18,4.0
202410187658056,WEY,0.0,2024-10-18,0.0
202410187658066,WEY,2.0,2024-10-18,8.0
202410187658076,WEY,0.0,2024-10-18,5.0
202410187658086,WEY,0.0,2024-10-18,11.0
202410187658096,WEY,-1.0,2024-10-18,7.0
202410187658106,WEY,1.0,2024-10-18,2.0
202410187658116,WEY,-1.0,2024-10-18,4.0
202410187658126,WEY,0.0,2024-10-18,0.0
202410187658136,WEY,-1.0,2024-10-18,-5.0
202410187658147,WEY,-1.0,2024-10-18,5.0
202410187658163,WEY,-3.0,2024-10-18,10.0
202410217657899,WEY,-1.0,2024-10-21,2.0
202410217657903,WEY,1.0,2024-10-21,30.0
202410217657908,WEY,0.0,2024-10-21,33.0
202410217657914,WEY,0.0,2024-10-21,19.0
202410217657922,WEY,10.0,2024-10-21,17.0
202410217657932,WEY,0.0,2024-10-21,-3.0
202410217657940,WEY,0.0,2024-10-21,8.0
202410217657950,WEY,0.0,2024-10-21,9.0
202410217657958,WEY,0.0,2024-10-21,3.0
202410217657968,WEY,0.0,2024-10-21,6.0
202410217657978,WEY,0.0,2024-10-21,-2.0
202410217657988,WEY,-1.0,2024-10-21,0.0
202410217658006,WEY,-1.0,2024-10-21,4.0
202410217658036,WEY,-1.0,2024-10-21,18.0
202410217658046,WEY,-1.0,2024-10-21,33.0
202410217658056,WEY,-1.0,2024-10-21,15.0
202410217658066,WEY,6.0,2024-10-21,8.0
202410217658076,WEY,-3.0,2024-10-21,4.0
202410217658086,WEY,-1.0,2024-10-21,11.0
202410217658096,WEY,-1.0,2024-10-21,8.0
202410217658106,WEY,-1.0,2024-10-21,12.0
202410217658116,WEY,0.0,2024-10-21,14.0
202410217658126,WEY,-1.0,2024-10-21,6.0
202410217658136,WEY,-1.0,2024-10-21,0.0
202410217658148,WEY,-1.0,2024-10-21,1.0
202410217658164,WEY,7.0,2024-10-21,0.0
202410227657899,WEY,-1.0,2024-10-22,13.0
202410227657903,WEY,0.0,2024-10-22,3.0
202410227657908,WEY,-1.0,2024-10-22,-4.0
202410227657914,WEY,0.0,2024-10-22,-4.0
202410227657922,WEY,0.0,2024-10-22,3.0
202410227657932,WEY,0.0,2024-10-22,6.0
202410227657940,WEY,0.0,2024-10-22,5.0
202410227657950,WEY,-1.0,2024-10-22,1.0
202410227657958,WEY,0.0,2024-10-22,6.0
202410227657968,WEY,-1.0,2024-10-22,1.0
202410227657978,WEY,0.0,2024-10-22,-2.0
202410227657988,WEY,0.0,2024-10-22,0.0
202410227658006,WEY,-1.0,2024-10-22,-1.0
202410227658036,WEY,-1.0,2024-10-22,3.0
202410227658046,WEY,0.0,2024-10-22,3.0
202410227658056,WEY,-1.0,2024-10-22,2.0
202410227658066,WEY,0.0,2024-10-22,0.0
202410227658076,WEY,-1.0,2024-10-22,0.0
202410227658086,WEY,0.0,2024-10-22,17.0
202410227658096,WEY,-1.0,2024-10-22,1.0
202410227658106,WEY,-1.0,2024-10-22,5.0
202410227658116,WEY,-1.0,2024-10-22,1.0
202410227658126,WEY,-1.0,2024-10-22,1.0
202410227658136,WEY,0.0,2024-10-22,1.0
202410227658148,WEY,-1.0,2024-10-22,0.0
202410227658164,WEY,-1.0,2024-10-22,-2.0
202410237657899,WEY,0.0,2024-10-23,21.0
202410237657903,WEY,0.0,2024-10-23,23.0
202410237657908,WEY,0.0,2024-10-23,5.0
202410237657914,WEY,0.0,2024-10-23,-3.0
202410237657922,WEY,0.0,2024-10-23,16.0
202410237657932,WEY,0.0,2024-10-23,15.0
202410237657940,WEY,-1.0,2024-10-23,1.0
202410237657950,WEY,0.0,2024-10-23,7.0
202410237657958,WEY,0.0,2024-10-23,-3.0
202410237657968,WEY,0.0,2024-10-23,6.0
202410237657978,WEY,0.0,2024-10-23,-2.0
202410237657988,WEY,0.0,2024-10-23,0.0
202410237658006,WEY,0.0,2024-10-23,14.0
202410237658036,WEY,-1.0,2024-10-23,16.0
202410237658046,WEY,-1.0,2024-10-23,14.0
202410237658056,WEY,0.0,2024-10-23,4.0
202410237658066,WEY,-1.0,2024-10-23,5.0
202410237658076,WEY,0.0,2024-10-23,4.0
202410237658086,WEY,0.0,2024-10-23,15.0
202410237658096,WEY,-1.0,2024-10-23,13.0
202410237658106,WEY,-1.0,2024-10-23,5.0
202410237658116,WEY,12.0,2024-10-23,27.0
202410237658126,WEY,-1.0,2024-10-23,1.0
202410237658136,WEY,-1.0,2024-10-23,-4.0
202410237658148,WEY,-1.0,2024-10-23,0.0
202410237658164,WEY,15.0,2024-10-23,-1.0
202410247657899,WEY,-1.0,2024-10-24,-3.0
202410247657903,WEY,-2.0,2024-10-24,3.0
202410247657908,WEY,-1.0,2024-10-24,6.0
202410247657914,WEY,0.0,2024-10-24,5.0
202410247657922,WEY,0.0,2024-10-24,7.0
202410247657932,WEY,1.0,2024-10-24,0.0
202410247657940,WEY,0.0,2024-10-24,6.0
202410247657950,WEY,0.0,2024-10-24,4.0
202410247657958,WEY,-1.0,2024-10-24,2.0
202410247657968,WEY,0.0,2024-10-24,1.0
202410247657978,WEY,-1.0,2024-10-24,-1.0
202410247657988,WEY,-1.0,2024-10-24,
202410247658006,WEY,-1.0,2024-10-24,1.0
202410247658036,WEY,-1.0,2024-10-24,7.0
202410247658046,WEY,-1.0,2024-10-24,14.0
202410247658056,WEY,-1.0,2024-10-24,1.0
202410247658066,WEY,-1.0,2024-10-24,2.0
202410247658076,WEY,0.0,2024-10-24,2.0
202410247658086,WEY,-1.0,2024-10-24,-3.0
202410247658096,WEY,-1.0,2024-10-24,0.0
202410247658106,WEY,-1.0,2024-10-24,1.0
202410247658116,WEY,-1.0,2024-10-24,8.0
202410247658126,WEY,-1.0,2024-10-24,1.0
202410247658136,WEY,-1.0,2024-10-24,-7.0
202410247658148,WEY,-1.0,2024-10-24,1.0
202410247658164,WEY,0.0,2024-10-24,13.0
202410257657899,WEY,0.0,2024-10-25,1.0
202410257657903,WEY,0.0,2024-10-25,14.0
202410257657908,WEY,-1.0,2024-10-25,1.0
202410257657914,WEY,-1.0,2024-10-25,-5.0
202410257657922,WEY,-1.0,2024-10-25,7.0
202410257657932,WEY,1.0,2024-10-25,5.0
202410257657940,WEY,2.0,2024-10-25,5.0
202410257657950,WEY,0.0,2024-10-25,-1.0
202410257657958,WEY,0.0,2024-10-25,-4.0
202410257657968,WEY,-1.0,2024-10-25,6.0
202410257657978,WEY,-1.0,2024-10-25,-1.0
202410257657988,WEY,-1.0,2024-10-25,1.0
202410257658006,WEY,0.0,2024-10-25,1.0
202410257658036,WEY,-1.0,2024-10-25,2.0
202410257658046,WEY,-1.0,2024-10-25,13.0
202410257658056,WEY,-1.0,2024-10-25,8.0
202410257658066,WEY,-1.0,2024-10-25,8.0
202410257658076,WEY,6.0,2024-10-25,2.0
202410257658086,WEY,-1.0,2024-10-25,6.0
202410257658096,WEY,-1.0,2024-10-25,12.0
202410257658106,WEY,-1.0,2024-10-25,16.0
202410257658116,WEY,-1.0,2024-10-25,11.0
202410257658126,WEY,2.0,2024-10-25,9.0
202410257658136,WEY,-1.0,2024-10-25,-1.0
202410257658147,WEY,4.0,2024-10-25,19.0
202410257658163,WEY,0.0,2024-10-25,0.0
202410287657899,WEY,-1.0,2024-10-28,12.0
202410287657903,WEY,4.0,2024-10-28,8.0
202410287657908,WEY,-1.0,2024-10-28,-1.0
202410287657914,WEY,0.0,2024-10-28,1.0
202410287657922,WEY,-1.0,2024-10-28,3.0
202410287657932,WEY,0.0,2024-10-28,14.0
202410287657940,WEY,0.0,2024-10-28,35.0
202410287657950,WEY,0.0,2024-10-28,17.0
202410287657958,WEY,0.0,2024-10-28,7.0
202410287657968,WEY,-1.0,2024-10-28,0.0
202410287657978,WEY,-1.0,2024-10-28,0.0
202410287657988,WEY,-1.0,2024-10-28,-3.0
202410287658006,WEY,-1.0,2024-10-28,0.0
202410287658036,WEY,-1.0,2024-10-28,19.0
202410287658046,WEY,-1.0,2024-10-28,6.0
202410287658056,WEY,-1.0,2024-10-28,2.0
202410287658066,WEY,0.0,2024-10-28,12.0
202410287658076,WEY,1.0,2024-10-28,22.0
202410287658086,WEY,-1.0,2024-10-28,19.0
202410287658096,WEY,2.0,2024-10-28,27.0
202410287658106,WEY,-3.0,2024-10-28,27.0
202410287658116,WEY,-1.0,2024-10-28,3.0
202410287658126,WEY,-1.0,2024-10-28,14.0
202410287658136,WEY,12.0,2024-10-28,5.0
202410287658148,WEY,-1.0,2024-10-28,1.0
202410287658164,WEY,-1.0,2024-10-28,5.0
202410297657899,WEY,-1.0,2024-10-29,2.0
202410297657903,WEY,0.0,2024-10-29,12.0
202410297657908,WEY,-1.0,2024-10-29,2.0
202410297657914,WEY,-1.0,2024-10-29,-1.0
202410297657922,WEY,0.0,2024-10-29,10.0
202410297657932,WEY,0.0,2024-10-29,-4.0
202410297657940,WEY,0.0,2024-10-29,8.0
202410297657950,WEY,-1.0,2024-10-29,0.0
202410297657958,WEY,-1.0,2024-10-29,18.0
202410297657968,WEY,0.0,2024-10-29,6.0
202410297657978,WEY,0.0,2024-10-29,22.0
202410297657988,WEY,0.0,2024-10-29,-1.0
202410297658006,WEY,-1.0,2024-10-29,5.0
202410297658036,WEY,-1.0,2024-10-29,11.0
202410297658046,WEY,-1.0,2024-10-29,15.0
202410297658056,WEY,-1.0,2024-10-29,5.0
202410297658066,WEY,-1.0,2024-10-29,14.0
202410297658076,WEY,-1.0,2024-10-29,4.0
202410297658086,WEY,-1.0,2024-10-29,15.0
202410297658096,WEY,-2.0,2024-10-29,3.0
202410297658106,WEY,-1.0,2024-10-29,21.0
202410297658116,WEY,-1.0,2024-10-29,16.0
202410297658126,WEY,-1.0,2024-10-29,5.0
202410297658136,WEY,-1.0,2024-10-29,0.0
202410297658148,WEY,-1.0,2024-10-29,8.0
202410297658164,WEY,-1.0,2024-10-29,2.0
202410307657899,WEY,-1.0,2024-10-30,-1.0
202410307657903,WEY,0.0,2024-10-30,12.0
202410307657908,WEY,0.0,2024-10-30,1.0
202410307657914,WEY,-1.0,2024-10-30,-3.0
202410307657922,WEY,0.0,2024-10-30,-1.0
202410307657932,WEY,-1.0,2024-10-30,-4.0
202410307657940,WEY,3.0,2024-10-30,12.0
202410307657950,WEY,0.0,2024-10-30,5.0
202410307657958,WEY,0.0,2024-10-30,3.0
202410307657968,WEY,0.0,2024-10-30,2.0
202410307657978,WEY,0.0,2024-10-30,-1.0
202410307657988,WEY,4.0,2024-10-30,-1.0
202410307658006,WEY,0.0,2024-10-30,1.0
202410307658036,WEY,-1.0,2024-10-30,14.0
202410307658046,WEY,-1.0,2024-10-30,12.0
202410307658056,WEY,2.0,2024-10-30,-1.0
202410307658066,WEY,-1.0,2024-10-30,12.0
202410307658076,WEY,-1.0,2024-10-30,0.0
202410307658086,WEY,-1.0,2024-10-30,0.0
202410307658096,WEY,-1.0,2024-10-30,3.0
202410307658106,WEY,-1.0,2024-10-30,20.0
202410307658116,WEY,0.0,2024-10-30,7.0
202410307658126,WEY,3.0,2024-10-30,1.0
202410307658136,WEY,0.0,2024-10-30,-3.0
202410307658148,WEY,-1.0,2024-10-30,2.0
202410307658164,WEY,1.0,2024-10-30,3.0
202410317657899,WEY,0.0,2024-10-31,-1.0
202410317657903,WEY,1.0,2024-10-31,1.0
202410317657908,WEY,0.0,2024-10-31,17.0
202410317657914,WEY,-1.0,2024-10-31,6.0
202410317657922,WEY,-1.0,2024-10-31,3.0
202410317657932,WEY,-1.0,2024-10-31,2.0
202410317657940,WEY,-1.0,2024-10-31,5.0
202410317657950,WEY,0.0,2024-10-31,1.0
202410317657958,WEY,-1.0,2024-10-31,-1.0
202410317657968,WEY,0.0,2024-10-31,3.0
202410317657978,WEY,0.0,2024-10-31,5.0
202410317657988,WEY,-1.0,2024-10-31,1.0
202410317658006,WEY,-1.0,2024-10-31,0.0
202410317658036,WEY,-1.0,2024-10-31,1.0
202410317658046,WEY,-1.0,2024-10-31,20.0
202410317658056,WEY,1.0,2024-10-31,7.0
202410317658066,WEY,20.0,2024-10-31,21.0
202410317658076,WEY,-1.0,2024-10-31,1.0
202410317658086,WEY,1.0,2024-10-31,0.0
202410317658096,WEY,0.0,2024-10-31,3.0
202410317658106,WEY,0.0,2024-10-31,3.0
202410317658116,WEY,1.0,2024-10-31,2.0
202410317658126,WEY,-1.0,2024-10-31,0.0
202410317658136,WEY,-1.0,2024-10-31,-5.0
202410317658148,WEY,-1.0,2024-10-31,2.0
202410317658164,WEY,0.0,2024-10-31,-1.0
202411017657899,WEY,-1.0,2024-11-01,6.0
202411017657903,WEY,0.0,2024-11-01,2.0
202411017657908,WEY,0.0,2024-11-01,-1.0
202411017657914,WEY,0.0,2024-11-01,2.0
202411017657922,WEY,-1.0,2024-11-01,6.0
202411017657932,WEY,0.0,2024-11-01,-4.0
202411017657940,WEY,0.0,2024-11-01,5.0
202411017657950,WEY,0.0,2024-11-01,-1.0
202411017657958,WEY,-1.0,2024-11-01,10.0
202411017657968,WEY,0.0,2024-11-01,1.0
202411017657978,WEY,0.0,2024-11-01,0.0
202411017657988,WEY,-1.0,2024-11-01,14.0
202411017658006,WEY,2.0,2024-11-01,3.0
202411017658036,WEY,-1.0,2024-11-01,12.0
202411017658046,WEY,-1.0,2024-11-01,2.0
202411017658056,WEY,-1.0,2024-11-01,1.0
202411017658066,WEY,1.0,2024-11-01,10.0
202411017658076,WEY,-1.0,2024-11-01,-1.0
202411017658086,WEY,-1.0,2024-11-01,2.0
202411017658096,WEY,-1.0,2024-11-01,2.0
202411017658106,WEY,-1.0,2024-11-01,21.0
202411017658116,WEY,0.0,2024-11-01,7.0
202411017658126,WEY,1.0,2024-11-01,3.0
202411017658136,WEY,-1.0,2024-11-01,-5.0
202411017658147,WEY,0.0,2024-11-01,7.0
202411017658163,WEY,-1.0,2024-11-01,4.0
202411047657899,WEY,-1.0,2024-11-04,15.0
202411047657903,WEY,-1.0,2024-11-04,7.0
202411047657908,WEY,0.0,2024-11-04,-1.0
202411047657914,WEY,1.0,2024-11-04,
202411047657922,WEY,0.0,2024-11-04,1.0
202411047657932,WEY,0.0,2024-11-04,9.0
202411047657940,WEY,-1.0,2024-11-04,4.0
202411047657950,WEY,0.0,2024-11-04,3.0
202411047657958,WEY,0.0,2024-11-04,32.0
202411047657968,WEY,7.0,2024-11-04,-1.0
202411047657978,WEY,1.0,2024-11-04,-1.0
202411047657988,WEY,,2024-11-04,
202411047658006,WEY,3.0,2024-11-04,8.0
202411047658036,WEY,-1.0,2024-11-04,5.0
202411047658046,WEY,-1.0,2024-11-04,2.0
202411047658056,WEY,0.0,2024-11-04,-1.0
202411047658066,WEY,0.0,2024-11-04,15.0
202411047658076,WEY,0.0,2024-11-04,1.0
202411047658086,WEY,0.0,2024-11-04,10.0
202411047658096,WEY,-1.0,2024-11-04,20.0
202411047658106,WEY,,2024-11-04,
202411047658116,WEY,-1.0,2024-11-04,9.0
202411047658126,WEY,-1.0,2024-11-04,19.0
202411047658136,WEY,2.0,2024-11-04,-7.0
202411047658148,WEY,0.0,2024-11-04,8.0
202411047658164,WEY,-1.0,2024-11-04,22.0
202411057657899,WEY,-1.0,2024-11-05,-2.0
202411057657903,WEY,0.0,2024-11-05,3.0
202411057657908,WEY,2.0,2024-11-05,-1.0
202411057657914,WEY,-1.0,2024-11-05,14.0
202411057657922,WEY,-1.0,2024-11-05,2.0
202411057657932,WEY,0.0,2024-11-05,2.0
202411057657940,WEY,2.0,2024-11-05,10.0
202411057657950,WEY,0.0,2024-11-05,-4.0
202411057657958,WEY,0.0,2024-11-05,3.0
202411057657968,WEY,0.0,2024-11-05,2.0
202411057657978,WEY,1.0,2024-11-05,1.0
202411057657988,WEY,0.0,2024-11-05,0.0
202411057658006,WEY,0.0,2024-11-05,2.0
202411057658036,WEY,-1.0,2024-11-05,4.0
202411057658046,WEY,-1.0,2024-11-05,2.0
202411057658056,WEY,-1.0,2024-11-05,0.0
202411057658066,WEY,0.0,2024-11-05,29.0
202411057658076,WEY,0.0,2024-11-05,3.0
202411057658086,WEY,21.0,2024-11-05,15.0
202411057658096,WEY,-1.0,2024-11-05,9.0
202411057658106,WEY,-1.0,2024-11-05,-3.0
202411057658116,WEY,-1.0,2024-11-05,3.0
202411057658126,WEY,0.0,2024-11-05,1.0
202411057658136,WEY,2.0,2024-11-05,-2.0
202411057658148,WEY,-1.0,2024-11-05,1.0
202411057658164,WEY,3.0,2024-11-05,-1.0
202411067657899,WEY,0.0,2024-11-06,-3.0
202411067657903,WEY,2.0,2024-11-06,1.0
202411067657908,WEY,0.0,2024-11-06,-1.0
202411067657914,WEY,0.0,2024-11-06,2.0
202411067657922,WEY,0.0,2024-11-06,4.0
202411067657932,WEY,0.0,2024-11-06,-1.0
202411067657940,WEY,0.0,2024-11-06,2.0
202411067657950,WEY,-1.0,2024-11-06,0.0
202411067657958,WEY,-1.0,2024-11-06,4.0
202411067657968,WEY,0.0,2024-11-06,7.0
202411067657978,WEY,-1.0,2024-11-06,-1.0
202411067657988,WEY,0.0,2024-11-06,-3.0
202411067658006,WEY,0.0,2024-11-06,-1.0
202411067658036,WEY,-1.0,2024-11-06,8.0
202411067658046,WEY,-1.0,2024-11-06,11.0
202411067658056,WEY,0.0,2024-11-06,1.0
202411067658066,WEY,-1.0,2024-11-06,3.0
202411067658076,WEY,-1.0,2024-11-06,-2.0
202411067658086,WEY,-1.0,2024-11-06,0.0
202411067658096,WEY,-1.0,2024-11-06,9.0
202411067658106,WEY,-1.0,2024-11-06,19.0
202411067658116,WEY,-1.0,2024-11-06,2.0
202411067658126,WEY,-1.0,2024-11-06,13.0
202411067658136,WEY,0.0,2024-11-06,-7.0
202411067658148,WEY,0.0,2024-11-06,11.0
202411067658164,WEY,-1.0,2024-11-06,-1.0
202411077657899,WEY,-1.0,2024-11-07,-1.0
202411077657903,WEY,0.0,2024-11-07,5.0
202411077657908,WEY,-1.0,2024-11-07,-4.0
202411077657914,WEY,0.0,2024-11-07,-4.0
202411077657922,WEY,0.0,2024-11-07,4.0
202411077657932,WEY,0.0,2024-11-07,3.0
202411077657940,WEY,0.0,2024-11-07,0.0
202411077657950,WEY,0.0,2024-11-07,10.0
202411077657958,WEY,0.0,2024-11-07,-2.0
202411077657968,WEY,0.0,2024-11-07,-1.0
202411077657978,WEY,-1.0,2024-11-07,-1.0
202411077657988,WEY,-1.0,2024-11-07,-2.0
202411077658006,WEY,0.0,2024-11-07,1.0
202411077658036,WEY,-1.0,2024-11-07,16.0
202411077658046,WEY,-1.0,2024-11-07,2.0
202411077658056,WEY,-1.0,2024-11-07,0.0
202411077658066,WEY,0.0,2024-11-07,15.0
202411077658076,WEY,-1.0,2024-11-07,4.0
202411077658086,WEY,-1.0,2024-11-07,8.0
202411077658096,WEY,0.0,2024-11-07,6.0
202411077658106,WEY,-1.0,2024-11-07,2.0
202411077658116,WEY,-1.0,2024-11-07,6.0
202411077658126,WEY,-1.0,2024-11-07,1.0
202411077658136,WEY,-1.0,2024-11-07,-6.0
202411077658148,WEY,0.0,2024-11-07,1.0
202411077658164,WEY,0.0,2024-11-07,-1.0
202411087657899,WEY,-1.0,2024-11-08,-1.0
202411087657903,WEY,-1.0,2024-11-08,3.0
202411087657908,WEY,0.0,2024-11-08,3.0
202411087657914,WEY,0.0,2024-11-08,5.0
202411087657922,WEY,-1.0,2024-11-08,-3.0
202411087657932,WEY,0.0,2024-11-08,11.0
202411087657940,WEY,0.0,2024-11-08,3.0
202411087657950,WEY,0.0,2024-11-08,9.0
202411087657958,WEY,-1.0,2024-11-08,28.0
202411087657968,WEY,0.0,2024-11-08,10.0
202411087657978,WEY,4.0,2024-11-08,18.0
202411087657988,WEY,15.0,2024-11-08,23.0
202411087658006,WEY,-1.0,2024-11-08,-1.0
202411087658036,WEY,-1.0,2024-11-08,2.0
202411087658046,WEY,-1.0,2024-11-08,4.0
202411087658056,WEY,-1.0,2024-11-08,1.0
202411087658066,WEY,-1.0,2024-11-08,0.0
202411087658076,WEY,-1.0,2024-11-08,
202411087658086,WEY,-1.0,2024-11-08,2.0
202411087658096,WEY,-1.0,2024-11-08,6.0
202411087658106,WEY,-1.0,2024-11-08,8.0
202411087658116,WEY,-1.0,2024-11-08,18.0
202411087658126,WEY,-1.0,2024-11-08,3.0
202411087658136,WEY,3.0,2024-11-08,19.0
202411087658147,WEY,3.0,2024-11-08,1.0
202411087658163,WEY,5.0,2024-11-08,3.0
202411117657899,WEY,-1.0,2024-11-11,20.0
202411117657903,WEY,0.0,2024-11-11,8.0
202411117657908,WEY,1.0,2024-11-11,9.0
202411117657914,WEY,0.0,2024-11-11,-1.0
202411117657922,WEY,0.0,2024-11-11,0.0
202411117657932,WEY,0.0,2024-11-11,-2.0
202411117657940,WEY,0.0,2024-11-11,-1.0
202411117657950,WEY,0.0,2024-11-11,76.0
202411117657958,WEY,-1.0,2024-11-11,45.0
202411117657968,WEY,0.0,2024-11-11,19.0
202411117657978,WEY,0.0,2024-11-11,20.0
202411117657988,WEY,0.0,2024-11-11,21.0
202411117658006,WEY,-2.0,2024-11-11,-1.0
202411117658036,WEY,-1.0,2024-11-11,19.0
202411117658046,WEY,-1.0,2024-11-11,2.0
202411117658056,WEY,4.0,2024-11-11,3.0
202411117658066,WEY,-1.0,2024-11-11,1.0
202411117658076,WEY,0.0,2024-11-11,8.0
202411117658086,WEY,-1.0,2024-11-11,0.0
202411117658096,WEY,-1.0,2024-11-11,28.0
202411117658106,WEY,0.0,2024-11-11,64.0
202411117658116,WEY,-1.0,2024-11-11,36.0
202411117658126,WEY,-1.0,2024-11-11,2.0
202411117658136,WEY,-1.0,2024-11-11,15.0
202411117658148,WEY,-1.0,2024-11-11,4.0
202411117658164,WEY,-1.0,2024-11-11,-1391.0
202411127657899,WEY,0.0,2024-11-12,-1.0
202411127657903,WEY,3.0,2024-11-12,2.0
202411127657908,WEY,0.0,2024-11-12,-2.0
202411127657914,WEY,0.0,2024-11-12,13.0
202411127657922,WEY,0.0,2024-11-12,8.0
202411127657932,WEY,-1.0,2024-11-12,0.0
202411127657940,WEY,0.0,2024-11-12,0.0
202411127657950,WEY,0.0,2024-11-12,12.0
202411127657958,WEY,0.0,2024-11-12,8.0
202411127657968,WEY,0.0,2024-11-12,7.0
202411127657978,WEY,0.0,2024-11-12,7.0
202411127657988,WEY,0.0,2024-11-12,3.0
202411127658006,WEY,-1.0,2024-11-12,
202411127658036,WEY,0.0,2024-11-12,5.0
202411127658046,WEY,-1.0,2024-11-12,7.0
202411127658056,WEY,0.0,2024-11-12,2.0
202411127658066,WEY,3.0,2024-11-12,12.0
202411127658076,WEY,-1.0,2024-11-12,3.0
202411127658086,WEY,-1.0,2024-11-12,10.0
202411127658096,WEY,-1.0,2024-11-12,4.0
202411127658106,WEY,0.0,2024-11-12,8.0
202411127658116,WEY,0.0,2024-11-12,13.0
202411127658126,WEY,-1.0,2024-11-12,7.0
202411127658136,WEY,0.0,2024-11-12,11.0
202411127658148,WEY,1.0,2024-11-12,11.0
202411127658164,WEY,4.0,2024-11-12,8.0
202411137657899,WEY,-1.0,2024-11-13,4.0
202411137657903,WEY,1.0,2024-11-13,5.0
202411137657908,WEY,0.0,2024-11-13,-2.0
202411137657914,WEY,0.0,2024-11-13,6.0
202411137657922,WEY,-1.0,2024-11-13,12.0
202411137657932,WEY,0.0,2024-11-13,5.0
202411137657940,WEY,0.0,2024-11-13,11.0
202411137657950,WEY,-1.0,2024-11-13,47.0
202411137657958,WEY,-1.0,2024-11-13,41.0
202411137657968,WEY,0.0,2024-11-13,36.0
202411137657978,WEY,-1.0,2024-11-13,9.0
202411137657988,WEY,0.0,2024-11-13,5.0
202411137658006,WEY,0.0,2024-11-13,33.0
202411137658036,WEY,-1.0,2024-11-13,9.0
202411137658046,WEY,-1.0,2024-11-13,15.0
202411137658056,WEY,0.0,2024-11-13,8.0
202411137658066,WEY,0.0,2024-11-13,9.0
202411137658076,WEY,-1.0,2024-11-13,17.0
202411137658086,WEY,-1.0,2024-11-13,33.0
202411137658096,WEY,3.0,2024-11-13,37.0
202411137658106,WEY,5.0,2024-11-13,54.0
202411137658116,WEY,-2.0,2024-11-13,26.0
202411137658126,WEY,9.0,2024-11-13,14.0
202411137658136,WEY,-2.0,2024-11-13,9.0
202411137658148,WEY,-1.0,2024-11-13,50.0
202411137658164,WEY,15.0,2024-11-13,-1372.0
202411147657899,WEY,-1.0,2024-11-14,17.0
202411147657903,WEY,0.0,2024-11-14,3.0
202411147657908,WEY,0.0,2024-11-14,1.0
202411147657914,WEY,1.0,2024-11-14,0.0
202411147657922,WEY,-1.0,2024-11-14,-1.0
202411147657932,WEY,0.0,2024-11-14,2.0
202411147657940,WEY,1.0,2024-11-14,1.0
202411147657950,WEY,0.0,2024-11-14,3.0
202411147657958,WEY,0.0,2024-11-14,4.0
202411147657968,WEY,-1.0,2024-11-14,0.0
202411147657978,WEY,-1.0,2024-11-14,-1.0
202411147657988,WEY,0.0,2024-11-14,1.0
202411147658006,WEY,0.0,2024-11-14,0.0
202411147658036,WEY,-1.0,2024-11-14,1.0
202411147658046,WEY,-1.0,2024-11-14,0.0
202411147658056,WEY,-1.0,2024-11-14,0.0
202411147658066,WEY,1.0,2024-11-14,10.0
202411147658076,WEY,0.0,2024-11-14,8.0
202411147658086,WEY,-1.0,2024-11-14,2.0
202411147658096,WEY,-1.0,2024-11-14,8.0
202411147658106,WEY,2.0,2024-11-14,1.0
202411147658116,WEY,0.0,2024-11-14,1.0
202411147658126,WEY,0.0,2024-11-14,0.0
202411147658136,WEY,-1.0,2024-11-14,-5.0
202411147658148,WEY,-1.0,2024-11-14,0.0
202411147658164,WEY,-1.0,2024-11-14,0.0
202411157657899,WEY,-1.0,2024-11-15,2.0
202411157657903,WEY,0.0,2024-11-15,1.0
202411157657908,WEY,0.0,2024-11-15,-2.0
202411157657914,WEY,0.0,2024-11-15,1.0
202411157657922,WEY,0.0,2024-11-15,8.0
202411157657932,WEY,0.0,2024-11-15,-1.0
202411157657940,WEY,-1.0,2024-11-15,1.0
202411157657950,WEY,1.0,2024-11-15,5.0
202411157657958,WEY,0.0,2024-11-15,27.0
202411157657968,WEY,0.0,2024-11-15,3.0
202411157657978,WEY,4.0,2024-11-15,0.0
202411157657988,WEY,0.0,2024-11-15,-3.0
202411157658006,WEY,0.0,2024-11-15,3.0
202411157658036,WEY,0.0,2024-11-15,1.0
202411157658046,WEY,-1.0,2024-11-15,1.0
202411157658056,WEY,-1.0,2024-11-15,1.0
202411157658066,WEY,1.0,2024-11-15,1.0
202411157658076,WEY,-1.0,2024-11-15,7.0
202411157658086,WEY,-1.0,2024-11-15,2.0
202411157658096,WEY,-1.0,2024-11-15,3.0
202411157658106,WEY,-1.0,2024-11-15,47.0
202411157658116,WEY,3.0,2024-11-15,11.0
202411157658126,WEY,-3.0,2024-11-15,6.0
202411157658136,WEY,2.0,2024-11-15,-5.0
202411157658147,WEY,-1.0,2024-11-15,-1.0
202411157658163,WEY,-1.0,2024-11-15,23.0
202411167657900,WEY,-1.0,2024-11-16,4.0
202411167657904,WEY,-1.0,2024-11-16,2.0
202411167657909,WEY,-1.0,2024-11-16,1.0
202411167657915,WEY,-1.0,2024-11-16,8.0
202411167657923,WEY,-1.0,2024-11-16,-2.0
202411167657933,WEY,-1.0,2024-11-16,10.0
202411167657941,WEY,-1.0,2024-11-16,8.0
202411167657951,WEY,-2.0,2024-11-16,-2.0
202411167657959,WEY,-1.0,2024-11-16,1.0
202411167657969,WEY,-2.0,2024-11-16,3.0
202411167657979,WEY,-2.0,2024-11-16,1.0
202411167657989,WEY,-1.0,2024-11-16,1.0
202411167658181,WEY,1.0,2024-11-16,
202411167658203,WEY,-1.0,2024-11-16,5.0
202411168901229,WEY,-1.0,2024-11-16,0.0
202411177657971,WEY,0.0,2024-11-17,22.0
202411177657991,WEY,-1.0,2024-11-17,12.0
202411177658007,WEY,-1.0,2024-11-17,2.0
202411177658015,WEY,-2.0,2024-11-17,-1.0
202411177658019,WEY,-1.0,2024-11-17,15.0
202411177658025,WEY,0.0,2024-11-17,1.0
202411177658039,WEY,-1.0,2024-11-17,1.0
202411177658059,WEY,0.0,2024-11-17,21.0
202411177658079,WEY,-1.0,2024-11-17,13.0
202411177658099,WEY,0.0,2024-11-17,3.0
202411177658119,WEY,5.0,2024-11-17,0.0
202411177658139,WEY,0.0,2024-11-17,0.0
202411177658155,WEY,-1.0,2024-11-17,3.0
202411177658171,WEY,-1.0,2024-11-17,-1.0
202411187657899,WEY,-1.0,2024-11-18,16.0
202411187657903,WEY,-1.0,2024-11-18,14.0
202411187657908,WEY,0.0,2024-11-18,-2.0
202411187657914,WEY,0.0,2024-11-18,1.0
202411187657922,WEY,0.0,2024-11-18,2.0
202411187657932,WEY,1.0,2024-11-18,2.0
202411187657940,WEY,1.0,2024-11-18,8.0
202411187657950,WEY,0.0,2024-11-18,9.0
202411187657958,WEY,0.0,2024-11-18,-2.0
202411187657968,WEY,0.0,2024-11-18,1.0
202411187657978,WEY,-1.0,2024-11-18,-1.0
202411187657988,WEY,-1.0,2024-11-18,5.0
202411187658006,WEY,1.0,2024-11-18,4.0
202411187658036,WEY,0.0,2024-11-18,23.0
202411187658046,WEY,-1.0,2024-11-18,4.0
202411187658056,WEY,-1.0,2024-11-18,0.0
202411187658066,WEY,0.0,2024-11-18,7.0
202411187658076,WEY,-1.0,2024-11-18,4.0
202411187658086,WEY,-1.0,2024-11-18,22.0
202411187658096,WEY,-1.0,2024-11-18,9.0
202411187658106,WEY,-1.0,2024-11-18,12.0
202411187658116,WEY,-1.0,2024-11-18,12.0
202411187658126,WEY,-1.0,2024-11-18,1.0
202411187658136,WEY,-1.0,2024-11-18,-1.0
202411187658148,WEY,0.0,2024-11-18,1.0
202411187658164,WEY,-1.0,2024-11-18,10.0
202411197657899,WEY,-1.0,2024-11-19,13.0
202411197657903,WEY,4.0,2024-11-19,6.0
202411197657908,WEY,2.0,2024-11-19,3.0
202411197657914,WEY,1.0,2024-11-19,-1.0
202411197657922,WEY,0.0,2024-11-19,7.0
202411197657932,WEY,12.0,2024-11-19,10.0
202411197657940,WEY,5.0,2024-11-19,2.0
202411197657950,WEY,0.0,2024-11-19,6.0
202411197657958,WEY,0.0,2024-11-19,6.0
202411197657968,WEY,0.0,2024-11-19,-1.0
202411197657978,WEY,6.0,2024-11-19,16.0
202411197657988,WEY,8.0,2024-11-19,16.0
202411197658006,WEY,2.0,2024-11-19,14.0
202411197658036,WEY,-1.0,2024-11-19,6.0
202411197658046,WEY,-1.0,2024-11-19,13.0
202411197658056,WEY,0.0,2024-11-19,2.0
202411197658066,WEY,-1.0,2024-11-19,8.0
202411197658076,WEY,1.0,2024-11-19,6.0
202411197658086,WEY,-1.0,2024-11-19,19.0
202411197658096,WEY,-1.0,2024-11-19,5.0
202411197658106,WEY,-1.0,2024-11-19,6.0
202411197658116,WEY,-1.0,2024-11-19,8.0
202411197658126,WEY,-1.0,2024-11-19,4.0
202411197658136,WEY,6.0,2024-11-19,16.0
202411197658148,WEY,1.0,2024-11-19,14.0
202411197658164,WEY,0.0,2024-11-19,0.0
202411207657899,WEY,-1.0,2024-11-20,-1.0
202411207657903,WEY,0.0,2024-11-20,3.0
202411207657908,WEY,0.0,2024-11-20,-1.0
202411207657914,WEY,0.0,2024-11-20,-2.0
202411207657922,WEY,15.0,2024-11-20,20.0
202411207657932,WEY,0.0,2024-11-20,2.0
202411207657940,WEY,0.0,2024-11-20,-1.0
202411207657950,WEY,0.0,2024-11-20,1.0
202411207657958,WEY,0.0,2024-11-20,4.0
202411207657968,WEY,0.0,2024-11-20,5.0
202411207657978,WEY,0.0,2024-11-20,2.0
202411207657988,WEY,0.0,2024-11-20,15.0
202411207658006,WEY,0.0,2024-11-20,1.0
202411207658036,WEY,-1.0,2024-11-20,8.0
202411207658046,WEY,-1.0,2024-11-20,14.0
202411207658056,WEY,-1.0,2024-11-20,0.0
202411207658066,WEY,5.0,2024-11-20,12.0
202411207658076,WEY,1.0,2024-11-20,23.0
202411207658086,WEY,1.0,2024-11-20,12.0
202411207658096,WEY,-1.0,2024-11-20,4.0
202411207658106,WEY,-1.0,2024-11-20,24.0
202411207658116,WEY,-1.0,2024-11-20,7.0
202411207658126,WEY,-1.0,2024-11-20,12.0
202411207658136,WEY,-1.0,2024-11-20,3.0
202411207658148,WEY,0.0,2024-11-20,0.0
202411207658164,WEY,2.0,2024-11-20,13.0
202411217657899,WEY,0.0,2024-11-21,14.0
202411217657903,WEY,13.0,2024-11-21,
202411217657908,WEY,2.0,2024-11-21,
202411217657914,WEY,1.0,2024-11-21,
202411217657922,WEY,13.0,2024-11-21,
202411217657932,WEY,83.0,2024-11-21,
202411217657940,WEY,52.0,2024-11-21,83.0
202411217657950,WEY,,2024-11-21,
202411217657958,WEY,21.0,2024-11-21,47.0
202411217657968,WEY,,2024-11-21,
202411217657978,WEY,13.0,2024-11-21,33.0
202411217657988,WEY,69.0,2024-11-21,57.0
202411217658006,WEY,22.0,2024-11-21,41.0
202411217658036,WEY,-1.0,2024-11-21,13.0
202411217658046,WEY,3.0,2024-11-21,
202411217658056,WEY,2.0,2024-11-21,182.0
202411217658066,WEY,27.0,2024-11-21,
202411217658076,WEY,52.0,2024-11-21,
202411217658086,WEY,97.0,2024-11-21,126.0
202411217658096,WEY,77.0,2024-11-21,111.0
202411217658106,WEY,48.0,2024-11-21,69.0
202411217658116,WEY,10.0,2024-11-21,33.0
202411217658126,WEY,23.0,2024-11-21,48.0
202411217658136,WEY,18.0,2024-11-21,19.0
202411217658148,WEY,-1.0,2024-11-21,46.0
202411217658164,WEY,49.0,2024-11-21,-1398.0
202411227657899,WEY,0.0,2024-11-22,55.0
202411227657903,WEY,2.0,2024-11-22,17.0
202411227657908,WEY,-1.0,2024-11-22,10.0
202411227657914,WEY,0.0,2024-11-22,3.0
202411227657922,WEY,0.0,2024-11-22,4.0
202411227657932,WEY,0.0,2024-11-22,7.0
202411227657940,WEY,-1.0,2024-11-22,10.0
202411227657950,WEY,0.0,2024-11-22,2.0
202411227657958,WEY,1.0,2024-11-22,5.0
202411227657968,WEY,0.0,2024-11-22,-1.0
202411227657978,WEY,0.0,2024-11-22,5.0
202411227657988,WEY,0.0,2024-11-22,3.0
202411227658006,WEY,0.0,2024-11-22,27.0
202411227658036,WEY,-1.0,2024-11-22,17.0
202411227658046,WEY,-1.0,2024-11-22,12.0
202411227658056,WEY,-1.0,2024-11-22,13.0
202411227658066,WEY,9.0,2024-11-22,22.0
202411227658076,WEY,-1.0,2024-11-22,2.0
202411227658086,WEY,-1.0,2024-11-22,7.0
202411227658096,WEY,17.0,2024-11-22,22.0
202411227658106,WEY,8.0,2024-11-22,19.0
202411227658116,WEY,1.0,2024-11-22,8.0
202411227658126,WEY,-1.0,2024-11-22,5.0
202411227658136,WEY,1.0,2024-11-22,-5.0
202411227658147,WEY,6.0,2024-11-22,11.0
202411227658163,WEY,15.0,2024-11-22,2.0
202411237657900,WEY,1.0,2024-11-23,16.0
202411237657904,WEY,1.0,2024-11-23,20.0
202411237657909,WEY,0.0,2024-11-23,13.0
202411237657915,WEY,-1.0,2024-11-23,16.0
202411237657923,WEY,0.0,2024-11-23,23.0
202411237657933,WEY,0.0,2024-11-23,19.0
202411237657941,WEY,7.0,2024-11-23,16.0
202411237657951,WEY,0.0,2024-11-23,43.0
202411237657959,WEY,0.0,2024-11-23,11.0
202411237657969,WEY,-1.0,2024-11-23,20.0
202411237657979,WEY,-1.0,2024-11-23,29.0
202411237657989,WEY,0.0,2024-11-23,8.0
202411237658023,WEY,-1.0,2024-11-23,17.0
202411237658027,WEY,0.0,2024-11-23,20.0
202411237658037,WEY,-1.0,2024-11-23,15.0
202411237658047,WEY,3.0,2024-11-23,23.0
202411237658057,WEY,-1.0,2024-11-23,25.0
202411237658067,WEY,0.0,2024-11-23,10.0
202411237658077,WEY,4.0,2024-11-23,18.0
202411237658087,WEY,6.0,2024-11-23,17.0
202411237658097,WEY,-1.0,2024-11-23,18.0
202411237658107,WEY,0.0,2024-11-23,26.0
202411237658117,WEY,-1.0,2024-11-23,20.0
202411237658127,WEY,-1.0,2024-11-23,
202411237658137,WEY,3.0,2024-11-23,7.0
202411237658149,WEY,0.0,2024-11-23,11.0
202411237658165,WEY,-1.0,2024-11-23,1.0
202411237658181,WEY,-1.0,2024-11-23,-5.0
202411237658203,WEY,-1.0,2024-11-23,23.0
202411238901229,WEY,-1.0,2024-11-23,7.0
202411257657899,WEY,2.0,2024-11-25,17.0
202411257657903,WEY,4.0,2024-11-25,22.0
202411257657908,WEY,13.0,2024-11-25,34.0
202411257657914,WEY,5.0,2024-11-25,27.0
202411257657922,WEY,0.0,2024-11-25,7.0
202411257657932,WEY,-1.0,2024-11-25,
202411257657940,WEY,0.0,2024-11-25,3.0
202411257657950,WEY,0.0,2024-11-25,-1.0
202411257657958,WEY,0.0,2024-11-25,14.0
202411257657968,WEY,0.0,2024-11-25,9.0
202411257657978,WEY,0.0,2024-11-25,6.0
202411257657988,WEY,1.0,2024-11-25,-1.0
202411257658006,WEY,10.0,2024-11-25,20.0
202411257658036,WEY,0.0,2024-11-25,29.0
202411257658046,WEY,-1.0,2024-11-25,11.0
202411257658056,WEY,9.0,2024-11-25,23.0
202411257658066,WEY,10.0,2024-11-25,22.0
202411257658076,WEY,-1.0,2024-11-25,28.0
202411257658086,WEY,0.0,2024-11-25,21.0
202411257658096,WEY,5.0,2024-11-25,8.0
202411257658106,WEY,-1.0,2024-11-25,10.0
202411257658116,WEY,3.0,2024-11-25,14.0
202411257658126,WEY,0.0,2024-11-25,15.0
202411257658136,WEY,1.0,2024-11-25,0.0
202411257658148,WEY,-2.0,2024-11-25,0.0
202411257658164,WEY,15.0,2024-11-25,-3.0
202411267657899,WEY,-1.0,2024-11-26,23.0
202411267657903,WEY,15.0,2024-11-26,9.0
202411267657908,WEY,7.0,2024-11-26,53.0
202411267657914,WEY,9.0,2024-11-26,34.0
202411267657922,WEY,12.0,2024-11-26,60.0
202411267657932,WEY,0.0,2024-11-26,25.0
202411267657940,WEY,-1.0,2024-11-26,9.0
202411267657950,WEY,0.0,2024-11-26,25.0
202411267657958,WEY,0.0,2024-11-26,8.0
202411267657968,WEY,0.0,2024-11-26,30.0
202411267657978,WEY,-1.0,2024-11-26,-1.0
202411267657988,WEY,6.0,2024-11-26,-1.0
202411267658006,WEY,1.0,2024-11-26,13.0
202411267658036,WEY,-1.0,2024-11-26,19.0
202411267658046,WEY,1.0,2024-11-26,15.0
202411267658056,WEY,20.0,2024-11-26,46.0
202411267658066,WEY,19.0,2024-11-26,27.0
202411267658076,WEY,2.0,2024-11-26,16.0
202411267658086,WEY,3.0,2024-11-26,12.0
202411267658096,WEY,17.0,2024-11-26,20.0
202411267658106,WEY,22.0,2024-11-26,32.0
202411267658116,WEY,1.0,2024-11-26,4.0
202411267658126,WEY,0.0,2024-11-26,9.0
202411267658136,WEY,9.0,2024-11-26,1.0
202411267658148,WEY,13.0,2024-11-26,15.0
202411267658164,WEY,5.0,2024-11-26,-4.0
202411277657899,WEY,-1.0,2024-11-27,39.0
202411277657903,WEY,12.0,2024-11-27,31.0
202411277657908,WEY,0.0,2024-11-27,5.0
202411277657914,WEY,6.0,2024-11-27,20.0
202411277657922,WEY,1.0,2024-11-27,16.0
202411277657932,WEY,19.0,2024-11-27,15.0
202411277657940,WEY,19.0,2024-11-27,21.0
202411277657950,WEY,7.0,2024-11-27,9.0
202411277657958,WEY,9.0,2024-11-27,5.0
202411277657978,WEY,0.0,2024-11-27,89.0
202411277657988,WEY,4.0,2024-11-27,
202411277658006,WEY,0.0,2024-11-27,
202411277658036,WEY,10.0,2024-11-27,29.0
202411277658046,WEY,2.0,2024-11-27,26.0
202411277658056,WEY,-1.0,2024-11-27,21.0
202411277658066,WEY,20.0,2024-11-27,29.0
202411277658076,WEY,-3.0,2024-11-27,14.0
202411277658086,WEY,17.0,2024-11-27,23.0
202411277658096,WEY,24.0,2024-11-27,31.0
202411277658106,WEY,24.0,2024-11-27,22.0
202411277658116,WEY,5.0,2024-11-27,14.0
202411277658126,WEY,-4.0,2024-11-27,
202411277658136,WEY,23.0,2024-11-27,
202411277658148,WEY,9.0,2024-11-27,
202411277658164,WEY,-3.0,2024-11-27,
202411287657899,WEY,-1.0,2024-11-28,15.0
202411287657903,WEY,-1.0,2024-11-28,9.0
202411287657908,WEY,6.0,2024-11-28,16.0
202411287657914,WEY,6.0,2024-11-28,8.0
202411287657922,WEY,0.0,2024-11-28,13.0
202411287657932,WEY,-1.0,2024-11-28,
202411287657940,WEY,,2024-11-28,
202411287657950,WEY,0.0,2024-11-28,
202411287657958,WEY,0.0,2024-11-28,
202411287657968,WEY,0.0,2024-11-28,22.0
202411287657978,WEY,,2024-11-28,
202411287657988,WEY,32.0,2024-11-28,33.0
202411287658006,WEY,0.0,2024-11-28,29.0
202411287658036,WEY,-1.0,2024-11-28,26.0
202411287658046,WEY,-1.0,2024-11-28,19.0
202411287658056,WEY,-2.0,2024-11-28,6.0
202411287658066,WEY,0.0,2024-11-28,12.0
202411287658076,WEY,1.0,2024-11-28,11.0
202411287658086,WEY,-2.0,2024-11-28,11.0
202411287658096,WEY,17.0,2024-11-28,35.0
202411287658106,WEY,-2.0,2024-11-28,17.0
202411287658116,WEY,0.0,2024-11-28,7.0
202411287658126,WEY,8.0,2024-11-28,14.0
202411287658136,WEY,0.0,2024-11-28,-4.0
202411287658148,WEY,8.0,2024-11-28,3.0
202411287658164,WEY,16.0,2024-11-28,11.0
202411297657899,WEY,0.0,2024-11-29,7.0
202411297657903,WEY,0.0,2024-11-29,34.0
202411297657908,WEY,1.0,2024-11-29,2.0
202411297657914,WEY,13.0,2024-11-29,9.0
202411297657922,WEY,0.0,2024-11-29,11.0
202411297657932,WEY,-1.0,2024-11-29,3.0
202411297657940,WEY,0.0,2024-11-29,0.0
202411297657950,WEY,0.0,2024-11-29,10.0
202411297657958,WEY,0.0,2024-11-29,12.0
202411297657968,WEY,0.0,2024-11-29,-2.0
202411297657978,WEY,0.0,2024-11-29,46.0
202411297657988,WEY,14.0,2024-11-29,46.0
202411297658006,WEY,0.0,2024-11-29,33.0
202411297658036,WEY,-1.0,2024-11-29,15.0
202411297658046,WEY,-1.0,2024-11-29,15.0
202411297658056,WEY,-1.0,2024-11-29,3.0
202411297658066,WEY,6.0,2024-11-29,27.0
202411297658076,WEY,-5.0,2024-11-29,19.0
202411297658086,WEY,-1.0,2024-11-29,8.0
202411297658096,WEY,-1.0,2024-11-29,5.0
202411297658106,WEY,-2.0,2024-11-29,11.0
202411297658116,WEY,0.0,2024-11-29,5.0
202411297658126,WEY,0.0,2024-11-29,31.0
202411297658136,WEY,8.0,2024-11-29,19.0
202411297658147,WEY,8.0,2024-11-29,20.0
202411297658163,WEY,-4.0,2024-11-29,-1407.0
202411307657900,WEY,0.0,2024-11-30,11.0
202411307657904,WEY,0.0,2024-11-30,5.0
202411307657909,WEY,-1.0,2024-11-30,2.0
202411307657915,WEY,-1.0,2024-11-30,-4.0
202411307657923,WEY,0.0,2024-11-30,5.0
202411307657933,WEY,0.0,2024-11-30,0.0
202411307657941,WEY,0.0,2024-11-30,5.0
202411307657951,WEY,-1.0,2024-11-30,4.0
202411307657959,WEY,-1.0,2024-11-30,3.0
202411307657969,WEY,-1.0,2024-11-30,3.0
202411307657979,WEY,1.0,2024-11-30,26.0
202411307657989,WEY,0.0,2024-11-30,0.0
202411307658023,WEY,-1.0,2024-11-30,0.0
202411307658027,WEY,0.0,2024-11-30,3.0
202411307658037,WEY,-1.0,2024-11-30,2.0
202411307658047,WEY,-1.0,2024-11-30,-1.0
202411307658057,WEY,-1.0,2024-11-30,4.0
202411307658067,WEY,-1.0,2024-11-30,12.0
202411307658077,WEY,1.0,2024-11-30,11.0
202411307658087,WEY,-1.0,2024-11-30,4.0
202411307658097,WEY,-1.0,2024-11-30,0.0
202411307658107,WEY,-1.0,2024-11-30,2.0
202411307658117,WEY,-1.0,2024-11-30,1.0
202411307658127,WEY,-1.0,2024-11-30,1.0
202411307658137,WEY,2.0,2024-11-30,16.0
202411307658149,WEY,1.0,2024-11-30,-1.0
202411307658165,WEY,-1.0,2024-11-30,3.0
202411307658181,WEY,-1.0,2024-11-30,0.0
202411307658203,WEY,-1.0,2024-11-30,7.0
202411308901229,WEY,0.0,2024-11-30,4.0
202412027657899,WEY,0.0,2024-12-02,14.0
202412027657903,WEY,5.0,2024-12-02,16.0
202412027657908,WEY,0.0,2024-12-02,5.0
202412027657914,WEY,0.0,2024-12-02,3.0
202412027657922,WEY,0.0,2024-12-02,5.0
202412027657932,WEY,0.0,2024-12-02,0.0
202412027657940,WEY,0.0,2024-12-02,-1.0
202412027657950,WEY,0.0,2024-12-02,3.0
202412027657958,WEY,0.0,2024-12-02,-2.0
202412027657968,WEY,0.0,2024-12-02,2.0
202412027657978,WEY,0.0,2024-12-02,-1.0
202412027657988,WEY,-1.0,2024-12-02,2.0
202412027658006,WEY,0.0,2024-12-02,0.0
202412027658036,WEY,-1.0,2024-12-02,
202412027658046,WEY,-1.0,2024-12-02,13.0
202412027658056,WEY,-1.0,2024-12-02,6.0
202412027658066,WEY,-1.0,2024-12-02,19.0
202412027658076,WEY,0.0,2024-12-02,1.0
202412027658086,WEY,0.0,2024-12-02,1.0
202412027658096,WEY,-1.0,2024-12-02,4.0
202412027658106,WEY,-1.0,2024-12-02,4.0
202412027658116,WEY,-1.0,2024-12-02,6.0
202412027658126,WEY,-1.0,2024-12-02,7.0
202412027658136,WEY,0.0,2024-12-02,-5.0
202412027658148,WEY,-1.0,2024-12-02,3.0
202412027658164,WEY,-1.0,2024-12-02,0.0
202412037657899,WEY,0.0,2024-12-03,1.0
202412037657903,WEY,-1.0,2024-12-03,6.0
202412037657908,WEY,1.0,2024-12-03,-1.0
202412037657914,WEY,0.0,2024-12-03,1.0
202412037657922,WEY,-1.0,2024-12-03,8.0
202412037657932,WEY,0.0,2024-12-03,1.0
202412037657940,WEY,0.0,2024-12-03,4.0
202412037657950,WEY,0.0,2024-12-03,8.0
202412037657958,WEY,0.0,2024-12-03,13.0
202412037657968,WEY,-1.0,2024-12-03,2.0
202412037657978,WEY,2.0,2024-12-03,0.0
202412037657988,WEY,26.0,2024-12-03,30.0
202412037658006,WEY,0.0,2024-12-03,2.0
202412037658036,WEY,-1.0,2024-12-03,0.0
202412037658046,WEY,1.0,2024-12-03,19.0
202412037658056,WEY,-1.0,2024-12-03,8.0
202412037658066,WEY,-1.0,2024-12-03,21.0
202412037658076,WEY,-1.0,2024-12-03,4.0
202412037658086,WEY,-1.0,2024-12-03,1.0
202412037658096,WEY,0.0,2024-12-03,10.0
202412037658106,WEY,-1.0,2024-12-03,15.0
202412037658116,WEY,-2.0,2024-12-03,20.0
202412037658126,WEY,0.0,2024-12-03,22.0
202412037658136,WEY,20.0,2024-12-03,6.0
202412037658148,WEY,-1.0,2024-12-03,2.0
202412037658164,WEY,14.0,2024-12-03,-3.0
202412047657899,WEY,-1.0,2024-12-04,1.0
202412047657903,WEY,8.0,2024-12-04,13.0
202412047657908,WEY,-1.0,2024-12-04,31.0
202412047657914,WEY,0.0,2024-12-04,0.0
202412047657922,WEY,0.0,2024-12-04,3.0
202412047657932,WEY,0.0,2024-12-04,9.0
202412047657940,WEY,-1.0,2024-12-04,9.0
202412047657950,WEY,-1.0,2024-12-04,12.0
202412047657958,WEY,-1.0,2024-12-04,7.0
202412047657968,WEY,0.0,2024-12-04,10.0
202412047657978,WEY,0.0,2024-12-04,15.0
202412047657988,WEY,3.0,2024-12-04,-3.0
202412047658006,WEY,-1.0,2024-12-04,3.0
202412047658036,WEY,-1.0,2024-12-04,2.0
202412047658046,WEY,-1.0,2024-12-04,7.0
202412047658056,WEY,-1.0,2024-12-04,10.0
202412047658066,WEY,-1.0,2024-12-04,0.0
202412047658076,WEY,-1.0,2024-12-04,0.0
202412047658086,WEY,0.0,2024-12-04,8.0
202412047658096,WEY,-1.0,2024-12-04,11.0
202412047658106,WEY,0.0,2024-12-04,14.0
202412047658116,WEY,-1.0,2024-12-04,2.0
202412047658126,WEY,4.0,2024-12-04,17.0
202412047658136,WEY,3.0,2024-12-04,4.0
202412047658148,WEY,0.0,2024-12-04,0.0
202412047658164,WEY,19.0,2024-12-04,2.0
202412057657899,WEY,-1.0,2024-12-05,0.0
202412057657903,WEY,-1.0,2024-12-05,15.0
202412057657908,WEY,3.0,2024-12-05,6.0
202412057657914,WEY,0.0,2024-12-05,15.0
202412057657922,WEY,0.0,2024-12-05,1.0
202412057657932,WEY,0.0,2024-12-05,1.0
202412057657940,WEY,-1.0,2024-12-05,17.0
202412057657950,WEY,0.0,2024-12-05,6.0
202412057657958,WEY,2.0,2024-12-05,12.0
202412057657968,WEY,0.0,2024-12-05,12.0
202412057657978,WEY,1.0,2024-12-05,21.0
202412057657988,WEY,4.0,2024-12-05,35.0
202412057658006,WEY,-1.0,2024-12-05,2.0
202412057658036,WEY,-1.0,2024-12-05,19.0
202412057658046,WEY,-1.0,2024-12-05,13.0
202412057658056,WEY,-1.0,2024-12-05,6.0
202412057658066,WEY,0.0,2024-12-05,3.0
202412057658076,WEY,-1.0,2024-12-05,3.0
202412057658086,WEY,,2024-12-05,
202412057658096,WEY,3.0,2024-12-05,8.0
202412057658106,WEY,0.0,2024-12-05,27.0
202412057658116,WEY,0.0,2024-12-05,5.0
202412057658126,WEY,1.0,2024-12-05,5.0
202412057658136,WEY,19.0,2024-12-05,24.0
202412057658148,WEY,-1.0,2024-12-05,4.0
202412057658164,WEY,-2.0,2024-12-05,-1.0
202412067657899,WEY,5.0,2024-12-06,32.0
202412067657903,WEY,2.0,2024-12-06,24.0
202412067657908,WEY,-1.0,2024-12-06,
202412067657914,WEY,0.0,2024-12-06,28.0
202412067657922,WEY,-1.0,2024-12-06,26.0
202412067657932,WEY,13.0,2024-12-06,31.0
202412067657940,WEY,2.0,2024-12-06,9.0
202412067657950,WEY,0.0,2024-12-06,10.0
202412067657958,WEY,0.0,2024-12-06,
202412067657968,WEY,1.0,2024-12-06,
202412067657978,WEY,0.0,2024-12-06,36.0
202412067657988,WEY,18.0,2024-12-06,17.0
202412067658006,WEY,7.0,2024-12-06,8.0
202412067658036,WEY,0.0,2024-12-06,24.0
202412067658046,WEY,-1.0,2024-12-06,19.0
202412067658056,WEY,0.0,2024-12-06,5.0
202412067658066,WEY,0.0,2024-12-06,2.0
202412067658076,WEY,18.0,2024-12-06,33.0
202412067658086,WEY,1.0,2024-12-06,10.0
202412067658096,WEY,1.0,2024-12-06,18.0
202412067658106,WEY,-1.0,2024-12-06,10.0
202412067658116,WEY,8.0,2024-12-06,27.0
202412067658126,WEY,-3.0,2024-12-06,33.0
202412067658136,WEY,6.0,2024-12-06,14.0
202412067658147,WEY,9.0,2024-12-06,2.0
202412067658163,WEY,15.0,2024-12-06,18.0
202412077657900,WEY,36.0,2024-12-07,53.0
202412077657904,WEY,13.0,2024-12-07,39.0
202412077657909,WEY,149.0,2024-12-07,
202412077657923,WEY,50.0,2024-12-07,
202412077657941,WEY,136.0,2024-12-07,
202412077657979,WEY,,2024-12-07,
202412077658023,WEY,1.0,2024-12-07,27.0
202412077658027,WEY,9.0,2024-12-07,55.0
202412077658037,WEY,20.0,2024-12-07,31.0
202412077658047,WEY,-2.0,2024-12-07,22.0
202412077658057,WEY,12.0,2024-12-07,
202412077658067,WEY,1.0,2024-12-07,
202412077658077,WEY,47.0,2024-12-07,
202412077658087,WEY,1.0,2024-12-07,8.0
202412077658137,WEY,,2024-12-07,
202412077658181,WEY,47.0,2024-12-07,40.0
202412077658203,WEY,-1.0,2024-12-07,10.0
202412078901229,WEY,9.0,2024-12-07,19.0
202412087657971,WEY,-1.0,2024-12-08,47.0
202412087657991,WEY,-1.0,2024-12-08,
202412087658007,WEY,-2.0,2024-12-08,39.0
202412087658015,WEY,0.0,2024-12-08,23.0
202412087658019,WEY,-1.0,2024-12-08,11.0
202412087658025,WEY,-1.0,2024-12-08,13.0
202412087658039,WEY,-2.0,2024-12-08,9.0
202412087658059,WEY,-1.0,2024-12-08,10.0
202412087658079,WEY,-1.0,2024-12-08,13.0
202412087658099,WEY,-1.0,2024-12-08,50.0
202412087658119,WEY,8.0,2024-12-08,11.0
202412087658139,WEY,31.0,2024-12-08,42.0
202412087658155,WEY,10.0,2024-12-08,-1405.0
202412087658171,WEY,7.0,2024-12-08,17.0
202412097657899,WEY,-1.0,2024-12-09,2.0
202412097657903,WEY,0.0,2024-12-09,28.0
202412097657908,WEY,7.0,2024-12-09,13.0
202412097657914,WEY,7.0,2024-12-09,1.0
202412097657922,WEY,0.0,2024-12-09,3.0
202412097657932,WEY,0.0,2024-12-09,-4.0
202412097657940,WEY,0.0,2024-12-09,0.0
202412097657950,WEY,0.0,2024-12-09,-1.0
202412097657958,WEY,0.0,2024-12-09,1.0
202412097657968,WEY,0.0,2024-12-09,4.0
202412097657978,WEY,0.0,2024-12-09,-1.0
202412097657988,WEY,6.0,2024-12-09,6.0
202412097658036,WEY,-1.0,2024-12-09,14.0
202412097658046,WEY,-1.0,2024-12-09,6.0
202412097658056,WEY,-1.0,2024-12-09,7.0
202412097658066,WEY,-2.0,2024-12-09,16.0
202412097658076,WEY,0.0,2024-12-09,6.0
202412097658086,WEY,-1.0,2024-12-09,14.0
202412097658096,WEY,-1.0,2024-12-09,11.0
202412097658106,WEY,-1.0,2024-12-09,10.0
202412097658116,WEY,10.0,2024-12-09,14.0
202412097658126,WEY,-1.0,2024-12-09,-2.0
202412097658136,WEY,-1.0,2024-12-09,7.0
202412107657899,WEY,0.0,2024-12-10,-4.0
202412107657903,WEY,6.0,2024-12-10,9.0
202412107657908,WEY,1.0,2024-12-10,-1.0
202412107657914,WEY,0.0,2024-12-10,-2.0
202412107657922,WEY,0.0,2024-12-10,-5.0
202412107657932,WEY,-1.0,2024-12-10,-1.0
202412107657940,WEY,0.0,2024-12-10,6.0
202412107657950,WEY,0.0,2024-12-10,3.0
202412107657958,WEY,-1.0,2024-12-10,-4.0
202412107657968,WEY,0.0,2024-12-10,-1.0
202412107657978,WEY,0.0,2024-12-10,17.0
202412107657988,WEY,0.0,2024-12-10,-3.0
202412107658006,WEY,0.0,2024-12-10,4.0
202412107658036,WEY,-1.0,2024-12-10,13.0
202412107658046,WEY,-1.0,2024-12-10,14.0
202412107658056,WEY,-2.0,2024-12-10,1.0
202412107658066,WEY,-1.0,2024-12-10,8.0
202412107658076,WEY,-1.0,2024-12-10,2.0
202412107658086,WEY,0.0,2024-12-10,8.0
202412107658096,WEY,0.0,2024-12-10,13.0
202412107658106,WEY,-1.0,2024-12-10,7.0
202412107658116,WEY,-1.0,2024-12-10,7.0
202412107658126,WEY,-1.0,2024-12-10,-2.0
202412107658136,WEY,1.0,2024-12-10,-6.0
202412107658148,WEY,0.0,2024-12-10,-1.0
202412107658164,WEY,8.0,2024-12-10,1.0
202412117657899,WEY,-1.0,2024-12-11,4.0
202412117657903,WEY,1.0,2024-12-11,11.0
202412117657908,WEY,0.0,2024-12-11,12.0
202412117657914,WEY,-1.0,2024-12-11,23.0
202412117657922,WEY,0.0,2024-12-11,5.0
202412117657932,WEY,-1.0,2024-12-11,-1.0
202412117657940,WEY,0.0,2024-12-11,0.0
202412117657950,WEY,0.0,2024-12-11,7.0
202412117657958,WEY,0.0,2024-12-11,1.0
202412117657968,WEY,0.0,2024-12-11,-2.0
202412117657978,WEY,0.0,2024-12-11,
202412117657988,WEY,0.0,2024-12-11,
202412117658006,WEY,-1.0,2024-12-11,
202412117658036,WEY,-1.0,2024-12-11,6.0
202412117658046,WEY,-1.0,2024-12-11,3.0
202412117658056,WEY,0.0,2024-12-11,
202412117658066,WEY,-1.0,2024-12-11,5.0
202412117658076,WEY,-1.0,2024-12-11,9.0
202412117658086,WEY,-1.0,2024-12-11,-1.0
202412117658096,WEY,-1.0,2024-12-11,0.0
202412117658106,WEY,-1.0,2024-12-11,5.0
202412117658116,WEY,-1.0,2024-12-11,1.0
202412117658126,WEY,-1.0,2024-12-11,
202412117658136,WEY,-1.0,2024-12-11,
202412117658148,WEY,-1.0,2024-12-11,
202412117658164,WEY,-1.0,2024-12-11,26.0
202412127657899,WEY,0.0,2024-12-12,11.0
202412127657903,WEY,0.0,2024-12-12,4.0
202412127657908,WEY,1.0,2024-12-12,3.0
202412127657914,WEY,0.0,2024-12-12,-1.0
202412127657922,WEY,0.0,2024-12-12,6.0
202412127657932,WEY,-1.0,2024-12-12,7.0
202412127657940,WEY,0.0,2024-12-12,4.0
202412127657950,WEY,-1.0,2024-12-12,-4.0
202412127657958,WEY,-1.0,2024-12-12,4.0
202412127657968,WEY,2.0,2024-12-12,20.0
202412127657978,WEY,8.0,2024-12-12,16.0
202412127657988,WEY,-1.0,2024-12-12,1.0
202412127658006,WEY,0.0,2024-12-12,
202412127658036,WEY,-1.0,2024-12-12,15.0
202412127658046,WEY,-1.0,2024-12-12,14.0
202412127658056,WEY,0.0,2024-12-12,4.0
202412127658066,WEY,-1.0,2024-12-12,2.0
202412127658076,WEY,-1.0,2024-12-12,5.0
202412127658086,WEY,-1.0,2024-12-12,8.0
202412127658096,WEY,-2.0,2024-12-12,5.0
202412127658106,WEY,0.0,2024-12-12,9.0
202412127658116,WEY,-1.0,2024-12-12,0.0
202412127658126,WEY,-1.0,2024-12-12,23.0
202412127658136,WEY,0.0,2024-12-12,0.0
202412127658148,WEY,4.0,2024-12-12,0.0
202412127658164,WEY,1.0,2024-12-12,1.0
202412137657899,WEY,0.0,2024-12-13,1.0
202412137657903,WEY,2.0,2024-12-13,3.0
202412137657908,WEY,1.0,2024-12-13,-1.0
202412137657914,WEY,0.0,2024-12-13,-1.0
202412137657922,WEY,0.0,2024-12-13,10.0
202412137657932,WEY,15.0,2024-12-13,31.0
202412137657940,WEY,0.0,2024-12-13,20.0
202412137657950,WEY,0.0,2024-12-13,4.0
202412137657958,WEY,1.0,2024-12-13,
202412137657968,WEY,0.0,2024-12-13,-1.0
202412137657978,WEY,0.0,2024-12-13,-1.0
202412137657988,WEY,-1.0,2024-12-13,
202412137658006,WEY,2.0,2024-12-13,3.0
202412137658036,WEY,-1.0,2024-12-13,7.0
202412137658046,WEY,-1.0,2024-12-13,2.0
202412137658056,WEY,2.0,2024-12-13,13.0
202412137658066,WEY,-1.0,2024-12-13,
202412137658076,WEY,-2.0,2024-12-13,16.0
202412137658086,WEY,,2024-12-13,
202412137658096,WEY,,2024-12-13,
202412137658106,WEY,,2024-12-13,
202412137658116,WEY,8.0,2024-12-13,10.0
202412137658126,WEY,0.0,2024-12-13,1.0
202412137658136,WEY,-1.0,2024-12-13,-7.0
202412137658147,WEY,-1.0,2024-12-13,6.0
202412137658163,WEY,,2024-12-13,
202412147657900,WEY,0.0,2024-12-14,1.0
202412147657904,WEY,0.0,2024-12-14,15.0
202412147657909,WEY,0.0,2024-12-14,-1.0
202412147657915,WEY,0.0,2024-12-14,-1.0
202412147657923,WEY,0.0,2024-12-14,2.0
202412147657933,WEY,,2024-12-14,
202412147657941,WEY,-1.0,2024-12-14,1.0
202412147657951,WEY,2.0,2024-12-14,24.0
202412147657959,WEY,-1.0,2024-12-14,15.0
202412147657969,WEY,-1.0,2024-12-14,4.0
202412147657979,WEY,0.0,2024-12-14,28.0
202412147657989,WEY,5.0,2024-12-14,13.0
202412147658023,WEY,-1.0,2024-12-14,3.0
202412147658027,WEY,0.0,2024-12-14,6.0
202412147658037,WEY,-2.0,2024-12-14,3.0
202412147658047,WEY,,2024-12-14,
202412147658057,WEY,1.0,2024-12-14,13.0
202412147658067,WEY,-2.0,2024-12-14,18.0
202412147658077,WEY,,2024-12-14,
202412147658087,WEY,-1.0,2024-12-14,14.0
202412147658097,WEY,,2024-12-14,
202412147658107,WEY,,2024-12-14,
202412147658117,WEY,0.0,2024-12-14,0.0
202412147658127,WEY,-1.0,2024-12-14,10.0
202412147658137,WEY,30.0,2024-12-14,32.0
202412147658149,WEY,-2.0,2024-12-14,12.0
202412147658165,WEY,-1.0,2024-12-14,7.0
202412147658181,WEY,-1.0,2024-12-14,0.0
202412147658203,WEY,-1.0,2024-12-14,-1.0
202412148901229,WEY,1.0,2024-12-14,0.0
202412158918903,WEY,-1.0,2024-12-15,
202412158918917,WEY,-1.0,2024-12-15,-1.0
202412158920617,WEY,1.0,2024-12-15,-6.0
202412158921388,WEY,-1.0,2024-12-15,-1.0
202412158921391,WEY,-1.0,2024-12-15,-2.0
202412158921393,WEY,-2.0,2024-12-15,-3.0
202412158921396,WEY,-1.0,2024-12-15,-3.0
202412158921401,WEY,-1.0,2024-12-15,-4.0
202412158921402,WEY,,2024-12-15,
202412158921404,WEY,-1.0,2024-12-15,-2.0
202412158921417,WEY,-3.0,2024-12-15,-2.0
202412158921418,WEY,-3.0,2024-12-15,-3.0
202412158921421,WEY,1.0,2024-12-15,-2.0
202412158921424,WEY,0.0,2024-12-15,-1419.0
202412167915516,WEY,16.0,2024-12-16,2.0
202412168900111,WEY,2.0,2024-12-16,-2.0
202412168916524,WEY,0.0,2024-12-16,8.0
202412168916540,WEY,0.0,2024-12-16,-3.0
202412168916542,WEY,-1.0,2024-12-16,1.0
202412168916549,WEY,-2.0,2024-12-16,0.0
202412168916556,WEY,,2024-12-16,
202412168916566,WEY,-1.0,2024-12-16,11.0
202412168916576,WEY,-1.0,2024-12-16,3.0
202412168916577,WEY,12.0,2024-12-16,31.0
202412168916584,WEY,-1.0,2024-12-16,9.0
202412168917252,WEY,0.0,2024-12-16,13.0
202412168918945,WEY,4.0,2024-12-16,12.0
202412168918949,WEY,-1.0,2024-12-16,4.0
202412168918960,WEY,0.0,2024-12-16,0.0
202412168918962,WEY,-1.0,2024-12-16,-1.0
202412168918966,WEY,-1.0,2024-12-16,14.0
202412168918983,WEY,-1.0,2024-12-16,4.0
202412168919449,WEY,0.0,2024-12-16,-1.0
202412168919451,WEY,2.0,2024-12-16,-1.0
202412168919457,WEY,0.0,2024-12-16,18.0
202412168919459,WEY,-1.0,2024-12-16,-1.0
202412168919460,WEY,1.0,2024-12-16,16.0
202412168919462,WEY,0.0,2024-12-16,33.0
202412168919465,WEY,-1.0,2024-12-16,0.0
202412168920691,WEY,0.0,2024-12-16,4.0
202412168921789,WEY,28.0,2024-12-16,31.0
202412177915609,WEY,-1.0,2024-12-17,-2.0
202412178916524,WEY,0.0,2024-12-17,-2.0
202412178916540,WEY,0.0,2024-12-17,-4.0
202412178916542,WEY,-1.0,2024-12-17,
202412178916549,WEY,-1.0,2024-12-17,11.0
202412178916556,WEY,0.0,2024-12-17,-1.0
202412178916566,WEY,-1.0,2024-12-17,11.0
202412178916576,WEY,-1.0,2024-12-17,1.0
202412178916577,WEY,-1.0,2024-12-17,18.0
202412178916584,WEY,-2.0,2024-12-17,7.0
202412178917252,WEY,-1.0,2024-12-17,1.0
202412178918945,WEY,-1.0,2024-12-17,-3.0
202412178918949,WEY,-2.0,2024-12-17,1.0
202412178918960,WEY,-1.0,2024-12-17,3.0
202412178918962,WEY,0.0,2024-12-17,-2.0
202412178918966,WEY,-1.0,2024-12-17,5.0
202412178918983,WEY,-1.0,2024-12-17,1.0
202412178919449,WEY,-1.0,2024-12-17,-2.0
202412178919451,WEY,0.0,2024-12-17,2.0
202412178919457,WEY,0.0,2024-12-17,-2.0
202412178919459,WEY,-1.0,2024-12-17,2.0
202412178919460,WEY,1.0,2024-12-17,6.0
202412178919462,WEY,0.0,2024-12-17,9.0
202412178919465,WEY,-1.0,2024-12-17,1.0
202412178920691,WEY,0.0,2024-12-17,0.0
202412178921789,WEY,6.0,2024-12-17,11.0
202412187915610,WEY,-1.0,2024-12-18,-2.0
202412188916524,WEY,0.0,2024-12-18,6.0
202412188916540,WEY,1.0,2024-12-18,3.0
202412188916542,WEY,1.0,2024-12-18,1.0
202412188916549,WEY,-1.0,2024-12-18,5.0
202412188916556,WEY,0.0,2024-12-18,5.0
202412188916566,WEY,-1.0,2024-12-18,
202412188916576,WEY,-1.0,2024-12-18,1.0
202412188916577,WEY,1.0,2024-12-18,8.0
202412188916584,WEY,-1.0,2024-12-18,7.0
202412188917252,WEY,-1.0,2024-12-18,7.0
202412188918945,WEY,0.0,2024-12-18,-2.0
202412188918949,WEY,1.0,2024-12-18,20.0
202412188918960,WEY,0.0,2024-12-18,1.0
202412188918962,WEY,0.0,2024-12-18,-1.0
202412188918966,WEY,-1.0,2024-12-18,-2.0
202412188918983,WEY,-1.0,2024-12-18,0.0
202412188919449,WEY,-1.0,2024-12-18,0.0
202412188919451,WEY,0.0,2024-12-18,3.0
202412188919457,WEY,-1.0,2024-12-18,-4.0
202412188919459,WEY,14.0,2024-12-18,19.0
202412188919460,WEY,0.0,2024-12-18,4.0
202412188919462,WEY,0.0,2024-12-18,1.0
202412188919465,WEY,-1.0,2024-12-18,3.0
202412188920691,WEY,-1.0,2024-12-18,-4.0
202412188921789,WEY,0.0,2024-12-18,-1.0
202412197915730,WEY,-1.0,2024-12-19,-1.0
202412198916524,WEY,-1.0,2024-12-19,16.0
202412198916540,WEY,0.0,2024-12-19,19.0
202412198916542,WEY,-1.0,2024-12-19,6.0
202412198916549,WEY,-1.0,2024-12-19,5.0
202412198916556,WEY,0.0,2024-12-19,7.0
202412198916566,WEY,-1.0,2024-12-19,3.0
202412198916576,WEY,-1.0,2024-12-19,23.0
202412198916577,WEY,-2.0,2024-12-19,26.0
202412198916584,WEY,-1.0,2024-12-19,15.0
202412198917252,WEY,-1.0,2024-12-19,7.0
202412198918945,WEY,0.0,2024-12-19,-4.0
202412198918949,WEY,0.0,2024-12-19,11.0
202412198918960,WEY,1.0,2024-12-19,2.0
202412198918962,WEY,0.0,2024-12-19,44.0
202412198918966,WEY,-1.0,2024-12-19,25.0
202412198918983,WEY,-1.0,2024-12-19,53.0
202412198919449,WEY,0.0,2024-12-19,9.0
202412198919451,WEY,1.0,2024-12-19,20.0
202412198919457,WEY,0.0,2024-12-19,0.0
202412198919459,WEY,5.0,2024-12-19,-3.0
202412198919460,WEY,5.0,2024-12-19,11.0
202412198919462,WEY,0.0,2024-12-19,31.0
202412198919465,WEY,-1.0,2024-12-19,
202412198920691,WEY,-1.0,2024-12-19,1.0
202412198921789,WEY,0.0,2024-12-19,8.0
202412208916524,WEY,-1.0,2024-12-20,-4.0
202412208916540,WEY,0.0,2024-12-20,0.0
202412208916542,WEY,0.0,2024-12-20,6.0
202412208916549,WEY,1.0,2024-12-20,1.0
202412208916556,WEY,0.0,2024-12-20,0.0
202412208916566,WEY,-1.0,2024-12-20,6.0
202412208916576,WEY,-1.0,2024-12-20,1.0
202412208916577,WEY,-1.0,2024-12-20,9.0
202412208916584,WEY,0.0,2024-12-20,8.0
202412208917252,WEY,0.0,2024-12-20,33.0
202412208918945,WEY,0.0,2024-12-20,47.0
202412208918949,WEY,-1.0,2024-12-20,0.0
202412208918960,WEY,0.0,2024-12-20,0.0
202412208918962,WEY,0.0,2024-12-20,0.0
202412208918966,WEY,1.0,2024-12-20,13.0
202412208918983,WEY,-1.0,2024-12-20,3.0
202412208919449,WEY,-1.0,2024-12-20,-1.0
202412208919451,WEY,-1.0,2024-12-20,0.0
202412208919455,WEY,-1.0,2024-12-20,44.0
202412208919457,WEY,-1.0,2024-12-20,
202412208919460,WEY,0.0,2024-12-20,0.0
202412208919462,WEY,0.0,2024-12-20,-4.0
202412208919465,WEY,-1.0,2024-12-20,2.0
202412208919487,WEY,0.0,2024-12-20,8.0
202412208920691,WEY,0.0,2024-12-20,3.0
202412208921790,WEY,0.0,2024-12-20,1.0
202412218917261,WEY,4.0,2024-12-21,4.0
202412218917287,WEY,-1.0,2024-12-21,-4.0
202412218917805,WEY,0.0,2024-12-21,3.0
202412218917813,WEY,0.0,2024-12-21,5.0
202412218917814,WEY,0.0,2024-12-21,1.0
202412218920587,WEY,-1.0,2024-12-21,-1.0
202412218920596,WEY,0.0,2024-12-21,0.0
202412218920603,WEY,-1.0,2024-12-21,1.0
202412218920610,WEY,0.0,2024-12-21,0.0
202412218920627,WEY,0.0,2024-12-21,4.0
202412218921378,WEY,0.0,2024-12-21,-1.0
202412218921382,WEY,0.0,2024-12-21,1.0
202412218921386,WEY,-1.0,2024-12-21,0.0
202412218921387,WEY,-1.0,2024-12-21,0.0
202412218921392,WEY,0.0,2024-12-21,1.0
202412218921394,WEY,0.0,2024-12-21,2.0
202412218921395,WEY,0.0,2024-12-21,14.0
202412218921397,WEY,-1.0,2024-12-21,24.0
202412218921398,WEY,0.0,2024-12-21,7.0
202412218921405,WEY,-1.0,2024-12-21,1.0
202412218921414,WEY,-1.0,2024-12-21,0.0
202412218921419,WEY,-1.0,2024-12-21,0.0
202412218921426,WEY,-1.0,2024-12-21,-1.0
202412218921427,WEY,2.0,2024-12-21,13.0
202412218921428,WEY,-1.0,2024-12-21,0.0
202412218921437,WEY,0.0,2024-12-21,-4.0
202412218921442,WEY,2.0,2024-12-21,3.0
202412218921443,WEY,-1.0,2024-12-21,9.0
202412218921446,WEY,-1.0,2024-12-21,-1.0
202412218921447,WEY,-1.0,2024-12-21,-1.0
202412228918903,WEY,-1.0,2024-12-22,3.0
202412228918917,WEY,-1.0,2024-12-22,-1.0
202412228920617,WEY,-1.0,2024-12-22,1.0
202412228921388,WEY,-1.0,2024-12-22,-2.0
202412228921391,WEY,-1.0,2024-12-22,-2.0
202412228921393,WEY,-1.0,2024-12-22,2.0
202412228921396,WEY,-1.0,2024-12-22,6.0
202412228921401,WEY,-1.0,2024-12-22,-2.0
202412228921402,WEY,-1.0,2024-12-22,0.0
202412228921404,WEY,-1.0,2024-12-22,-1.0
202412228921417,WEY,-1.0,2024-12-22,0.0
202412228921418,WEY,-1.0,2024-12-22,-2.0
202412228921421,WEY,-1.0,2024-12-22,-3.0
202412228921424,WEY,-1.0,2024-12-22,1.0
202412237917071,WEY,0.0,2024-12-23,11.0
202412238107440,WEY,-1.0,2024-12-23,5.0
202412238107443,WEY,-1.0,2024-12-23,-2.0
202412238107445,WEY,-1.0,2024-12-23,2.0
202412238107450,WEY,-1.0,2024-12-23,0.0
202412238107452,WEY,0.0,2024-12-23,10.0
202412238107454,WEY,1.0,2024-12-23,1.0
202412238107456,WEY,-1.0,2024-12-23,2.0
202412238107458,WEY,-1.0,2024-12-23,1.0
202412238107459,WEY,-1.0,2024-12-23,4.0
202412238107460,WEY,-1.0,2024-12-23,9.0
202412238107461,WEY,-1.0,2024-12-23,8.0
202412238107462,WEY,-1.0,2024-12-23,2.0
202412238107463,WEY,-1.0,2024-12-23,-1.0
202412238172424,WEY,-1.0,2024-12-23,1.0
202412248108880,WEY,-1.0,2024-12-24,5.0
202412248108882,WEY,-1.0,2024-12-24,3.0
202412248108885,WEY,-1.0,2024-12-24,1.0
202412248108887,WEY,-1.0,2024-12-24,0.0
202412248108889,WEY,-1.0,2024-12-24,7.0
202412248108891,WEY,-1.0,2024-12-24,-1.0
202412248108893,WEY,0.0,2024-12-24,9.0
202412248108895,WEY,-1.0,2024-12-24,1.0
202412248108896,WEY,1.0,2024-12-24,-1.0
202412248108897,WEY,-1.0,2024-12-24,-1.0
202412248108898,WEY,-1.0,2024-12-24,-1.0
202412248108899,WEY,0.0,2024-12-24,0.0
202412248108900,WEY,-1.0,2024-12-24,-3.0
202412248172424,WEY,-1.0,2024-12-24,-1.0
202412278109561,WEY,0.0,2024-12-27,1.0
202412278109564,WEY,-1.0,2024-12-27,0.0
202412278109566,WEY,-1.0,2024-12-27,23.0
202412278109569,WEY,-1.0,2024-12-27,5.0
202412278109571,WEY,0.0,2024-12-27,0.0
202412278109573,WEY,-1.0,2024-12-27,8.0
202412278109575,WEY,-1.0,2024-12-27,0.0
202412278109577,WEY,0.0,2024-12-27,0.0
202412278109579,WEY,-1.0,2024-12-27,5.0
202412278109581,WEY,0.0,2024-12-27,0.0
202412278109582,WEY,-1.0,2024-12-27,4.0
202412278109583,WEY,-1.0,2024-12-27,5.0
202412278109584,WEY,-1.0,2024-12-27,4.0
202412278109585,WEY,-1.0,2024-12-27,0.0
202412278172424,WEY,-1.0,2024-12-27,-1.0
202412288917261,WEY,-1.0,2024-12-28,-1.0
202412288920587,WEY,-2.0,2024-12-28,4.0
202412288920603,WEY,0.0,2024-12-28,5.0
202412288921386,WEY,-1.0,2024-12-28,-1.0
202412288921394,WEY,-1.0,2024-12-28,1.0
202412288921397,WEY,-1.0,2024-12-28,3.0
202412288921398,WEY,-1.0,2024-12-28,1.0
202412288921405,WEY,-1.0,2024-12-28,2.0
202412288921414,WEY,-1.0,2024-12-28,-1.0
202412288921426,WEY,-1.0,2024-12-28,-1.0
202412288921428,WEY,-1.0,2024-12-28,2.0
202412288921437,WEY,-1.0,2024-12-28,1.0
202412288921442,WEY,-1.0,2024-12-28,22.0
202412288921446,WEY,0.0,2024-12-28,-1.0
202412288921447,WEY,6.0,2024-12-28,0.0
202412298918903,WEY,-1.0,2024-12-29,16.0
202412298918917,WEY,0.0,2024-12-29,-6.0
202412298920617,WEY,0.0,2024-12-29,12.0
202412298921388,WEY,0.0,2024-12-29,13.0
202412298921391,WEY,-1.0,2024-12-29,-2.0
202412298921393,WEY,-1.0,2024-12-29,19.0
202412298921396,WEY,-1.0,2024-12-29,-2.0
202412298921401,WEY,-1.0,2024-12-29,-1.0
202412298921402,WEY,0.0,2024-12-29,-2.0
202412298921404,WEY,0.0,2024-12-29,-2.0
202412298921417,WEY,-1.0,2024-12-29,-1.0
202412298921418,WEY,-1.0,2024-12-29,-2.0
202412308113158,WEY,10.0,2024-12-30,-4.0
202412308113161,WEY,-1.0,2024-12-30,-1.0
202412308113163,WEY,-1.0,2024-12-30,9.0
202412308113165,WEY,-1.0,2024-12-30,-1.0
202412308113168,WEY,-1.0,2024-12-30,7.0
202412308113170,WEY,-1.0,2024-12-30,0.0
202412308113172,WEY,-1.0,2024-12-30,-1.0
202412308113174,WEY,-1.0,2024-12-30,0.0
202412308113176,WEY,-1.0,2024-12-30,-1.0
202412308113178,WEY,-1.0,2024-12-30,1.0
202412308113180,WEY,-1.0,2024-12-30,5.0
202412308113181,WEY,-1.0,2024-12-30,0.0
202412308113182,WEY,0.0,2024-12-30,-1.0
202412308113183,WEY,0.0,2024-12-30,0.0
202412308113184,WEY,0.0,2024-12-30,-1.0
202412318113157,WEY,-1.0,2024-12-31,-1.0
202412318113161,WEY,,2024-12-31,
202412318113163,WEY,-1.0,2024-12-31,-1.0
202412318113165,WEY,-1.0,2024-12-31,-1.0
202412318113167,WEY,-1.0,2024-12-31,1.0
202412318113170,WEY,-1.0,2024-12-31,0.0
202412318113172,WEY,-1.0,2024-12-31,8.0
202412318113174,WEY,-1.0,2024-12-31,0.0
202412318113176,WEY,-1.0,2024-12-31,
202412318113178,WEY,-1.0,2024-12-31,
202412318113180,WEY,-1.0,2024-12-31,4.0
202412318113181,WEY,-1.0,2024-12-31,1.0
202412318113182,WEY,-1.0,2024-12-31,-3.0
202412318113183,WEY,-1.0,2024-12-31,4.0
202412318113184,WEY,-1.0,2024-12-31,0.0
